时间,比赛名称,下注选项,当前价格,池子大小,模拟投入($),预计利润($),链接
2025-12-02, 4:55:56 a.m.,"When will Bitcoin hit $150k?","No",0.9,50825.437678,100,10.00,https://polymarket.com/event/when-will-bitcoin-hit-150k
2025-12-02, 4:55:56 a.m.,"When will Bitcoin hit $150k?","No",0.9,50825.437678,100,10.00,https://polymarket.com/event/when-will-bitcoin-hit-150k
2025-12-02, 4:55:56 a.m.,"When will Bitcoin hit $150k?","No",0.9,50825.437678,100,10.00,https://polymarket.com/event/when-will-bitcoin-hit-150k
2025-12-02, 4:55:56 a.m.,"When will Bitcoin hit $150k?","No",0.9,50825.437678,100,10.00,https://polymarket.com/event/when-will-bitcoin-hit-150k
2025-12-02, 4:55:56 a.m.,"When will Bitcoin hit $150k?","No",0.9,50825.437678,100,10.00,https://polymarket.com/event/when-will-bitcoin-hit-150k
2025-12-02, 5:09:57 a.m.,"When will Bitcoin hit $150k?","No",0.9,50825.437678,100,10.00,https://polymarket.com/event/when-will-bitcoin-hit-150k
2025-12-02, 5:09:57 a.m.,"When will Bitcoin hit $150k?","No",0.9,50825.437678,100,10.00,https://polymarket.com/event/when-will-bitcoin-hit-150k
2025-12-02, 5:09:57 a.m.,"When will Bitcoin hit $150k?","No",0.9,50825.437678,100,10.00,https://polymarket.com/event/when-will-bitcoin-hit-150k
2025-12-02, 5:09:57 a.m.,"When will Bitcoin hit $150k?","No",0.9,50825.437678,100,10.00,https://polymarket.com/event/when-will-bitcoin-hit-150k
2025-12-02, 5:09:57 a.m.,"When will Bitcoin hit $150k?","No",0.9,50825.437678,100,10.00,https://polymarket.com/event/when-will-bitcoin-hit-150k
2025-12-02, 6:00:04 a.m.,"Bitcoin price on December 2?","No",0.979,26610.274096,100,2.10,https://polymarket.com/event/bitcoin-price-on-december-2
2025-12-02, 6:00:04 a.m.,"Bitcoin price on December 2?","No",0.979,26610.274096,100,2.10,https://polymarket.com/event/bitcoin-price-on-december-2
2025-12-02, 6:00:04 a.m.,"Bitcoin price on December 2?","No",0.979,26610.274096,100,2.10,https://polymarket.com/event/bitcoin-price-on-december-2
2025-12-02, 6:00:04 a.m.,"Bitcoin price on December 2?","No",0.979,26610.274096,100,2.10,https://polymarket.com/event/bitcoin-price-on-december-2
2025-12-02, 6:00:04 a.m.,"Bitcoin price on December 2?","No",0.979,26610.274096,100,2.10,https://polymarket.com/event/bitcoin-price-on-december-2
2025-12-02, 6:00:04 a.m.,"Bitcoin price on December 2?","No",0.979,26610.274096,100,2.10,https://polymarket.com/event/bitcoin-price-on-december-2
2025-12-02, 6:00:04 a.m.,"Bitcoin price on December 2?","No",0.979,26610.274096,100,2.10,https://polymarket.com/event/bitcoin-price-on-december-2
2025-12-02, 6:00:11 a.m.,"Bitcoin price on December 2?","No",0.98,67761.863792,100,2.00,https://polymarket.com/event/bitcoin-price-on-december-2
2025-12-02, 6:00:11 a.m.,"Bitcoin price on December 2?","No",0.98,67761.863792,100,2.00,https://polymarket.com/event/bitcoin-price-on-december-2
2025-12-02, 6:00:11 a.m.,"Bitcoin price on December 2?","No",0.98,67761.863792,100,2.00,https://polymarket.com/event/bitcoin-price-on-december-2
2025-12-02, 6:00:11 a.m.,"Bitcoin price on December 2?","No",0.98,67761.863792,100,2.00,https://polymarket.com/event/bitcoin-price-on-december-2
2025-12-02, 6:00:11 a.m.,"Bitcoin price on December 2?","No",0.98,67761.863792,100,2.00,https://polymarket.com/event/bitcoin-price-on-december-2
2025-12-02, 6:00:11 a.m.,"Bitcoin price on December 2?","No",0.98,67761.863792,100,2.00,https://polymarket.com/event/bitcoin-price-on-december-2
2025-12-02, 6:00:11 a.m.,"Bitcoin price on December 2?","No",0.98,67761.863792,100,2.00,https://polymarket.com/event/bitcoin-price-on-december-2
2025-12-02, 6:00:29 a.m.,"Ethereum above ___ on December 2?","Yes",0.974,115275.156094,100,2.60,https://polymarket.com/event/ethereum-above-on-december-2
2025-12-02, 6:00:29 a.m.,"Ethereum above ___ on December 2?","Yes",0.974,115275.156094,100,2.60,https://polymarket.com/event/ethereum-above-on-december-2
2025-12-02, 6:00:29 a.m.,"Ethereum above ___ on December 2?","Yes",0.974,115275.156094,100,2.60,https://polymarket.com/event/ethereum-above-on-december-2
2025-12-02, 6:00:29 a.m.,"Ethereum above ___ on December 2?","Yes",0.974,115275.156094,100,2.60,https://polymarket.com/event/ethereum-above-on-december-2
2025-12-02, 6:00:29 a.m.,"Ethereum above ___ on December 2?","Yes",0.974,115275.156094,100,2.60,https://polymarket.com/event/ethereum-above-on-december-2
2025-12-02, 6:00:29 a.m.,"Ethereum above ___ on December 2?","Yes",0.974,115275.156094,100,2.60,https://polymarket.com/event/ethereum-above-on-december-2
2025-12-02, 6:00:29 a.m.,"Ethereum above ___ on December 2?","Yes",0.974,115275.156094,100,2.60,https://polymarket.com/event/ethereum-above-on-december-2
2025-12-02, 6:00:49 a.m.,"Bitcoin above ___ on December 2?","No",0.97,330299.814666,100,3.00,https://polymarket.com/event/bitcoin-above-on-december-2
2025-12-02, 6:00:49 a.m.,"Bitcoin above ___ on December 2?","No",0.97,330299.814666,100,3.00,https://polymarket.com/event/bitcoin-above-on-december-2
2025-12-02, 6:00:49 a.m.,"Bitcoin above ___ on December 2?","No",0.97,330299.814666,100,3.00,https://polymarket.com/event/bitcoin-above-on-december-2
2025-12-02, 6:00:49 a.m.,"Bitcoin above ___ on December 2?","No",0.97,330299.814666,100,3.00,https://polymarket.com/event/bitcoin-above-on-december-2
2025-12-02, 6:00:49 a.m.,"Bitcoin above ___ on December 2?","No",0.97,330299.814666,100,3.00,https://polymarket.com/event/bitcoin-above-on-december-2
2025-12-02, 6:00:49 a.m.,"Bitcoin above ___ on December 2?","No",0.97,330299.814666,100,3.00,https://polymarket.com/event/bitcoin-above-on-december-2
2025-12-02, 6:00:49 a.m.,"Bitcoin above ___ on December 2?","No",0.97,330299.814666,100,3.00,https://polymarket.com/event/bitcoin-above-on-december-2
2025-12-02, 6:01:35 a.m.,"Bitcoin above ___ on December 2?","No",0.967,330299.814666,100,3.30,https://polymarket.com/event/bitcoin-above-on-december-2
2025-12-02, 6:01:35 a.m.,"Bitcoin above ___ on December 2?","No",0.967,330299.814666,100,3.30,https://polymarket.com/event/bitcoin-above-on-december-2
2025-12-02, 6:01:35 a.m.,"Bitcoin above ___ on December 2?","No",0.967,330299.814666,100,3.30,https://polymarket.com/event/bitcoin-above-on-december-2
2025-12-02, 6:01:35 a.m.,"Bitcoin above ___ on December 2?","No",0.967,330299.814666,100,3.30,https://polymarket.com/event/bitcoin-above-on-december-2
2025-12-02, 6:01:35 a.m.,"Bitcoin above ___ on December 2?","No",0.967,330299.814666,100,3.30,https://polymarket.com/event/bitcoin-above-on-december-2
2025-12-02, 6:01:35 a.m.,"Bitcoin above ___ on December 2?","No",0.967,330299.814666,100,3.30,https://polymarket.com/event/bitcoin-above-on-december-2
2025-12-02, 6:01:35 a.m.,"Bitcoin above ___ on December 2?","No",0.967,330299.814666,100,3.30,https://polymarket.com/event/bitcoin-above-on-december-2
2025-12-02, 6:02:21 a.m.,"Bitcoin above ___ on December 2?","No",0.963,330299.814666,100,3.70,https://polymarket.com/event/bitcoin-above-on-december-2
2025-12-02, 6:02:21 a.m.,"Bitcoin above ___ on December 2?","No",0.963,330299.814666,100,3.70,https://polymarket.com/event/bitcoin-above-on-december-2
2025-12-02, 6:02:21 a.m.,"Bitcoin above ___ on December 2?","No",0.963,330299.814666,100,3.70,https://polymarket.com/event/bitcoin-above-on-december-2
2025-12-02, 6:02:21 a.m.,"Bitcoin above ___ on December 2?","No",0.963,330299.814666,100,3.70,https://polymarket.com/event/bitcoin-above-on-december-2
2025-12-02, 6:02:21 a.m.,"Bitcoin above ___ on December 2?","No",0.963,330299.814666,100,3.70,https://polymarket.com/event/bitcoin-above-on-december-2
2025-12-02, 6:02:21 a.m.,"Bitcoin above ___ on December 2?","No",0.963,330299.814666,100,3.70,https://polymarket.com/event/bitcoin-above-on-december-2
2025-12-02, 6:02:21 a.m.,"Bitcoin above ___ on December 2?","No",0.963,330299.814666,100,3.70,https://polymarket.com/event/bitcoin-above-on-december-2
2025-12-02, 6:02:36 a.m.,"Ethereum price on December 2?","No",0.98,42628.233615,100,2.00,https://polymarket.com/event/ethereum-price-on-december-2
2025-12-02, 6:02:36 a.m.,"Ethereum price on December 2?","No",0.98,42628.233615,100,2.00,https://polymarket.com/event/ethereum-price-on-december-2
2025-12-02, 6:02:36 a.m.,"Ethereum price on December 2?","No",0.98,42628.233615,100,2.00,https://polymarket.com/event/ethereum-price-on-december-2
2025-12-02, 6:02:36 a.m.,"Ethereum price on December 2?","No",0.98,42628.233615,100,2.00,https://polymarket.com/event/ethereum-price-on-december-2
2025-12-02, 6:02:36 a.m.,"Ethereum price on December 2?","No",0.98,42628.233615,100,2.00,https://polymarket.com/event/ethereum-price-on-december-2
2025-12-02, 6:02:36 a.m.,"Ethereum price on December 2?","No",0.98,42628.233615,100,2.00,https://polymarket.com/event/ethereum-price-on-december-2
2025-12-02, 6:02:36 a.m.,"Ethereum price on December 2?","No",0.98,42628.233615,100,2.00,https://polymarket.com/event/ethereum-price-on-december-2
2025-12-02, 6:02:59 a.m.,"Bitcoin price on December 2?","No",0.976,67761.863792,100,2.40,https://polymarket.com/event/bitcoin-price-on-december-2
2025-12-02, 6:02:59 a.m.,"Bitcoin price on December 2?","No",0.976,67761.863792,100,2.40,https://polymarket.com/event/bitcoin-price-on-december-2
2025-12-02, 6:02:59 a.m.,"Bitcoin price on December 2?","No",0.976,67761.863792,100,2.40,https://polymarket.com/event/bitcoin-price-on-december-2
2025-12-02, 6:02:59 a.m.,"Bitcoin price on December 2?","No",0.976,67761.863792,100,2.40,https://polymarket.com/event/bitcoin-price-on-december-2
2025-12-02, 6:02:59 a.m.,"Bitcoin price on December 2?","No",0.976,67761.863792,100,2.40,https://polymarket.com/event/bitcoin-price-on-december-2
2025-12-02, 6:02:59 a.m.,"Bitcoin price on December 2?","No",0.976,67761.863792,100,2.40,https://polymarket.com/event/bitcoin-price-on-december-2
2025-12-02, 6:02:59 a.m.,"Bitcoin price on December 2?","No",0.976,67761.863792,100,2.40,https://polymarket.com/event/bitcoin-price-on-december-2
2025-12-02, 6:03:33 a.m.,"Bitcoin price on December 2?","No",0.978,67761.863792,100,2.20,https://polymarket.com/event/bitcoin-price-on-december-2
2025-12-02, 6:03:33 a.m.,"Bitcoin price on December 2?","No",0.978,67761.863792,100,2.20,https://polymarket.com/event/bitcoin-price-on-december-2
2025-12-02, 6:03:33 a.m.,"Bitcoin price on December 2?","No",0.978,67761.863792,100,2.20,https://polymarket.com/event/bitcoin-price-on-december-2
2025-12-02, 6:03:33 a.m.,"Bitcoin price on December 2?","No",0.978,67761.863792,100,2.20,https://polymarket.com/event/bitcoin-price-on-december-2
2025-12-02, 6:03:33 a.m.,"Bitcoin price on December 2?","No",0.978,67761.863792,100,2.20,https://polymarket.com/event/bitcoin-price-on-december-2
2025-12-02, 6:03:33 a.m.,"Bitcoin price on December 2?","No",0.978,67761.863792,100,2.20,https://polymarket.com/event/bitcoin-price-on-december-2
2025-12-02, 6:03:33 a.m.,"Bitcoin price on December 2?","No",0.978,67761.863792,100,2.20,https://polymarket.com/event/bitcoin-price-on-december-2
2025-12-02, 6:03:45 a.m.,"Ethereum price on December 2?","No",0.98,42628.233615,100,2.00,https://polymarket.com/event/ethereum-price-on-december-2
2025-12-02, 6:03:45 a.m.,"Ethereum price on December 2?","No",0.98,42628.233615,100,2.00,https://polymarket.com/event/ethereum-price-on-december-2
2025-12-02, 6:03:45 a.m.,"Ethereum price on December 2?","No",0.98,42628.233615,100,2.00,https://polymarket.com/event/ethereum-price-on-december-2
2025-12-02, 6:03:45 a.m.,"Ethereum price on December 2?","No",0.98,42628.233615,100,2.00,https://polymarket.com/event/ethereum-price-on-december-2
2025-12-02, 6:03:45 a.m.,"Ethereum price on December 2?","No",0.98,42628.233615,100,2.00,https://polymarket.com/event/ethereum-price-on-december-2
2025-12-02, 6:03:45 a.m.,"Ethereum price on December 2?","No",0.98,42628.233615,100,2.00,https://polymarket.com/event/ethereum-price-on-december-2
2025-12-02, 6:03:45 a.m.,"Ethereum price on December 2?","No",0.98,42628.233615,100,2.00,https://polymarket.com/event/ethereum-price-on-december-2
2025-12-02, 6:03:45 a.m.,"Ethereum price on December 2?","No",0.978,42628.233615,100,2.20,https://polymarket.com/event/ethereum-price-on-december-2
2025-12-02, 6:03:45 a.m.,"Ethereum price on December 2?","No",0.978,42628.233615,100,2.20,https://polymarket.com/event/ethereum-price-on-december-2
2025-12-02, 6:03:45 a.m.,"Ethereum price on December 2?","No",0.978,42628.233615,100,2.20,https://polymarket.com/event/ethereum-price-on-december-2
2025-12-02, 6:03:45 a.m.,"Ethereum price on December 2?","No",0.978,42628.233615,100,2.20,https://polymarket.com/event/ethereum-price-on-december-2
2025-12-02, 6:03:45 a.m.,"Ethereum price on December 2?","No",0.978,42628.233615,100,2.20,https://polymarket.com/event/ethereum-price-on-december-2
2025-12-02, 6:03:45 a.m.,"Ethereum price on December 2?","No",0.978,42628.233615,100,2.20,https://polymarket.com/event/ethereum-price-on-december-2
2025-12-02, 6:03:45 a.m.,"Ethereum price on December 2?","No",0.978,42628.233615,100,2.20,https://polymarket.com/event/ethereum-price-on-december-2
2025-12-02, 6:04:14 a.m.,"Bitcoin price on December 2?","No",0.978,67761.863792,100,2.20,https://polymarket.com/event/bitcoin-price-on-december-2
2025-12-02, 6:04:14 a.m.,"Bitcoin price on December 2?","No",0.978,67761.863792,100,2.20,https://polymarket.com/event/bitcoin-price-on-december-2
2025-12-02, 6:04:14 a.m.,"Bitcoin price on December 2?","No",0.978,67761.863792,100,2.20,https://polymarket.com/event/bitcoin-price-on-december-2
2025-12-02, 6:04:14 a.m.,"Bitcoin price on December 2?","No",0.978,67761.863792,100,2.20,https://polymarket.com/event/bitcoin-price-on-december-2
2025-12-02, 6:04:14 a.m.,"Bitcoin price on December 2?","No",0.978,67761.863792,100,2.20,https://polymarket.com/event/bitcoin-price-on-december-2
2025-12-02, 6:04:14 a.m.,"Bitcoin price on December 2?","No",0.978,67761.863792,100,2.20,https://polymarket.com/event/bitcoin-price-on-december-2
2025-12-02, 6:04:14 a.m.,"Bitcoin price on December 2?","No",0.978,67761.863792,100,2.20,https://polymarket.com/event/bitcoin-price-on-december-2
2025-12-02, 6:06:22 a.m.,"Bitcoin above ___ on December 2?","No",0.97,330299.814666,100,3.00,https://polymarket.com/event/bitcoin-above-on-december-2
2025-12-02, 6:06:22 a.m.,"Bitcoin above ___ on December 2?","No",0.97,330299.814666,100,3.00,https://polymarket.com/event/bitcoin-above-on-december-2
2025-12-02, 6:06:22 a.m.,"Bitcoin above ___ on December 2?","No",0.97,330299.814666,100,3.00,https://polymarket.com/event/bitcoin-above-on-december-2
2025-12-02, 6:06:22 a.m.,"Bitcoin above ___ on December 2?","No",0.97,330299.814666,100,3.00,https://polymarket.com/event/bitcoin-above-on-december-2
2025-12-02, 6:06:22 a.m.,"Bitcoin above ___ on December 2?","No",0.97,330299.814666,100,3.00,https://polymarket.com/event/bitcoin-above-on-december-2
2025-12-02, 6:06:22 a.m.,"Bitcoin above ___ on December 2?","No",0.97,330299.814666,100,3.00,https://polymarket.com/event/bitcoin-above-on-december-2
2025-12-02, 6:06:22 a.m.,"Bitcoin above ___ on December 2?","No",0.97,330299.814666,100,3.00,https://polymarket.com/event/bitcoin-above-on-december-2
2025-12-02, 6:07:59 a.m.,"Ethereum above ___ on December 2?","Yes",0.974,115275.156094,100,2.60,https://polymarket.com/event/ethereum-above-on-december-2
2025-12-02, 6:07:59 a.m.,"Ethereum above ___ on December 2?","Yes",0.974,115275.156094,100,2.60,https://polymarket.com/event/ethereum-above-on-december-2
2025-12-02, 6:07:59 a.m.,"Ethereum above ___ on December 2?","Yes",0.974,115275.156094,100,2.60,https://polymarket.com/event/ethereum-above-on-december-2
2025-12-02, 6:07:59 a.m.,"Ethereum above ___ on December 2?","Yes",0.974,115275.156094,100,2.60,https://polymarket.com/event/ethereum-above-on-december-2
2025-12-02, 6:07:59 a.m.,"Ethereum above ___ on December 2?","Yes",0.974,115275.156094,100,2.60,https://polymarket.com/event/ethereum-above-on-december-2
2025-12-02, 6:08:00 a.m.,"Ethereum above ___ on December 2?","Yes",0.974,115275.156094,100,2.60,https://polymarket.com/event/ethereum-above-on-december-2
2025-12-02, 6:08:00 a.m.,"Ethereum above ___ on December 2?","Yes",0.974,115275.156094,100,2.60,https://polymarket.com/event/ethereum-above-on-december-2
2025-12-02, 6:08:13 a.m.,"Ethereum above ___ on December 2?","Yes",0.973,115275.156094,100,2.70,https://polymarket.com/event/ethereum-above-on-december-2
2025-12-02, 6:08:13 a.m.,"Ethereum above ___ on December 2?","Yes",0.973,115275.156094,100,2.70,https://polymarket.com/event/ethereum-above-on-december-2
2025-12-02, 6:08:13 a.m.,"Ethereum above ___ on December 2?","Yes",0.973,115275.156094,100,2.70,https://polymarket.com/event/ethereum-above-on-december-2
2025-12-02, 6:08:13 a.m.,"Ethereum above ___ on December 2?","Yes",0.973,115275.156094,100,2.70,https://polymarket.com/event/ethereum-above-on-december-2
2025-12-02, 6:08:13 a.m.,"Ethereum above ___ on December 2?","Yes",0.973,115275.156094,100,2.70,https://polymarket.com/event/ethereum-above-on-december-2
2025-12-02, 6:08:13 a.m.,"Ethereum above ___ on December 2?","Yes",0.973,115275.156094,100,2.70,https://polymarket.com/event/ethereum-above-on-december-2
2025-12-02, 6:08:13 a.m.,"Ethereum above ___ on December 2?","Yes",0.973,115275.156094,100,2.70,https://polymarket.com/event/ethereum-above-on-december-2
2025-12-02, 6:08:16 a.m.,"Bitcoin above ___ on December 2?","No",0.965,330299.814666,100,3.50,https://polymarket.com/event/bitcoin-above-on-december-2
2025-12-02, 6:08:16 a.m.,"Bitcoin above ___ on December 2?","No",0.965,330299.814666,100,3.50,https://polymarket.com/event/bitcoin-above-on-december-2
2025-12-02, 6:08:16 a.m.,"Bitcoin above ___ on December 2?","No",0.965,330299.814666,100,3.50,https://polymarket.com/event/bitcoin-above-on-december-2
2025-12-02, 6:08:16 a.m.,"Bitcoin above ___ on December 2?","No",0.965,330299.814666,100,3.50,https://polymarket.com/event/bitcoin-above-on-december-2
2025-12-02, 6:08:16 a.m.,"Bitcoin above ___ on December 2?","No",0.965,330299.814666,100,3.50,https://polymarket.com/event/bitcoin-above-on-december-2
2025-12-02, 6:08:16 a.m.,"Bitcoin above ___ on December 2?","No",0.965,330299.814666,100,3.50,https://polymarket.com/event/bitcoin-above-on-december-2
2025-12-02, 6:08:16 a.m.,"Bitcoin above ___ on December 2?","No",0.965,330299.814666,100,3.50,https://polymarket.com/event/bitcoin-above-on-december-2
2025-12-02, 6:09:07 a.m.,"Bitcoin above ___ on December 2?","No",0.967,330299.814666,100,3.30,https://polymarket.com/event/bitcoin-above-on-december-2
2025-12-02, 6:09:07 a.m.,"Bitcoin above ___ on December 2?","No",0.967,330299.814666,100,3.30,https://polymarket.com/event/bitcoin-above-on-december-2
2025-12-02, 6:09:07 a.m.,"Bitcoin above ___ on December 2?","No",0.967,330299.814666,100,3.30,https://polymarket.com/event/bitcoin-above-on-december-2
2025-12-02, 6:09:07 a.m.,"Bitcoin above ___ on December 2?","No",0.967,330299.814666,100,3.30,https://polymarket.com/event/bitcoin-above-on-december-2
2025-12-02, 6:09:07 a.m.,"Bitcoin above ___ on December 2?","No",0.967,330299.814666,100,3.30,https://polymarket.com/event/bitcoin-above-on-december-2
2025-12-02, 6:09:07 a.m.,"Bitcoin above ___ on December 2?","No",0.967,330299.814666,100,3.30,https://polymarket.com/event/bitcoin-above-on-december-2
2025-12-02, 6:09:07 a.m.,"Bitcoin above ___ on December 2?","No",0.967,330299.814666,100,3.30,https://polymarket.com/event/bitcoin-above-on-december-2
2025-12-02, 6:10:04 a.m.,"Bitcoin price on December 2?","No",0.98,26610.274096,100,2.00,https://polymarket.com/event/bitcoin-price-on-december-2
2025-12-02, 6:10:04 a.m.,"Bitcoin price on December 2?","No",0.98,26610.274096,100,2.00,https://polymarket.com/event/bitcoin-price-on-december-2
2025-12-02, 6:10:04 a.m.,"Bitcoin price on December 2?","No",0.98,26610.274096,100,2.00,https://polymarket.com/event/bitcoin-price-on-december-2
2025-12-02, 6:10:04 a.m.,"Bitcoin price on December 2?","No",0.98,26610.274096,100,2.00,https://polymarket.com/event/bitcoin-price-on-december-2
2025-12-02, 6:10:04 a.m.,"Bitcoin price on December 2?","No",0.98,26610.274096,100,2.00,https://polymarket.com/event/bitcoin-price-on-december-2
2025-12-02, 6:10:04 a.m.,"Bitcoin price on December 2?","No",0.98,26610.274096,100,2.00,https://polymarket.com/event/bitcoin-price-on-december-2
2025-12-02, 6:10:04 a.m.,"Bitcoin price on December 2?","No",0.98,26610.274096,100,2.00,https://polymarket.com/event/bitcoin-price-on-december-2
2025-12-02, 6:11:57 a.m.,"Bitcoin above ___ on December 2?","No",0.968,334519.641816,100,3.20,https://polymarket.com/event/bitcoin-above-on-december-2
2025-12-02, 6:11:57 a.m.,"Bitcoin above ___ on December 2?","No",0.968,334519.641816,100,3.20,https://polymarket.com/event/bitcoin-above-on-december-2
2025-12-02, 6:11:57 a.m.,"Bitcoin above ___ on December 2?","No",0.968,334519.641816,100,3.20,https://polymarket.com/event/bitcoin-above-on-december-2
2025-12-02, 6:11:57 a.m.,"Bitcoin above ___ on December 2?","No",0.968,334519.641816,100,3.20,https://polymarket.com/event/bitcoin-above-on-december-2
2025-12-02, 6:11:57 a.m.,"Bitcoin above ___ on December 2?","No",0.968,334519.641816,100,3.20,https://polymarket.com/event/bitcoin-above-on-december-2
2025-12-02, 6:11:57 a.m.,"Bitcoin above ___ on December 2?","No",0.968,334519.641816,100,3.20,https://polymarket.com/event/bitcoin-above-on-december-2
2025-12-02, 6:11:57 a.m.,"Bitcoin above ___ on December 2?","No",0.968,334519.641816,100,3.20,https://polymarket.com/event/bitcoin-above-on-december-2
2025-12-02, 6:11:57 a.m.,"Bitcoin above ___ on December 2?","No",0.968,334519.641816,100,3.20,https://polymarket.com/event/bitcoin-above-on-december-2
2025-12-02, 6:12:43 a.m.,"Ethereum above ___ on December 2?","Yes",0.971,115502.819421,100,2.90,https://polymarket.com/event/ethereum-above-on-december-2
2025-12-02, 6:12:43 a.m.,"Ethereum above ___ on December 2?","Yes",0.971,115502.819421,100,2.90,https://polymarket.com/event/ethereum-above-on-december-2
2025-12-02, 6:12:43 a.m.,"Ethereum above ___ on December 2?","Yes",0.971,115502.819421,100,2.90,https://polymarket.com/event/ethereum-above-on-december-2
2025-12-02, 6:12:43 a.m.,"Ethereum above ___ on December 2?","Yes",0.971,115502.819421,100,2.90,https://polymarket.com/event/ethereum-above-on-december-2
2025-12-02, 6:12:43 a.m.,"Ethereum above ___ on December 2?","Yes",0.971,115502.819421,100,2.90,https://polymarket.com/event/ethereum-above-on-december-2
2025-12-02, 6:12:43 a.m.,"Ethereum above ___ on December 2?","Yes",0.971,115502.819421,100,2.90,https://polymarket.com/event/ethereum-above-on-december-2
2025-12-02, 6:12:43 a.m.,"Ethereum above ___ on December 2?","Yes",0.971,115502.819421,100,2.90,https://polymarket.com/event/ethereum-above-on-december-2
2025-12-02, 6:12:43 a.m.,"Ethereum above ___ on December 2?","Yes",0.971,115502.819421,100,2.90,https://polymarket.com/event/ethereum-above-on-december-2
2025-12-02, 6:13:03 a.m.,"Bitcoin above ___ on December 2?","No",0.968,334519.641816,100,3.20,https://polymarket.com/event/bitcoin-above-on-december-2
2025-12-02, 6:13:03 a.m.,"Bitcoin above ___ on December 2?","No",0.968,334519.641816,100,3.20,https://polymarket.com/event/bitcoin-above-on-december-2
2025-12-02, 6:13:03 a.m.,"Bitcoin above ___ on December 2?","No",0.968,334519.641816,100,3.20,https://polymarket.com/event/bitcoin-above-on-december-2
2025-12-02, 6:13:03 a.m.,"Bitcoin above ___ on December 2?","No",0.968,334519.641816,100,3.20,https://polymarket.com/event/bitcoin-above-on-december-2
2025-12-02, 6:13:03 a.m.,"Bitcoin above ___ on December 2?","No",0.968,334519.641816,100,3.20,https://polymarket.com/event/bitcoin-above-on-december-2
2025-12-02, 6:13:03 a.m.,"Bitcoin above ___ on December 2?","No",0.968,334519.641816,100,3.20,https://polymarket.com/event/bitcoin-above-on-december-2
2025-12-02, 6:13:03 a.m.,"Bitcoin above ___ on December 2?","No",0.968,334519.641816,100,3.20,https://polymarket.com/event/bitcoin-above-on-december-2
2025-12-02, 6:13:03 a.m.,"Bitcoin above ___ on December 2?","No",0.968,334519.641816,100,3.20,https://polymarket.com/event/bitcoin-above-on-december-2
2025-12-02, 6:15:23 a.m.,"Bitcoin above ___ on December 2?","No",0.97,334519.641816,100,3.00,https://polymarket.com/event/bitcoin-above-on-december-2
2025-12-02, 6:15:23 a.m.,"Bitcoin above ___ on December 2?","No",0.97,334519.641816,100,3.00,https://polymarket.com/event/bitcoin-above-on-december-2
2025-12-02, 6:15:23 a.m.,"Bitcoin above ___ on December 2?","No",0.97,334519.641816,100,3.00,https://polymarket.com/event/bitcoin-above-on-december-2
2025-12-02, 6:15:23 a.m.,"Bitcoin above ___ on December 2?","No",0.97,334519.641816,100,3.00,https://polymarket.com/event/bitcoin-above-on-december-2
2025-12-02, 6:15:23 a.m.,"Bitcoin above ___ on December 2?","No",0.97,334519.641816,100,3.00,https://polymarket.com/event/bitcoin-above-on-december-2
2025-12-02, 6:15:23 a.m.,"Bitcoin above ___ on December 2?","No",0.97,334519.641816,100,3.00,https://polymarket.com/event/bitcoin-above-on-december-2
2025-12-02, 6:15:23 a.m.,"Bitcoin above ___ on December 2?","No",0.97,334519.641816,100,3.00,https://polymarket.com/event/bitcoin-above-on-december-2
2025-12-02, 6:15:23 a.m.,"Bitcoin above ___ on December 2?","No",0.97,334519.641816,100,3.00,https://polymarket.com/event/bitcoin-above-on-december-2
2025-12-02, 6:28:25 a.m.,"Bitcoin above ___ on December 2?","No",0.974,334519.641816,100,2.60,https://polymarket.com/event/bitcoin-above-on-december-2
2025-12-02, 6:28:25 a.m.,"Bitcoin above ___ on December 2?","No",0.974,334519.641816,100,2.60,https://polymarket.com/event/bitcoin-above-on-december-2
2025-12-02, 6:28:25 a.m.,"Bitcoin above ___ on December 2?","No",0.974,334519.641816,100,2.60,https://polymarket.com/event/bitcoin-above-on-december-2
2025-12-02, 6:28:25 a.m.,"Bitcoin above ___ on December 2?","No",0.974,334519.641816,100,2.60,https://polymarket.com/event/bitcoin-above-on-december-2
2025-12-02, 6:28:25 a.m.,"Bitcoin above ___ on December 2?","No",0.974,334519.641816,100,2.60,https://polymarket.com/event/bitcoin-above-on-december-2
2025-12-02, 6:28:25 a.m.,"Bitcoin above ___ on December 2?","No",0.974,334519.641816,100,2.60,https://polymarket.com/event/bitcoin-above-on-december-2
2025-12-02, 6:28:25 a.m.,"Bitcoin above ___ on December 2?","No",0.974,334519.641816,100,2.60,https://polymarket.com/event/bitcoin-above-on-december-2
2025-12-02, 6:28:25 a.m.,"Bitcoin above ___ on December 2?","No",0.974,334519.641816,100,2.60,https://polymarket.com/event/bitcoin-above-on-december-2
2025-12-02, 6:31:52 a.m.,"Bitcoin above ___ on December 2?","No",0.975,334519.641816,100,2.50,https://polymarket.com/event/bitcoin-above-on-december-2
2025-12-02, 6:31:52 a.m.,"Bitcoin above ___ on December 2?","No",0.975,334519.641816,100,2.50,https://polymarket.com/event/bitcoin-above-on-december-2
2025-12-02, 6:31:52 a.m.,"Bitcoin above ___ on December 2?","No",0.975,334519.641816,100,2.50,https://polymarket.com/event/bitcoin-above-on-december-2
2025-12-02, 6:31:52 a.m.,"Bitcoin above ___ on December 2?","No",0.975,334519.641816,100,2.50,https://polymarket.com/event/bitcoin-above-on-december-2
2025-12-02, 6:31:52 a.m.,"Bitcoin above ___ on December 2?","No",0.975,334519.641816,100,2.50,https://polymarket.com/event/bitcoin-above-on-december-2
2025-12-02, 6:31:52 a.m.,"Bitcoin above ___ on December 2?","No",0.975,334519.641816,100,2.50,https://polymarket.com/event/bitcoin-above-on-december-2
2025-12-02, 6:31:52 a.m.,"Bitcoin above ___ on December 2?","No",0.975,334519.641816,100,2.50,https://polymarket.com/event/bitcoin-above-on-december-2
2025-12-02, 6:31:52 a.m.,"Bitcoin above ___ on December 2?","No",0.975,334519.641816,100,2.50,https://polymarket.com/event/bitcoin-above-on-december-2
2025-12-02, 6:33:18 a.m.,"Bitcoin above ___ on December 2?","No",0.976,334519.641816,100,2.40,https://polymarket.com/event/bitcoin-above-on-december-2
2025-12-02, 6:33:18 a.m.,"Bitcoin above ___ on December 2?","No",0.976,334519.641816,100,2.40,https://polymarket.com/event/bitcoin-above-on-december-2
2025-12-02, 6:33:18 a.m.,"Bitcoin above ___ on December 2?","No",0.976,334519.641816,100,2.40,https://polymarket.com/event/bitcoin-above-on-december-2
2025-12-02, 6:33:18 a.m.,"Bitcoin above ___ on December 2?","No",0.976,334519.641816,100,2.40,https://polymarket.com/event/bitcoin-above-on-december-2
2025-12-02, 6:33:18 a.m.,"Bitcoin above ___ on December 2?","No",0.976,334519.641816,100,2.40,https://polymarket.com/event/bitcoin-above-on-december-2
2025-12-02, 6:33:18 a.m.,"Bitcoin above ___ on December 2?","No",0.976,334519.641816,100,2.40,https://polymarket.com/event/bitcoin-above-on-december-2
2025-12-02, 6:33:18 a.m.,"Bitcoin above ___ on December 2?","No",0.976,334519.641816,100,2.40,https://polymarket.com/event/bitcoin-above-on-december-2
2025-12-02, 6:33:18 a.m.,"Bitcoin above ___ on December 2?","No",0.976,334519.641816,100,2.40,https://polymarket.com/event/bitcoin-above-on-december-2
2025-12-02, 6:33:36 a.m.,"Ethereum above ___ on December 2?","Yes",0.971,115502.819421,100,2.90,https://polymarket.com/event/ethereum-above-on-december-2
2025-12-02, 6:33:36 a.m.,"Ethereum above ___ on December 2?","Yes",0.971,115502.819421,100,2.90,https://polymarket.com/event/ethereum-above-on-december-2
2025-12-02, 6:33:36 a.m.,"Ethereum above ___ on December 2?","Yes",0.971,115502.819421,100,2.90,https://polymarket.com/event/ethereum-above-on-december-2
2025-12-02, 6:33:36 a.m.,"Ethereum above ___ on December 2?","Yes",0.971,115502.819421,100,2.90,https://polymarket.com/event/ethereum-above-on-december-2
2025-12-02, 6:33:36 a.m.,"Ethereum above ___ on December 2?","Yes",0.971,115502.819421,100,2.90,https://polymarket.com/event/ethereum-above-on-december-2
2025-12-02, 6:33:36 a.m.,"Ethereum above ___ on December 2?","Yes",0.971,115502.819421,100,2.90,https://polymarket.com/event/ethereum-above-on-december-2
2025-12-02, 6:33:36 a.m.,"Ethereum above ___ on December 2?","Yes",0.971,115502.819421,100,2.90,https://polymarket.com/event/ethereum-above-on-december-2
2025-12-02, 6:33:36 a.m.,"Ethereum above ___ on December 2?","Yes",0.971,115502.819421,100,2.90,https://polymarket.com/event/ethereum-above-on-december-2
2025-12-02, 6:35:50 a.m.,"Bitcoin above ___ on December 2?","No",0.974,334519.641816,100,2.60,https://polymarket.com/event/bitcoin-above-on-december-2
2025-12-02, 6:35:50 a.m.,"Bitcoin above ___ on December 2?","No",0.974,334519.641816,100,2.60,https://polymarket.com/event/bitcoin-above-on-december-2
2025-12-02, 6:35:50 a.m.,"Bitcoin above ___ on December 2?","No",0.974,334519.641816,100,2.60,https://polymarket.com/event/bitcoin-above-on-december-2
2025-12-02, 6:35:50 a.m.,"Bitcoin above ___ on December 2?","No",0.974,334519.641816,100,2.60,https://polymarket.com/event/bitcoin-above-on-december-2
2025-12-02, 6:35:50 a.m.,"Bitcoin above ___ on December 2?","No",0.974,334519.641816,100,2.60,https://polymarket.com/event/bitcoin-above-on-december-2
2025-12-02, 6:35:50 a.m.,"Bitcoin above ___ on December 2?","No",0.974,334519.641816,100,2.60,https://polymarket.com/event/bitcoin-above-on-december-2
2025-12-02, 6:35:50 a.m.,"Bitcoin above ___ on December 2?","No",0.974,334519.641816,100,2.60,https://polymarket.com/event/bitcoin-above-on-december-2
2025-12-02, 6:35:50 a.m.,"Bitcoin above ___ on December 2?","No",0.974,334519.641816,100,2.60,https://polymarket.com/event/bitcoin-above-on-december-2
2025-12-02, 6:35:50 a.m.,"Bitcoin above ___ on December 2?","No",0.974,334519.641816,100,2.60,https://polymarket.com/event/bitcoin-above-on-december-2
2025-12-02, 6:35:50 a.m.,"Bitcoin above ___ on December 2?","No",0.974,334519.641816,100,2.60,https://polymarket.com/event/bitcoin-above-on-december-2
2025-12-02, 6:35:50 a.m.,"Bitcoin above ___ on December 2?","No",0.974,334519.641816,100,2.60,https://polymarket.com/event/bitcoin-above-on-december-2
2025-12-02, 6:35:51 a.m.,"Bitcoin above ___ on December 2?","No",0.974,334519.641816,100,2.60,https://polymarket.com/event/bitcoin-above-on-december-2
2025-12-02, 6:35:51 a.m.,"Bitcoin above ___ on December 2?","No",0.974,334519.641816,100,2.60,https://polymarket.com/event/bitcoin-above-on-december-2
2025-12-02, 6:35:51 a.m.,"Bitcoin above ___ on December 2?","No",0.974,334519.641816,100,2.60,https://polymarket.com/event/bitcoin-above-on-december-2
2025-12-02, 6:35:51 a.m.,"Bitcoin above ___ on December 2?","No",0.974,334519.641816,100,2.60,https://polymarket.com/event/bitcoin-above-on-december-2
2025-12-02, 6:35:51 a.m.,"Bitcoin above ___ on December 2?","No",0.974,334519.641816,100,2.60,https://polymarket.com/event/bitcoin-above-on-december-2
2025-12-02, 6:42:06 a.m.,"Ethereum above ___ on December 2?","Yes",0.972,115514.147903,100,2.80,https://polymarket.com/event/ethereum-above-on-december-2
2025-12-02, 6:42:06 a.m.,"Ethereum above ___ on December 2?","Yes",0.972,115514.147903,100,2.80,https://polymarket.com/event/ethereum-above-on-december-2
2025-12-02, 6:42:06 a.m.,"Ethereum above ___ on December 2?","Yes",0.972,115514.147903,100,2.80,https://polymarket.com/event/ethereum-above-on-december-2
2025-12-02, 6:42:06 a.m.,"Ethereum above ___ on December 2?","Yes",0.972,115514.147903,100,2.80,https://polymarket.com/event/ethereum-above-on-december-2
2025-12-02, 6:42:06 a.m.,"Ethereum above ___ on December 2?","Yes",0.972,115514.147903,100,2.80,https://polymarket.com/event/ethereum-above-on-december-2
2025-12-02, 6:42:06 a.m.,"Ethereum above ___ on December 2?","Yes",0.972,115514.147903,100,2.80,https://polymarket.com/event/ethereum-above-on-december-2
2025-12-02, 6:42:06 a.m.,"Ethereum above ___ on December 2?","Yes",0.972,115514.147903,100,2.80,https://polymarket.com/event/ethereum-above-on-december-2
2025-12-02, 6:42:06 a.m.,"Ethereum above ___ on December 2?","Yes",0.972,115514.147903,100,2.80,https://polymarket.com/event/ethereum-above-on-december-2
2025-12-02, 6:42:06 a.m.,"Ethereum above ___ on December 2?","Yes",0.972,115514.147903,100,2.80,https://polymarket.com/event/ethereum-above-on-december-2
2025-12-02, 6:48:20 a.m.,"Ethereum above ___ on December 2?","Yes",0.966,115514.147903,100,3.40,https://polymarket.com/event/ethereum-above-on-december-2
2025-12-02, 6:48:20 a.m.,"Ethereum above ___ on December 2?","Yes",0.966,115514.147903,100,3.40,https://polymarket.com/event/ethereum-above-on-december-2
2025-12-02, 6:48:20 a.m.,"Ethereum above ___ on December 2?","Yes",0.966,115514.147903,100,3.40,https://polymarket.com/event/ethereum-above-on-december-2
2025-12-02, 6:48:20 a.m.,"Ethereum above ___ on December 2?","Yes",0.966,115514.147903,100,3.40,https://polymarket.com/event/ethereum-above-on-december-2
2025-12-02, 6:48:20 a.m.,"Ethereum above ___ on December 2?","Yes",0.966,115514.147903,100,3.40,https://polymarket.com/event/ethereum-above-on-december-2
2025-12-02, 6:48:20 a.m.,"Ethereum above ___ on December 2?","Yes",0.966,115514.147903,100,3.40,https://polymarket.com/event/ethereum-above-on-december-2
2025-12-02, 6:48:20 a.m.,"Ethereum above ___ on December 2?","Yes",0.966,115514.147903,100,3.40,https://polymarket.com/event/ethereum-above-on-december-2
2025-12-02, 6:48:20 a.m.,"Ethereum above ___ on December 2?","Yes",0.966,115514.147903,100,3.40,https://polymarket.com/event/ethereum-above-on-december-2
2025-12-02, 6:48:20 a.m.,"Ethereum above ___ on December 2?","Yes",0.966,115514.147903,100,3.40,https://polymarket.com/event/ethereum-above-on-december-2
2025-12-02, 6:52:58 a.m.,"Ethereum above ___ on December 2?","Yes",0.972,115514.147903,100,2.80,https://polymarket.com/event/ethereum-above-on-december-2
2025-12-02, 6:52:58 a.m.,"Ethereum above ___ on December 2?","Yes",0.972,115514.147903,100,2.80,https://polymarket.com/event/ethereum-above-on-december-2
2025-12-02, 6:52:58 a.m.,"Ethereum above ___ on December 2?","Yes",0.972,115514.147903,100,2.80,https://polymarket.com/event/ethereum-above-on-december-2
2025-12-02, 6:52:58 a.m.,"Ethereum above ___ on December 2?","Yes",0.972,115514.147903,100,2.80,https://polymarket.com/event/ethereum-above-on-december-2
2025-12-02, 6:52:58 a.m.,"Ethereum above ___ on December 2?","Yes",0.972,115514.147903,100,2.80,https://polymarket.com/event/ethereum-above-on-december-2
2025-12-02, 6:52:58 a.m.,"Ethereum above ___ on December 2?","Yes",0.972,115514.147903,100,2.80,https://polymarket.com/event/ethereum-above-on-december-2
2025-12-02, 6:52:58 a.m.,"Ethereum above ___ on December 2?","Yes",0.972,115514.147903,100,2.80,https://polymarket.com/event/ethereum-above-on-december-2
2025-12-02, 6:52:58 a.m.,"Ethereum above ___ on December 2?","Yes",0.972,115514.147903,100,2.80,https://polymarket.com/event/ethereum-above-on-december-2
2025-12-02, 6:52:58 a.m.,"Ethereum above ___ on December 2?","Yes",0.972,115514.147903,100,2.80,https://polymarket.com/event/ethereum-above-on-december-2
2025-12-02, 6:56:29 a.m.,"Ethereum above ___ on December 2?","Yes",0.972,115514.147903,100,2.80,https://polymarket.com/event/ethereum-above-on-december-2
2025-12-02, 6:56:29 a.m.,"Ethereum above ___ on December 2?","Yes",0.972,115514.147903,100,2.80,https://polymarket.com/event/ethereum-above-on-december-2
2025-12-02, 6:56:29 a.m.,"Ethereum above ___ on December 2?","Yes",0.972,115514.147903,100,2.80,https://polymarket.com/event/ethereum-above-on-december-2
2025-12-02, 6:56:29 a.m.,"Ethereum above ___ on December 2?","Yes",0.972,115514.147903,100,2.80,https://polymarket.com/event/ethereum-above-on-december-2
2025-12-02, 6:56:29 a.m.,"Ethereum above ___ on December 2?","Yes",0.972,115514.147903,100,2.80,https://polymarket.com/event/ethereum-above-on-december-2
2025-12-02, 6:56:29 a.m.,"Ethereum above ___ on December 2?","Yes",0.972,115514.147903,100,2.80,https://polymarket.com/event/ethereum-above-on-december-2
2025-12-02, 6:56:29 a.m.,"Ethereum above ___ on December 2?","Yes",0.972,115514.147903,100,2.80,https://polymarket.com/event/ethereum-above-on-december-2
2025-12-02, 6:56:29 a.m.,"Ethereum above ___ on December 2?","Yes",0.972,115514.147903,100,2.80,https://polymarket.com/event/ethereum-above-on-december-2
2025-12-02, 6:56:29 a.m.,"Ethereum above ___ on December 2?","Yes",0.972,115514.147903,100,2.80,https://polymarket.com/event/ethereum-above-on-december-2
2025-12-02, 7:00:04 a.m.,"Bitcoin price on December 2?","No",0.98,27141.767525,100,2.00,https://polymarket.com/event/bitcoin-price-on-december-2
2025-12-02, 7:00:04 a.m.,"Bitcoin price on December 2?","No",0.98,27141.767525,100,2.00,https://polymarket.com/event/bitcoin-price-on-december-2
2025-12-02, 7:00:04 a.m.,"Bitcoin price on December 2?","No",0.98,27141.767525,100,2.00,https://polymarket.com/event/bitcoin-price-on-december-2
2025-12-02, 7:00:04 a.m.,"Bitcoin price on December 2?","No",0.98,27141.767525,100,2.00,https://polymarket.com/event/bitcoin-price-on-december-2
2025-12-02, 7:00:04 a.m.,"Bitcoin price on December 2?","No",0.98,27141.767525,100,2.00,https://polymarket.com/event/bitcoin-price-on-december-2
2025-12-02, 7:00:04 a.m.,"Bitcoin price on December 2?","No",0.98,27141.767525,100,2.00,https://polymarket.com/event/bitcoin-price-on-december-2
2025-12-02, 7:00:04 a.m.,"Bitcoin price on December 2?","No",0.98,27141.767525,100,2.00,https://polymarket.com/event/bitcoin-price-on-december-2
2025-12-02, 7:00:04 a.m.,"Bitcoin price on December 2?","No",0.98,27141.767525,100,2.00,https://polymarket.com/event/bitcoin-price-on-december-2
2025-12-02, 7:00:04 a.m.,"Bitcoin price on December 2?","No",0.98,27141.767525,100,2.00,https://polymarket.com/event/bitcoin-price-on-december-2
2025-12-02, 7:01:33 a.m.,"Bitcoin above ___ on December 2?","No",0.974,339296.844945,100,2.60,https://polymarket.com/event/bitcoin-above-on-december-2
2025-12-02, 7:01:33 a.m.,"Bitcoin above ___ on December 2?","No",0.974,339296.844945,100,2.60,https://polymarket.com/event/bitcoin-above-on-december-2
2025-12-02, 7:01:33 a.m.,"Bitcoin above ___ on December 2?","No",0.974,339296.844945,100,2.60,https://polymarket.com/event/bitcoin-above-on-december-2
2025-12-02, 7:01:33 a.m.,"Bitcoin above ___ on December 2?","No",0.974,339296.844945,100,2.60,https://polymarket.com/event/bitcoin-above-on-december-2
2025-12-02, 7:01:33 a.m.,"Bitcoin above ___ on December 2?","No",0.974,339296.844945,100,2.60,https://polymarket.com/event/bitcoin-above-on-december-2
2025-12-02, 7:01:33 a.m.,"Bitcoin above ___ on December 2?","No",0.974,339296.844945,100,2.60,https://polymarket.com/event/bitcoin-above-on-december-2
2025-12-02, 7:01:33 a.m.,"Bitcoin above ___ on December 2?","No",0.974,339296.844945,100,2.60,https://polymarket.com/event/bitcoin-above-on-december-2
2025-12-02, 7:01:33 a.m.,"Bitcoin above ___ on December 2?","No",0.974,339296.844945,100,2.60,https://polymarket.com/event/bitcoin-above-on-december-2
2025-12-02, 7:01:33 a.m.,"Bitcoin above ___ on December 2?","No",0.974,339296.844945,100,2.60,https://polymarket.com/event/bitcoin-above-on-december-2
2025-12-02, 7:02:03 a.m.,"Bitcoin above ___ on December 2?","No",0.974,339296.844945,100,2.60,https://polymarket.com/event/bitcoin-above-on-december-2
2025-12-02, 7:02:03 a.m.,"Bitcoin above ___ on December 2?","No",0.974,339296.844945,100,2.60,https://polymarket.com/event/bitcoin-above-on-december-2
2025-12-02, 7:02:03 a.m.,"Bitcoin above ___ on December 2?","No",0.974,339296.844945,100,2.60,https://polymarket.com/event/bitcoin-above-on-december-2
2025-12-02, 7:02:03 a.m.,"Bitcoin above ___ on December 2?","No",0.974,339296.844945,100,2.60,https://polymarket.com/event/bitcoin-above-on-december-2
2025-12-02, 7:02:03 a.m.,"Bitcoin above ___ on December 2?","No",0.974,339296.844945,100,2.60,https://polymarket.com/event/bitcoin-above-on-december-2
2025-12-02, 7:02:03 a.m.,"Bitcoin above ___ on December 2?","No",0.974,339296.844945,100,2.60,https://polymarket.com/event/bitcoin-above-on-december-2
2025-12-02, 7:02:03 a.m.,"Bitcoin above ___ on December 2?","No",0.974,339296.844945,100,2.60,https://polymarket.com/event/bitcoin-above-on-december-2
2025-12-02, 7:02:03 a.m.,"Bitcoin above ___ on December 2?","No",0.974,339296.844945,100,2.60,https://polymarket.com/event/bitcoin-above-on-december-2
2025-12-02, 7:02:03 a.m.,"Bitcoin above ___ on December 2?","No",0.974,339296.844945,100,2.60,https://polymarket.com/event/bitcoin-above-on-december-2
2025-12-02, 7:11:34 a.m.,"Ethereum above ___ on December 2?","Yes",0.962,115514.147903,100,3.80,https://polymarket.com/event/ethereum-above-on-december-2
2025-12-02, 7:11:34 a.m.,"Ethereum above ___ on December 2?","Yes",0.962,115514.147903,100,3.80,https://polymarket.com/event/ethereum-above-on-december-2
2025-12-02, 7:11:34 a.m.,"Ethereum above ___ on December 2?","Yes",0.962,115514.147903,100,3.80,https://polymarket.com/event/ethereum-above-on-december-2
2025-12-02, 7:11:34 a.m.,"Ethereum above ___ on December 2?","Yes",0.962,115514.147903,100,3.80,https://polymarket.com/event/ethereum-above-on-december-2
2025-12-02, 7:11:34 a.m.,"Ethereum above ___ on December 2?","Yes",0.962,115514.147903,100,3.80,https://polymarket.com/event/ethereum-above-on-december-2
2025-12-02, 7:11:34 a.m.,"Ethereum above ___ on December 2?","Yes",0.962,115514.147903,100,3.80,https://polymarket.com/event/ethereum-above-on-december-2
2025-12-02, 7:11:34 a.m.,"Ethereum above ___ on December 2?","Yes",0.962,115514.147903,100,3.80,https://polymarket.com/event/ethereum-above-on-december-2
2025-12-02, 7:11:34 a.m.,"Ethereum above ___ on December 2?","Yes",0.962,115514.147903,100,3.80,https://polymarket.com/event/ethereum-above-on-december-2
2025-12-02, 7:11:34 a.m.,"Ethereum above ___ on December 2?","Yes",0.962,115514.147903,100,3.80,https://polymarket.com/event/ethereum-above-on-december-2
2025-12-02, 7:13:16 a.m.,"Ethereum above ___ on December 2?","Yes",0.964,118539.366261,100,3.60,https://polymarket.com/event/ethereum-above-on-december-2
2025-12-02, 7:13:16 a.m.,"Ethereum above ___ on December 2?","Yes",0.964,118539.366261,100,3.60,https://polymarket.com/event/ethereum-above-on-december-2
2025-12-02, 7:13:16 a.m.,"Ethereum above ___ on December 2?","Yes",0.964,118539.366261,100,3.60,https://polymarket.com/event/ethereum-above-on-december-2
2025-12-02, 7:13:16 a.m.,"Ethereum above ___ on December 2?","Yes",0.964,118539.366261,100,3.60,https://polymarket.com/event/ethereum-above-on-december-2
2025-12-02, 7:13:16 a.m.,"Ethereum above ___ on December 2?","Yes",0.964,118539.366261,100,3.60,https://polymarket.com/event/ethereum-above-on-december-2
2025-12-02, 7:13:16 a.m.,"Ethereum above ___ on December 2?","Yes",0.964,118539.366261,100,3.60,https://polymarket.com/event/ethereum-above-on-december-2
2025-12-02, 7:13:16 a.m.,"Ethereum above ___ on December 2?","Yes",0.964,118539.366261,100,3.60,https://polymarket.com/event/ethereum-above-on-december-2
2025-12-02, 7:13:16 a.m.,"Ethereum above ___ on December 2?","Yes",0.964,118539.366261,100,3.60,https://polymarket.com/event/ethereum-above-on-december-2
2025-12-02, 7:13:16 a.m.,"Ethereum above ___ on December 2?","Yes",0.964,118539.366261,100,3.60,https://polymarket.com/event/ethereum-above-on-december-2
2025-12-02, 7:13:16 a.m.,"Ethereum above ___ on December 2?","Yes",0.964,118539.366261,100,3.60,https://polymarket.com/event/ethereum-above-on-december-2
2025-12-02, 7:16:42 a.m.,"Ethereum above ___ on December 2?","Yes",0.962,118539.366261,100,3.80,https://polymarket.com/event/ethereum-above-on-december-2
2025-12-02, 7:16:42 a.m.,"Ethereum above ___ on December 2?","Yes",0.962,118539.366261,100,3.80,https://polymarket.com/event/ethereum-above-on-december-2
2025-12-02, 7:16:42 a.m.,"Ethereum above ___ on December 2?","Yes",0.962,118539.366261,100,3.80,https://polymarket.com/event/ethereum-above-on-december-2
2025-12-02, 7:16:42 a.m.,"Ethereum above ___ on December 2?","Yes",0.962,118539.366261,100,3.80,https://polymarket.com/event/ethereum-above-on-december-2
2025-12-02, 7:16:42 a.m.,"Ethereum above ___ on December 2?","Yes",0.962,118539.366261,100,3.80,https://polymarket.com/event/ethereum-above-on-december-2
2025-12-02, 7:16:42 a.m.,"Ethereum above ___ on December 2?","Yes",0.962,118539.366261,100,3.80,https://polymarket.com/event/ethereum-above-on-december-2
2025-12-02, 7:16:42 a.m.,"Ethereum above ___ on December 2?","Yes",0.962,118539.366261,100,3.80,https://polymarket.com/event/ethereum-above-on-december-2
2025-12-02, 7:16:42 a.m.,"Ethereum above ___ on December 2?","Yes",0.962,118539.366261,100,3.80,https://polymarket.com/event/ethereum-above-on-december-2
2025-12-02, 7:16:43 a.m.,"Ethereum above ___ on December 2?","Yes",0.962,118539.366261,100,3.80,https://polymarket.com/event/ethereum-above-on-december-2
2025-12-02, 7:16:43 a.m.,"Ethereum above ___ on December 2?","Yes",0.962,118539.366261,100,3.80,https://polymarket.com/event/ethereum-above-on-december-2
2025-12-02, 7:20:29 a.m.,"Ethereum above ___ on December 2?","Yes",0.961,118539.366261,100,3.90,https://polymarket.com/event/ethereum-above-on-december-2
2025-12-02, 7:20:29 a.m.,"Ethereum above ___ on December 2?","Yes",0.961,118539.366261,100,3.90,https://polymarket.com/event/ethereum-above-on-december-2
2025-12-02, 7:20:29 a.m.,"Ethereum above ___ on December 2?","Yes",0.961,118539.366261,100,3.90,https://polymarket.com/event/ethereum-above-on-december-2
2025-12-02, 7:20:29 a.m.,"Ethereum above ___ on December 2?","Yes",0.961,118539.366261,100,3.90,https://polymarket.com/event/ethereum-above-on-december-2
2025-12-02, 7:20:29 a.m.,"Ethereum above ___ on December 2?","Yes",0.961,118539.366261,100,3.90,https://polymarket.com/event/ethereum-above-on-december-2
2025-12-02, 7:20:29 a.m.,"Ethereum above ___ on December 2?","Yes",0.961,118539.366261,100,3.90,https://polymarket.com/event/ethereum-above-on-december-2
2025-12-02, 7:20:29 a.m.,"Ethereum above ___ on December 2?","Yes",0.961,118539.366261,100,3.90,https://polymarket.com/event/ethereum-above-on-december-2
2025-12-02, 7:20:29 a.m.,"Ethereum above ___ on December 2?","Yes",0.961,118539.366261,100,3.90,https://polymarket.com/event/ethereum-above-on-december-2
2025-12-02, 7:20:29 a.m.,"Ethereum above ___ on December 2?","Yes",0.961,118539.366261,100,3.90,https://polymarket.com/event/ethereum-above-on-december-2
2025-12-02, 7:20:29 a.m.,"Ethereum above ___ on December 2?","Yes",0.961,118539.366261,100,3.90,https://polymarket.com/event/ethereum-above-on-december-2
2025-12-02, 7:23:22 a.m.,"Ethereum above ___ on December 2?","Yes",0.962,118539.366261,100,3.80,https://polymarket.com/event/ethereum-above-on-december-2
2025-12-02, 7:23:22 a.m.,"Ethereum above ___ on December 2?","Yes",0.962,118539.366261,100,3.80,https://polymarket.com/event/ethereum-above-on-december-2
2025-12-02, 7:23:22 a.m.,"Ethereum above ___ on December 2?","Yes",0.962,118539.366261,100,3.80,https://polymarket.com/event/ethereum-above-on-december-2
2025-12-02, 7:23:22 a.m.,"Ethereum above ___ on December 2?","Yes",0.962,118539.366261,100,3.80,https://polymarket.com/event/ethereum-above-on-december-2
2025-12-02, 7:23:22 a.m.,"Ethereum above ___ on December 2?","Yes",0.962,118539.366261,100,3.80,https://polymarket.com/event/ethereum-above-on-december-2
2025-12-02, 7:23:22 a.m.,"Ethereum above ___ on December 2?","Yes",0.962,118539.366261,100,3.80,https://polymarket.com/event/ethereum-above-on-december-2
2025-12-02, 7:23:22 a.m.,"Ethereum above ___ on December 2?","Yes",0.962,118539.366261,100,3.80,https://polymarket.com/event/ethereum-above-on-december-2
2025-12-02, 7:23:22 a.m.,"Ethereum above ___ on December 2?","Yes",0.962,118539.366261,100,3.80,https://polymarket.com/event/ethereum-above-on-december-2
2025-12-02, 7:23:22 a.m.,"Ethereum above ___ on December 2?","Yes",0.962,118539.366261,100,3.80,https://polymarket.com/event/ethereum-above-on-december-2
2025-12-02, 7:23:22 a.m.,"Ethereum above ___ on December 2?","Yes",0.962,118539.366261,100,3.80,https://polymarket.com/event/ethereum-above-on-december-2
2025-12-02, 7:24:38 a.m.,"Bitcoin above ___ on December 2?","No",0.977,346286.873859,100,2.30,https://polymarket.com/event/bitcoin-above-on-december-2
2025-12-02, 7:24:38 a.m.,"Bitcoin above ___ on December 2?","No",0.977,346286.873859,100,2.30,https://polymarket.com/event/bitcoin-above-on-december-2
2025-12-02, 7:24:38 a.m.,"Bitcoin above ___ on December 2?","No",0.977,346286.873859,100,2.30,https://polymarket.com/event/bitcoin-above-on-december-2
2025-12-02, 7:24:38 a.m.,"Bitcoin above ___ on December 2?","No",0.977,346286.873859,100,2.30,https://polymarket.com/event/bitcoin-above-on-december-2
2025-12-02, 7:24:38 a.m.,"Bitcoin above ___ on December 2?","No",0.977,346286.873859,100,2.30,https://polymarket.com/event/bitcoin-above-on-december-2
2025-12-02, 7:24:38 a.m.,"Bitcoin above ___ on December 2?","No",0.977,346286.873859,100,2.30,https://polymarket.com/event/bitcoin-above-on-december-2
2025-12-02, 7:24:38 a.m.,"Bitcoin above ___ on December 2?","No",0.977,346286.873859,100,2.30,https://polymarket.com/event/bitcoin-above-on-december-2
2025-12-02, 7:24:38 a.m.,"Bitcoin above ___ on December 2?","No",0.977,346286.873859,100,2.30,https://polymarket.com/event/bitcoin-above-on-december-2
2025-12-02, 7:24:39 a.m.,"Bitcoin above ___ on December 2?","No",0.977,346286.873859,100,2.30,https://polymarket.com/event/bitcoin-above-on-december-2
2025-12-02, 7:24:39 a.m.,"Bitcoin above ___ on December 2?","No",0.977,346286.873859,100,2.30,https://polymarket.com/event/bitcoin-above-on-december-2
2025-12-02, 7:25:02 a.m.,"Ethereum above ___ on December 2?","Yes",0.962,118539.366261,100,3.80,https://polymarket.com/event/ethereum-above-on-december-2
2025-12-02, 7:25:02 a.m.,"Ethereum above ___ on December 2?","Yes",0.962,118539.366261,100,3.80,https://polymarket.com/event/ethereum-above-on-december-2
2025-12-02, 7:25:02 a.m.,"Ethereum above ___ on December 2?","Yes",0.962,118539.366261,100,3.80,https://polymarket.com/event/ethereum-above-on-december-2
2025-12-02, 7:25:02 a.m.,"Ethereum above ___ on December 2?","Yes",0.962,118539.366261,100,3.80,https://polymarket.com/event/ethereum-above-on-december-2
2025-12-02, 7:25:02 a.m.,"Ethereum above ___ on December 2?","Yes",0.962,118539.366261,100,3.80,https://polymarket.com/event/ethereum-above-on-december-2
2025-12-02, 7:25:02 a.m.,"Ethereum above ___ on December 2?","Yes",0.962,118539.366261,100,3.80,https://polymarket.com/event/ethereum-above-on-december-2
2025-12-02, 7:25:02 a.m.,"Ethereum above ___ on December 2?","Yes",0.962,118539.366261,100,3.80,https://polymarket.com/event/ethereum-above-on-december-2
2025-12-02, 7:25:02 a.m.,"Ethereum above ___ on December 2?","Yes",0.962,118539.366261,100,3.80,https://polymarket.com/event/ethereum-above-on-december-2
2025-12-02, 7:25:02 a.m.,"Ethereum above ___ on December 2?","Yes",0.962,118539.366261,100,3.80,https://polymarket.com/event/ethereum-above-on-december-2
2025-12-02, 7:25:02 a.m.,"Ethereum above ___ on December 2?","Yes",0.962,118539.366261,100,3.80,https://polymarket.com/event/ethereum-above-on-december-2
2025-12-02, 7:26:13 a.m.,"Ethereum above ___ on December 2?","Yes",0.975,118539.366261,100,2.50,https://polymarket.com/event/ethereum-above-on-december-2
2025-12-02, 7:26:13 a.m.,"Ethereum above ___ on December 2?","Yes",0.975,118539.366261,100,2.50,https://polymarket.com/event/ethereum-above-on-december-2
2025-12-02, 7:26:13 a.m.,"Ethereum above ___ on December 2?","Yes",0.975,118539.366261,100,2.50,https://polymarket.com/event/ethereum-above-on-december-2
2025-12-02, 7:26:13 a.m.,"Ethereum above ___ on December 2?","Yes",0.975,118539.366261,100,2.50,https://polymarket.com/event/ethereum-above-on-december-2
2025-12-02, 7:26:13 a.m.,"Ethereum above ___ on December 2?","Yes",0.975,118539.366261,100,2.50,https://polymarket.com/event/ethereum-above-on-december-2
2025-12-02, 7:26:13 a.m.,"Ethereum above ___ on December 2?","Yes",0.975,118539.366261,100,2.50,https://polymarket.com/event/ethereum-above-on-december-2
2025-12-02, 7:26:13 a.m.,"Ethereum above ___ on December 2?","Yes",0.975,118539.366261,100,2.50,https://polymarket.com/event/ethereum-above-on-december-2
2025-12-02, 7:26:13 a.m.,"Ethereum above ___ on December 2?","Yes",0.975,118539.366261,100,2.50,https://polymarket.com/event/ethereum-above-on-december-2
2025-12-02, 7:26:13 a.m.,"Ethereum above ___ on December 2?","Yes",0.975,118539.366261,100,2.50,https://polymarket.com/event/ethereum-above-on-december-2
2025-12-02, 7:26:13 a.m.,"Ethereum above ___ on December 2?","Yes",0.975,118539.366261,100,2.50,https://polymarket.com/event/ethereum-above-on-december-2
2025-12-02, 7:31:23 a.m.,"Ethereum above ___ on December 2?","Yes",0.971,118539.366261,100,2.90,https://polymarket.com/event/ethereum-above-on-december-2
2025-12-02, 7:31:23 a.m.,"Ethereum above ___ on December 2?","Yes",0.971,118539.366261,100,2.90,https://polymarket.com/event/ethereum-above-on-december-2
2025-12-02, 7:31:23 a.m.,"Ethereum above ___ on December 2?","Yes",0.971,118539.366261,100,2.90,https://polymarket.com/event/ethereum-above-on-december-2
2025-12-02, 7:31:23 a.m.,"Ethereum above ___ on December 2?","Yes",0.971,118539.366261,100,2.90,https://polymarket.com/event/ethereum-above-on-december-2
2025-12-02, 7:31:23 a.m.,"Ethereum above ___ on December 2?","Yes",0.971,118539.366261,100,2.90,https://polymarket.com/event/ethereum-above-on-december-2
2025-12-02, 7:31:23 a.m.,"Ethereum above ___ on December 2?","Yes",0.971,118539.366261,100,2.90,https://polymarket.com/event/ethereum-above-on-december-2
2025-12-02, 7:31:23 a.m.,"Ethereum above ___ on December 2?","Yes",0.971,118539.366261,100,2.90,https://polymarket.com/event/ethereum-above-on-december-2
2025-12-02, 7:31:23 a.m.,"Ethereum above ___ on December 2?","Yes",0.971,118539.366261,100,2.90,https://polymarket.com/event/ethereum-above-on-december-2
2025-12-02, 7:31:23 a.m.,"Ethereum above ___ on December 2?","Yes",0.971,118539.366261,100,2.90,https://polymarket.com/event/ethereum-above-on-december-2
2025-12-02, 7:31:23 a.m.,"Ethereum above ___ on December 2?","Yes",0.971,118539.366261,100,2.90,https://polymarket.com/event/ethereum-above-on-december-2
2025-12-02, 7:34:15 a.m.,"Bitcoin above ___ on December 2?","No",0.973,346286.873859,100,2.70,https://polymarket.com/event/bitcoin-above-on-december-2
2025-12-02, 7:34:15 a.m.,"Bitcoin above ___ on December 2?","No",0.973,346286.873859,100,2.70,https://polymarket.com/event/bitcoin-above-on-december-2
2025-12-02, 7:34:15 a.m.,"Bitcoin above ___ on December 2?","No",0.973,346286.873859,100,2.70,https://polymarket.com/event/bitcoin-above-on-december-2
2025-12-02, 7:34:15 a.m.,"Bitcoin above ___ on December 2?","No",0.973,346286.873859,100,2.70,https://polymarket.com/event/bitcoin-above-on-december-2
2025-12-02, 7:34:15 a.m.,"Bitcoin above ___ on December 2?","No",0.973,346286.873859,100,2.70,https://polymarket.com/event/bitcoin-above-on-december-2
2025-12-02, 7:34:15 a.m.,"Bitcoin above ___ on December 2?","No",0.973,346286.873859,100,2.70,https://polymarket.com/event/bitcoin-above-on-december-2
2025-12-02, 7:34:15 a.m.,"Bitcoin above ___ on December 2?","No",0.973,346286.873859,100,2.70,https://polymarket.com/event/bitcoin-above-on-december-2
2025-12-02, 7:34:15 a.m.,"Bitcoin above ___ on December 2?","No",0.973,346286.873859,100,2.70,https://polymarket.com/event/bitcoin-above-on-december-2
2025-12-02, 7:34:15 a.m.,"Bitcoin above ___ on December 2?","No",0.973,346286.873859,100,2.70,https://polymarket.com/event/bitcoin-above-on-december-2
2025-12-02, 7:34:15 a.m.,"Bitcoin above ___ on December 2?","No",0.973,346286.873859,100,2.70,https://polymarket.com/event/bitcoin-above-on-december-2
2025-12-02, 7:34:15 a.m.,"Bitcoin above ___ on December 2?","No",0.973,346286.873859,100,2.70,https://polymarket.com/event/bitcoin-above-on-december-2
2025-12-02, 7:34:15 a.m.,"Bitcoin above ___ on December 2?","No",0.973,346286.873859,100,2.70,https://polymarket.com/event/bitcoin-above-on-december-2
2025-12-02, 7:34:15 a.m.,"Bitcoin above ___ on December 2?","No",0.973,346286.873859,100,2.70,https://polymarket.com/event/bitcoin-above-on-december-2
2025-12-02, 7:34:15 a.m.,"Bitcoin above ___ on December 2?","No",0.973,346286.873859,100,2.70,https://polymarket.com/event/bitcoin-above-on-december-2
2025-12-02, 7:34:15 a.m.,"Bitcoin above ___ on December 2?","No",0.973,346286.873859,100,2.70,https://polymarket.com/event/bitcoin-above-on-december-2
2025-12-02, 7:34:15 a.m.,"Bitcoin above ___ on December 2?","No",0.973,346286.873859,100,2.70,https://polymarket.com/event/bitcoin-above-on-december-2
2025-12-02, 7:34:15 a.m.,"Bitcoin above ___ on December 2?","No",0.973,346286.873859,100,2.70,https://polymarket.com/event/bitcoin-above-on-december-2
2025-12-02, 7:34:15 a.m.,"Bitcoin above ___ on December 2?","No",0.973,346286.873859,100,2.70,https://polymarket.com/event/bitcoin-above-on-december-2
2025-12-02, 7:34:15 a.m.,"Bitcoin above ___ on December 2?","No",0.973,346286.873859,100,2.70,https://polymarket.com/event/bitcoin-above-on-december-2
2025-12-02, 7:34:15 a.m.,"Bitcoin above ___ on December 2?","No",0.973,346286.873859,100,2.70,https://polymarket.com/event/bitcoin-above-on-december-2
2025-12-02, 7:36:41 a.m.,"Bitcoin above ___ on December 2?","No",0.974,346286.873859,100,2.60,https://polymarket.com/event/bitcoin-above-on-december-2
2025-12-02, 7:36:41 a.m.,"Bitcoin above ___ on December 2?","No",0.974,346286.873859,100,2.60,https://polymarket.com/event/bitcoin-above-on-december-2
2025-12-02, 7:36:41 a.m.,"Bitcoin above ___ on December 2?","No",0.974,346286.873859,100,2.60,https://polymarket.com/event/bitcoin-above-on-december-2
2025-12-02, 7:36:41 a.m.,"Bitcoin above ___ on December 2?","No",0.974,346286.873859,100,2.60,https://polymarket.com/event/bitcoin-above-on-december-2
2025-12-02, 7:36:41 a.m.,"Bitcoin above ___ on December 2?","No",0.974,346286.873859,100,2.60,https://polymarket.com/event/bitcoin-above-on-december-2
2025-12-02, 7:36:41 a.m.,"Bitcoin above ___ on December 2?","No",0.974,346286.873859,100,2.60,https://polymarket.com/event/bitcoin-above-on-december-2
2025-12-02, 7:36:41 a.m.,"Bitcoin above ___ on December 2?","No",0.974,346286.873859,100,2.60,https://polymarket.com/event/bitcoin-above-on-december-2
2025-12-02, 7:36:41 a.m.,"Bitcoin above ___ on December 2?","No",0.974,346286.873859,100,2.60,https://polymarket.com/event/bitcoin-above-on-december-2
2025-12-02, 7:36:41 a.m.,"Bitcoin above ___ on December 2?","No",0.974,346286.873859,100,2.60,https://polymarket.com/event/bitcoin-above-on-december-2
2025-12-02, 7:36:41 a.m.,"Bitcoin above ___ on December 2?","No",0.974,346286.873859,100,2.60,https://polymarket.com/event/bitcoin-above-on-december-2
2025-12-02, 7:38:31 a.m.,"Bitcoin above ___ on December 2?","No",0.977,346286.873859,100,2.30,https://polymarket.com/event/bitcoin-above-on-december-2
2025-12-02, 7:38:31 a.m.,"Bitcoin above ___ on December 2?","No",0.977,346286.873859,100,2.30,https://polymarket.com/event/bitcoin-above-on-december-2
2025-12-02, 7:38:31 a.m.,"Bitcoin above ___ on December 2?","No",0.977,346286.873859,100,2.30,https://polymarket.com/event/bitcoin-above-on-december-2
2025-12-02, 7:38:31 a.m.,"Bitcoin above ___ on December 2?","No",0.977,346286.873859,100,2.30,https://polymarket.com/event/bitcoin-above-on-december-2
2025-12-02, 7:38:31 a.m.,"Bitcoin above ___ on December 2?","No",0.977,346286.873859,100,2.30,https://polymarket.com/event/bitcoin-above-on-december-2
2025-12-02, 7:38:31 a.m.,"Bitcoin above ___ on December 2?","No",0.977,346286.873859,100,2.30,https://polymarket.com/event/bitcoin-above-on-december-2
2025-12-02, 7:38:31 a.m.,"Bitcoin above ___ on December 2?","No",0.977,346286.873859,100,2.30,https://polymarket.com/event/bitcoin-above-on-december-2
2025-12-02, 7:38:31 a.m.,"Bitcoin above ___ on December 2?","No",0.977,346286.873859,100,2.30,https://polymarket.com/event/bitcoin-above-on-december-2
2025-12-02, 7:38:31 a.m.,"Bitcoin above ___ on December 2?","No",0.977,346286.873859,100,2.30,https://polymarket.com/event/bitcoin-above-on-december-2
2025-12-02, 7:38:31 a.m.,"Bitcoin above ___ on December 2?","No",0.977,346286.873859,100,2.30,https://polymarket.com/event/bitcoin-above-on-december-2
2025-12-02, 7:40:12 a.m.,"Ethereum above ___ on December 2?","Yes",0.974,118539.366261,100,2.60,https://polymarket.com/event/ethereum-above-on-december-2
2025-12-02, 7:40:12 a.m.,"Ethereum above ___ on December 2?","Yes",0.974,118539.366261,100,2.60,https://polymarket.com/event/ethereum-above-on-december-2
2025-12-02, 7:40:12 a.m.,"Ethereum above ___ on December 2?","Yes",0.974,118539.366261,100,2.60,https://polymarket.com/event/ethereum-above-on-december-2
2025-12-02, 7:40:12 a.m.,"Ethereum above ___ on December 2?","Yes",0.974,118539.366261,100,2.60,https://polymarket.com/event/ethereum-above-on-december-2
2025-12-02, 7:40:12 a.m.,"Ethereum above ___ on December 2?","Yes",0.974,118539.366261,100,2.60,https://polymarket.com/event/ethereum-above-on-december-2
2025-12-02, 7:40:12 a.m.,"Ethereum above ___ on December 2?","Yes",0.974,118539.366261,100,2.60,https://polymarket.com/event/ethereum-above-on-december-2
2025-12-02, 7:40:12 a.m.,"Ethereum above ___ on December 2?","Yes",0.974,118539.366261,100,2.60,https://polymarket.com/event/ethereum-above-on-december-2
2025-12-02, 7:40:12 a.m.,"Ethereum above ___ on December 2?","Yes",0.974,118539.366261,100,2.60,https://polymarket.com/event/ethereum-above-on-december-2
2025-12-02, 7:40:12 a.m.,"Ethereum above ___ on December 2?","Yes",0.974,118539.366261,100,2.60,https://polymarket.com/event/ethereum-above-on-december-2
2025-12-02, 7:40:12 a.m.,"Ethereum above ___ on December 2?","Yes",0.974,118539.366261,100,2.60,https://polymarket.com/event/ethereum-above-on-december-2
2025-12-02, 7:41:21 a.m.,"Ethereum above ___ on December 2?","Yes",0.974,118539.366261,100,2.60,https://polymarket.com/event/ethereum-above-on-december-2
2025-12-02, 7:41:21 a.m.,"Ethereum above ___ on December 2?","Yes",0.974,118539.366261,100,2.60,https://polymarket.com/event/ethereum-above-on-december-2
2025-12-02, 7:41:21 a.m.,"Ethereum above ___ on December 2?","Yes",0.974,118539.366261,100,2.60,https://polymarket.com/event/ethereum-above-on-december-2
2025-12-02, 7:41:21 a.m.,"Ethereum above ___ on December 2?","Yes",0.974,118539.366261,100,2.60,https://polymarket.com/event/ethereum-above-on-december-2
2025-12-02, 7:41:21 a.m.,"Ethereum above ___ on December 2?","Yes",0.974,118539.366261,100,2.60,https://polymarket.com/event/ethereum-above-on-december-2
2025-12-02, 7:41:21 a.m.,"Ethereum above ___ on December 2?","Yes",0.974,118539.366261,100,2.60,https://polymarket.com/event/ethereum-above-on-december-2
2025-12-02, 7:41:21 a.m.,"Ethereum above ___ on December 2?","Yes",0.974,118539.366261,100,2.60,https://polymarket.com/event/ethereum-above-on-december-2
2025-12-02, 7:41:21 a.m.,"Ethereum above ___ on December 2?","Yes",0.974,118539.366261,100,2.60,https://polymarket.com/event/ethereum-above-on-december-2
2025-12-02, 7:41:21 a.m.,"Ethereum above ___ on December 2?","Yes",0.974,118539.366261,100,2.60,https://polymarket.com/event/ethereum-above-on-december-2
2025-12-02, 7:41:22 a.m.,"Ethereum above ___ on December 2?","Yes",0.974,118539.366261,100,2.60,https://polymarket.com/event/ethereum-above-on-december-2
2025-12-02, 7:42:09 a.m.,"Bitcoin above ___ on December 2?","No",0.975,349864.165178,100,2.50,https://polymarket.com/event/bitcoin-above-on-december-2
2025-12-02, 7:42:09 a.m.,"Bitcoin above ___ on December 2?","No",0.975,349864.165178,100,2.50,https://polymarket.com/event/bitcoin-above-on-december-2
2025-12-02, 7:42:09 a.m.,"Bitcoin above ___ on December 2?","No",0.975,349864.165178,100,2.50,https://polymarket.com/event/bitcoin-above-on-december-2
2025-12-02, 7:42:09 a.m.,"Bitcoin above ___ on December 2?","No",0.975,349864.165178,100,2.50,https://polymarket.com/event/bitcoin-above-on-december-2
2025-12-02, 7:42:09 a.m.,"Bitcoin above ___ on December 2?","No",0.975,349864.165178,100,2.50,https://polymarket.com/event/bitcoin-above-on-december-2
2025-12-02, 7:42:09 a.m.,"Bitcoin above ___ on December 2?","No",0.975,349864.165178,100,2.50,https://polymarket.com/event/bitcoin-above-on-december-2
2025-12-02, 7:42:09 a.m.,"Bitcoin above ___ on December 2?","No",0.975,349864.165178,100,2.50,https://polymarket.com/event/bitcoin-above-on-december-2
2025-12-02, 7:42:09 a.m.,"Bitcoin above ___ on December 2?","No",0.975,349864.165178,100,2.50,https://polymarket.com/event/bitcoin-above-on-december-2
2025-12-02, 7:42:09 a.m.,"Bitcoin above ___ on December 2?","No",0.975,349864.165178,100,2.50,https://polymarket.com/event/bitcoin-above-on-december-2
2025-12-02, 7:42:09 a.m.,"Bitcoin above ___ on December 2?","No",0.975,349864.165178,100,2.50,https://polymarket.com/event/bitcoin-above-on-december-2
2025-12-02, 7:42:09 a.m.,"Bitcoin above ___ on December 2?","No",0.975,349864.165178,100,2.50,https://polymarket.com/event/bitcoin-above-on-december-2
2025-12-02, 7:43:01 a.m.,"Bitcoin above ___ on December 2?","No",0.977,349864.165178,100,2.30,https://polymarket.com/event/bitcoin-above-on-december-2
2025-12-02, 7:43:01 a.m.,"Bitcoin above ___ on December 2?","No",0.977,349864.165178,100,2.30,https://polymarket.com/event/bitcoin-above-on-december-2
2025-12-02, 7:43:01 a.m.,"Bitcoin above ___ on December 2?","No",0.977,349864.165178,100,2.30,https://polymarket.com/event/bitcoin-above-on-december-2
2025-12-02, 7:43:01 a.m.,"Bitcoin above ___ on December 2?","No",0.977,349864.165178,100,2.30,https://polymarket.com/event/bitcoin-above-on-december-2
2025-12-02, 7:43:01 a.m.,"Bitcoin above ___ on December 2?","No",0.977,349864.165178,100,2.30,https://polymarket.com/event/bitcoin-above-on-december-2
2025-12-02, 7:43:01 a.m.,"Bitcoin above ___ on December 2?","No",0.977,349864.165178,100,2.30,https://polymarket.com/event/bitcoin-above-on-december-2
2025-12-02, 7:43:01 a.m.,"Bitcoin above ___ on December 2?","No",0.977,349864.165178,100,2.30,https://polymarket.com/event/bitcoin-above-on-december-2
2025-12-02, 7:43:01 a.m.,"Bitcoin above ___ on December 2?","No",0.977,349864.165178,100,2.30,https://polymarket.com/event/bitcoin-above-on-december-2
2025-12-02, 7:43:01 a.m.,"Bitcoin above ___ on December 2?","No",0.977,349864.165178,100,2.30,https://polymarket.com/event/bitcoin-above-on-december-2
2025-12-02, 7:43:01 a.m.,"Bitcoin above ___ on December 2?","No",0.977,349864.165178,100,2.30,https://polymarket.com/event/bitcoin-above-on-december-2
2025-12-02, 7:43:01 a.m.,"Bitcoin above ___ on December 2?","No",0.977,349864.165178,100,2.30,https://polymarket.com/event/bitcoin-above-on-december-2
2025-12-02, 7:45:25 a.m.,"Bitcoin above ___ on December 2?","No",0.974,349864.165178,100,2.60,https://polymarket.com/event/bitcoin-above-on-december-2
2025-12-02, 7:45:25 a.m.,"Bitcoin above ___ on December 2?","No",0.974,349864.165178,100,2.60,https://polymarket.com/event/bitcoin-above-on-december-2
2025-12-02, 7:45:25 a.m.,"Bitcoin above ___ on December 2?","No",0.974,349864.165178,100,2.60,https://polymarket.com/event/bitcoin-above-on-december-2
2025-12-02, 7:45:25 a.m.,"Bitcoin above ___ on December 2?","No",0.974,349864.165178,100,2.60,https://polymarket.com/event/bitcoin-above-on-december-2
2025-12-02, 7:45:25 a.m.,"Bitcoin above ___ on December 2?","No",0.974,349864.165178,100,2.60,https://polymarket.com/event/bitcoin-above-on-december-2
2025-12-02, 7:45:25 a.m.,"Bitcoin above ___ on December 2?","No",0.974,349864.165178,100,2.60,https://polymarket.com/event/bitcoin-above-on-december-2
2025-12-02, 7:45:25 a.m.,"Bitcoin above ___ on December 2?","No",0.974,349864.165178,100,2.60,https://polymarket.com/event/bitcoin-above-on-december-2
2025-12-02, 7:45:25 a.m.,"Bitcoin above ___ on December 2?","No",0.974,349864.165178,100,2.60,https://polymarket.com/event/bitcoin-above-on-december-2
2025-12-02, 7:45:25 a.m.,"Bitcoin above ___ on December 2?","No",0.974,349864.165178,100,2.60,https://polymarket.com/event/bitcoin-above-on-december-2
2025-12-02, 7:45:25 a.m.,"Bitcoin above ___ on December 2?","No",0.974,349864.165178,100,2.60,https://polymarket.com/event/bitcoin-above-on-december-2
2025-12-02, 7:45:25 a.m.,"Bitcoin above ___ on December 2?","No",0.974,349864.165178,100,2.60,https://polymarket.com/event/bitcoin-above-on-december-2
2025-12-02, 7:46:32 a.m.,"Bitcoin above ___ on December 2?","No",0.973,349864.165178,100,2.70,https://polymarket.com/event/bitcoin-above-on-december-2
2025-12-02, 7:46:32 a.m.,"Bitcoin above ___ on December 2?","No",0.973,349864.165178,100,2.70,https://polymarket.com/event/bitcoin-above-on-december-2
2025-12-02, 7:46:32 a.m.,"Bitcoin above ___ on December 2?","No",0.973,349864.165178,100,2.70,https://polymarket.com/event/bitcoin-above-on-december-2
2025-12-02, 7:46:32 a.m.,"Bitcoin above ___ on December 2?","No",0.973,349864.165178,100,2.70,https://polymarket.com/event/bitcoin-above-on-december-2
2025-12-02, 7:46:32 a.m.,"Bitcoin above ___ on December 2?","No",0.973,349864.165178,100,2.70,https://polymarket.com/event/bitcoin-above-on-december-2
2025-12-02, 7:46:32 a.m.,"Bitcoin above ___ on December 2?","No",0.973,349864.165178,100,2.70,https://polymarket.com/event/bitcoin-above-on-december-2
2025-12-02, 7:46:32 a.m.,"Bitcoin above ___ on December 2?","No",0.973,349864.165178,100,2.70,https://polymarket.com/event/bitcoin-above-on-december-2
2025-12-02, 7:46:32 a.m.,"Bitcoin above ___ on December 2?","No",0.973,349864.165178,100,2.70,https://polymarket.com/event/bitcoin-above-on-december-2
2025-12-02, 7:46:32 a.m.,"Bitcoin above ___ on December 2?","No",0.973,349864.165178,100,2.70,https://polymarket.com/event/bitcoin-above-on-december-2
2025-12-02, 7:46:32 a.m.,"Bitcoin above ___ on December 2?","No",0.973,349864.165178,100,2.70,https://polymarket.com/event/bitcoin-above-on-december-2
2025-12-02, 7:46:32 a.m.,"Bitcoin above ___ on December 2?","No",0.973,349864.165178,100,2.70,https://polymarket.com/event/bitcoin-above-on-december-2
2025-12-02, 7:47:02 a.m.,"Bitcoin above ___ on December 2?","No",0.974,349864.165178,100,2.60,https://polymarket.com/event/bitcoin-above-on-december-2
2025-12-02, 7:47:02 a.m.,"Bitcoin above ___ on December 2?","No",0.974,349864.165178,100,2.60,https://polymarket.com/event/bitcoin-above-on-december-2
2025-12-02, 7:47:02 a.m.,"Bitcoin above ___ on December 2?","No",0.974,349864.165178,100,2.60,https://polymarket.com/event/bitcoin-above-on-december-2
2025-12-02, 7:47:02 a.m.,"Bitcoin above ___ on December 2?","No",0.974,349864.165178,100,2.60,https://polymarket.com/event/bitcoin-above-on-december-2
2025-12-02, 7:47:02 a.m.,"Bitcoin above ___ on December 2?","No",0.974,349864.165178,100,2.60,https://polymarket.com/event/bitcoin-above-on-december-2
2025-12-02, 7:47:02 a.m.,"Bitcoin above ___ on December 2?","No",0.974,349864.165178,100,2.60,https://polymarket.com/event/bitcoin-above-on-december-2
2025-12-02, 7:47:02 a.m.,"Bitcoin above ___ on December 2?","No",0.974,349864.165178,100,2.60,https://polymarket.com/event/bitcoin-above-on-december-2
2025-12-02, 7:47:02 a.m.,"Bitcoin above ___ on December 2?","No",0.974,349864.165178,100,2.60,https://polymarket.com/event/bitcoin-above-on-december-2
2025-12-02, 7:47:02 a.m.,"Bitcoin above ___ on December 2?","No",0.974,349864.165178,100,2.60,https://polymarket.com/event/bitcoin-above-on-december-2
2025-12-02, 7:47:02 a.m.,"Bitcoin above ___ on December 2?","No",0.974,349864.165178,100,2.60,https://polymarket.com/event/bitcoin-above-on-december-2
2025-12-02, 7:47:02 a.m.,"Bitcoin above ___ on December 2?","No",0.974,349864.165178,100,2.60,https://polymarket.com/event/bitcoin-above-on-december-2
2025-12-02, 7:47:09 a.m.,"Ethereum above ___ on December 2?","Yes",0.974,118835.177285,100,2.60,https://polymarket.com/event/ethereum-above-on-december-2
2025-12-02, 7:47:09 a.m.,"Ethereum above ___ on December 2?","Yes",0.974,118835.177285,100,2.60,https://polymarket.com/event/ethereum-above-on-december-2
2025-12-02, 7:47:09 a.m.,"Ethereum above ___ on December 2?","Yes",0.974,118835.177285,100,2.60,https://polymarket.com/event/ethereum-above-on-december-2
2025-12-02, 7:47:09 a.m.,"Ethereum above ___ on December 2?","Yes",0.974,118835.177285,100,2.60,https://polymarket.com/event/ethereum-above-on-december-2
2025-12-02, 7:47:09 a.m.,"Ethereum above ___ on December 2?","Yes",0.974,118835.177285,100,2.60,https://polymarket.com/event/ethereum-above-on-december-2
2025-12-02, 7:47:09 a.m.,"Ethereum above ___ on December 2?","Yes",0.974,118835.177285,100,2.60,https://polymarket.com/event/ethereum-above-on-december-2
2025-12-02, 7:47:09 a.m.,"Ethereum above ___ on December 2?","Yes",0.974,118835.177285,100,2.60,https://polymarket.com/event/ethereum-above-on-december-2
2025-12-02, 7:47:09 a.m.,"Ethereum above ___ on December 2?","Yes",0.974,118835.177285,100,2.60,https://polymarket.com/event/ethereum-above-on-december-2
2025-12-02, 7:47:09 a.m.,"Ethereum above ___ on December 2?","Yes",0.974,118835.177285,100,2.60,https://polymarket.com/event/ethereum-above-on-december-2
2025-12-02, 7:47:09 a.m.,"Ethereum above ___ on December 2?","Yes",0.974,118835.177285,100,2.60,https://polymarket.com/event/ethereum-above-on-december-2
2025-12-02, 7:47:09 a.m.,"Ethereum above ___ on December 2?","Yes",0.974,118835.177285,100,2.60,https://polymarket.com/event/ethereum-above-on-december-2
2025-12-02, 7:49:59 a.m.,"Bitcoin above ___ on December 2?","No",0.978,349864.165178,100,2.20,https://polymarket.com/event/bitcoin-above-on-december-2
2025-12-02, 7:49:59 a.m.,"Bitcoin above ___ on December 2?","No",0.978,349864.165178,100,2.20,https://polymarket.com/event/bitcoin-above-on-december-2
2025-12-02, 7:49:59 a.m.,"Bitcoin above ___ on December 2?","No",0.978,349864.165178,100,2.20,https://polymarket.com/event/bitcoin-above-on-december-2
2025-12-02, 7:49:59 a.m.,"Bitcoin above ___ on December 2?","No",0.978,349864.165178,100,2.20,https://polymarket.com/event/bitcoin-above-on-december-2
2025-12-02, 7:49:59 a.m.,"Bitcoin above ___ on December 2?","No",0.978,349864.165178,100,2.20,https://polymarket.com/event/bitcoin-above-on-december-2
2025-12-02, 7:49:59 a.m.,"Bitcoin above ___ on December 2?","No",0.978,349864.165178,100,2.20,https://polymarket.com/event/bitcoin-above-on-december-2
2025-12-02, 7:49:59 a.m.,"Bitcoin above ___ on December 2?","No",0.978,349864.165178,100,2.20,https://polymarket.com/event/bitcoin-above-on-december-2
2025-12-02, 7:49:59 a.m.,"Bitcoin above ___ on December 2?","No",0.978,349864.165178,100,2.20,https://polymarket.com/event/bitcoin-above-on-december-2
2025-12-02, 7:49:59 a.m.,"Bitcoin above ___ on December 2?","No",0.978,349864.165178,100,2.20,https://polymarket.com/event/bitcoin-above-on-december-2
2025-12-02, 7:49:59 a.m.,"Bitcoin above ___ on December 2?","No",0.978,349864.165178,100,2.20,https://polymarket.com/event/bitcoin-above-on-december-2
2025-12-02, 7:49:59 a.m.,"Bitcoin above ___ on December 2?","No",0.978,349864.165178,100,2.20,https://polymarket.com/event/bitcoin-above-on-december-2
2025-12-02, 7:50:01 a.m.,"Bitcoin above ___ on December 2?","No",0.979,349864.165178,100,2.10,https://polymarket.com/event/bitcoin-above-on-december-2
2025-12-02, 7:50:01 a.m.,"Bitcoin above ___ on December 2?","No",0.979,349864.165178,100,2.10,https://polymarket.com/event/bitcoin-above-on-december-2
2025-12-02, 7:50:01 a.m.,"Bitcoin above ___ on December 2?","No",0.979,349864.165178,100,2.10,https://polymarket.com/event/bitcoin-above-on-december-2
2025-12-02, 7:50:01 a.m.,"Bitcoin above ___ on December 2?","No",0.979,349864.165178,100,2.10,https://polymarket.com/event/bitcoin-above-on-december-2
2025-12-02, 7:50:01 a.m.,"Bitcoin above ___ on December 2?","No",0.979,349864.165178,100,2.10,https://polymarket.com/event/bitcoin-above-on-december-2
2025-12-02, 7:50:01 a.m.,"Bitcoin above ___ on December 2?","No",0.979,349864.165178,100,2.10,https://polymarket.com/event/bitcoin-above-on-december-2
2025-12-02, 7:50:01 a.m.,"Bitcoin above ___ on December 2?","No",0.979,349864.165178,100,2.10,https://polymarket.com/event/bitcoin-above-on-december-2
2025-12-02, 7:50:01 a.m.,"Bitcoin above ___ on December 2?","No",0.979,349864.165178,100,2.10,https://polymarket.com/event/bitcoin-above-on-december-2
2025-12-02, 7:50:01 a.m.,"Bitcoin above ___ on December 2?","No",0.979,349864.165178,100,2.10,https://polymarket.com/event/bitcoin-above-on-december-2
2025-12-02, 7:50:01 a.m.,"Bitcoin above ___ on December 2?","No",0.979,349864.165178,100,2.10,https://polymarket.com/event/bitcoin-above-on-december-2
2025-12-02, 7:50:01 a.m.,"Bitcoin above ___ on December 2?","No",0.979,349864.165178,100,2.10,https://polymarket.com/event/bitcoin-above-on-december-2
2025-12-02, 8:00:20 a.m.,"Ethereum above ___ on December 2?","Yes",0.974,118835.177285,100,2.60,https://polymarket.com/event/ethereum-above-on-december-2
2025-12-02, 8:00:20 a.m.,"Ethereum above ___ on December 2?","Yes",0.974,118835.177285,100,2.60,https://polymarket.com/event/ethereum-above-on-december-2
2025-12-02, 8:00:20 a.m.,"Ethereum above ___ on December 2?","Yes",0.974,118835.177285,100,2.60,https://polymarket.com/event/ethereum-above-on-december-2
2025-12-02, 8:00:20 a.m.,"Ethereum above ___ on December 2?","Yes",0.974,118835.177285,100,2.60,https://polymarket.com/event/ethereum-above-on-december-2
2025-12-02, 8:00:20 a.m.,"Ethereum above ___ on December 2?","Yes",0.974,118835.177285,100,2.60,https://polymarket.com/event/ethereum-above-on-december-2
2025-12-02, 8:00:20 a.m.,"Ethereum above ___ on December 2?","Yes",0.974,118835.177285,100,2.60,https://polymarket.com/event/ethereum-above-on-december-2
2025-12-02, 8:00:20 a.m.,"Ethereum above ___ on December 2?","Yes",0.974,118835.177285,100,2.60,https://polymarket.com/event/ethereum-above-on-december-2
2025-12-02, 8:00:20 a.m.,"Ethereum above ___ on December 2?","Yes",0.974,118835.177285,100,2.60,https://polymarket.com/event/ethereum-above-on-december-2
2025-12-02, 8:00:20 a.m.,"Ethereum above ___ on December 2?","Yes",0.974,118835.177285,100,2.60,https://polymarket.com/event/ethereum-above-on-december-2
2025-12-02, 8:00:20 a.m.,"Ethereum above ___ on December 2?","Yes",0.974,118835.177285,100,2.60,https://polymarket.com/event/ethereum-above-on-december-2
2025-12-02, 8:00:20 a.m.,"Ethereum above ___ on December 2?","Yes",0.974,118835.177285,100,2.60,https://polymarket.com/event/ethereum-above-on-december-2
2025-12-02, 8:04:53 a.m.,"Bitcoin above ___ on December 2?","No",0.977,349864.165178,100,2.30,https://polymarket.com/event/bitcoin-above-on-december-2
2025-12-02, 8:04:53 a.m.,"Bitcoin above ___ on December 2?","No",0.977,349864.165178,100,2.30,https://polymarket.com/event/bitcoin-above-on-december-2
2025-12-02, 8:04:53 a.m.,"Bitcoin above ___ on December 2?","No",0.977,349864.165178,100,2.30,https://polymarket.com/event/bitcoin-above-on-december-2
2025-12-02, 8:04:53 a.m.,"Bitcoin above ___ on December 2?","No",0.977,349864.165178,100,2.30,https://polymarket.com/event/bitcoin-above-on-december-2
2025-12-02, 8:04:53 a.m.,"Bitcoin above ___ on December 2?","No",0.977,349864.165178,100,2.30,https://polymarket.com/event/bitcoin-above-on-december-2
2025-12-02, 8:04:53 a.m.,"Bitcoin above ___ on December 2?","No",0.977,349864.165178,100,2.30,https://polymarket.com/event/bitcoin-above-on-december-2
2025-12-02, 8:04:53 a.m.,"Bitcoin above ___ on December 2?","No",0.977,349864.165178,100,2.30,https://polymarket.com/event/bitcoin-above-on-december-2
2025-12-02, 8:04:53 a.m.,"Bitcoin above ___ on December 2?","No",0.977,349864.165178,100,2.30,https://polymarket.com/event/bitcoin-above-on-december-2
2025-12-02, 8:04:53 a.m.,"Bitcoin above ___ on December 2?","No",0.977,349864.165178,100,2.30,https://polymarket.com/event/bitcoin-above-on-december-2
2025-12-02, 8:04:53 a.m.,"Bitcoin above ___ on December 2?","No",0.977,349864.165178,100,2.30,https://polymarket.com/event/bitcoin-above-on-december-2
2025-12-02, 8:04:53 a.m.,"Bitcoin above ___ on December 2?","No",0.977,349864.165178,100,2.30,https://polymarket.com/event/bitcoin-above-on-december-2
2025-12-02, 8:05:36 a.m.,"Ethereum above ___ on December 2?","Yes",0.975,118835.177285,100,2.50,https://polymarket.com/event/ethereum-above-on-december-2
2025-12-02, 8:05:36 a.m.,"Ethereum above ___ on December 2?","Yes",0.975,118835.177285,100,2.50,https://polymarket.com/event/ethereum-above-on-december-2
2025-12-02, 8:05:36 a.m.,"Ethereum above ___ on December 2?","Yes",0.975,118835.177285,100,2.50,https://polymarket.com/event/ethereum-above-on-december-2
2025-12-02, 8:05:36 a.m.,"Ethereum above ___ on December 2?","Yes",0.975,118835.177285,100,2.50,https://polymarket.com/event/ethereum-above-on-december-2
2025-12-02, 8:05:36 a.m.,"Ethereum above ___ on December 2?","Yes",0.975,118835.177285,100,2.50,https://polymarket.com/event/ethereum-above-on-december-2
2025-12-02, 8:05:36 a.m.,"Ethereum above ___ on December 2?","Yes",0.975,118835.177285,100,2.50,https://polymarket.com/event/ethereum-above-on-december-2
2025-12-02, 8:05:36 a.m.,"Ethereum above ___ on December 2?","Yes",0.975,118835.177285,100,2.50,https://polymarket.com/event/ethereum-above-on-december-2
2025-12-02, 8:05:36 a.m.,"Ethereum above ___ on December 2?","Yes",0.975,118835.177285,100,2.50,https://polymarket.com/event/ethereum-above-on-december-2
2025-12-02, 8:05:36 a.m.,"Ethereum above ___ on December 2?","Yes",0.975,118835.177285,100,2.50,https://polymarket.com/event/ethereum-above-on-december-2
2025-12-02, 8:05:36 a.m.,"Ethereum above ___ on December 2?","Yes",0.975,118835.177285,100,2.50,https://polymarket.com/event/ethereum-above-on-december-2
2025-12-02, 8:05:36 a.m.,"Ethereum above ___ on December 2?","Yes",0.975,118835.177285,100,2.50,https://polymarket.com/event/ethereum-above-on-december-2
2025-12-02, 8:09:01 a.m.,"Ethereum above ___ on December 2?","Yes",0.976,118835.177285,100,2.40,https://polymarket.com/event/ethereum-above-on-december-2
2025-12-02, 8:09:01 a.m.,"Ethereum above ___ on December 2?","Yes",0.976,118835.177285,100,2.40,https://polymarket.com/event/ethereum-above-on-december-2
2025-12-02, 8:09:01 a.m.,"Ethereum above ___ on December 2?","Yes",0.976,118835.177285,100,2.40,https://polymarket.com/event/ethereum-above-on-december-2
2025-12-02, 8:09:01 a.m.,"Ethereum above ___ on December 2?","Yes",0.976,118835.177285,100,2.40,https://polymarket.com/event/ethereum-above-on-december-2
2025-12-02, 8:09:01 a.m.,"Ethereum above ___ on December 2?","Yes",0.976,118835.177285,100,2.40,https://polymarket.com/event/ethereum-above-on-december-2
2025-12-02, 8:09:01 a.m.,"Ethereum above ___ on December 2?","Yes",0.976,118835.177285,100,2.40,https://polymarket.com/event/ethereum-above-on-december-2
2025-12-02, 8:09:01 a.m.,"Ethereum above ___ on December 2?","Yes",0.976,118835.177285,100,2.40,https://polymarket.com/event/ethereum-above-on-december-2
2025-12-02, 8:09:01 a.m.,"Ethereum above ___ on December 2?","Yes",0.976,118835.177285,100,2.40,https://polymarket.com/event/ethereum-above-on-december-2
2025-12-02, 8:09:01 a.m.,"Ethereum above ___ on December 2?","Yes",0.976,118835.177285,100,2.40,https://polymarket.com/event/ethereum-above-on-december-2
2025-12-02, 8:09:01 a.m.,"Ethereum above ___ on December 2?","Yes",0.976,118835.177285,100,2.40,https://polymarket.com/event/ethereum-above-on-december-2
2025-12-02, 8:09:01 a.m.,"Ethereum above ___ on December 2?","Yes",0.976,118835.177285,100,2.40,https://polymarket.com/event/ethereum-above-on-december-2
2025-12-02, 8:10:15 a.m.,"Ethereum above ___ on December 2?","Yes",0.977,118835.177285,100,2.30,https://polymarket.com/event/ethereum-above-on-december-2
2025-12-02, 8:10:15 a.m.,"Ethereum above ___ on December 2?","Yes",0.977,118835.177285,100,2.30,https://polymarket.com/event/ethereum-above-on-december-2
2025-12-02, 8:10:15 a.m.,"Ethereum above ___ on December 2?","Yes",0.977,118835.177285,100,2.30,https://polymarket.com/event/ethereum-above-on-december-2
2025-12-02, 8:10:15 a.m.,"Ethereum above ___ on December 2?","Yes",0.977,118835.177285,100,2.30,https://polymarket.com/event/ethereum-above-on-december-2
2025-12-02, 8:10:15 a.m.,"Ethereum above ___ on December 2?","Yes",0.977,118835.177285,100,2.30,https://polymarket.com/event/ethereum-above-on-december-2
2025-12-02, 8:10:15 a.m.,"Ethereum above ___ on December 2?","Yes",0.977,118835.177285,100,2.30,https://polymarket.com/event/ethereum-above-on-december-2
2025-12-02, 8:10:15 a.m.,"Ethereum above ___ on December 2?","Yes",0.977,118835.177285,100,2.30,https://polymarket.com/event/ethereum-above-on-december-2
2025-12-02, 8:10:15 a.m.,"Ethereum above ___ on December 2?","Yes",0.977,118835.177285,100,2.30,https://polymarket.com/event/ethereum-above-on-december-2
2025-12-02, 8:10:15 a.m.,"Ethereum above ___ on December 2?","Yes",0.977,118835.177285,100,2.30,https://polymarket.com/event/ethereum-above-on-december-2
2025-12-02, 8:10:15 a.m.,"Ethereum above ___ on December 2?","Yes",0.977,118835.177285,100,2.30,https://polymarket.com/event/ethereum-above-on-december-2
2025-12-02, 8:10:15 a.m.,"Ethereum above ___ on December 2?","Yes",0.977,118835.177285,100,2.30,https://polymarket.com/event/ethereum-above-on-december-2
2025-12-02, 8:11:18 a.m.,"Ethereum above ___ on December 2?","Yes",0.978,118835.177285,100,2.20,https://polymarket.com/event/ethereum-above-on-december-2
2025-12-02, 8:11:18 a.m.,"Ethereum above ___ on December 2?","Yes",0.978,118835.177285,100,2.20,https://polymarket.com/event/ethereum-above-on-december-2
2025-12-02, 8:11:18 a.m.,"Ethereum above ___ on December 2?","Yes",0.978,118835.177285,100,2.20,https://polymarket.com/event/ethereum-above-on-december-2
2025-12-02, 8:11:18 a.m.,"Ethereum above ___ on December 2?","Yes",0.978,118835.177285,100,2.20,https://polymarket.com/event/ethereum-above-on-december-2
2025-12-02, 8:11:18 a.m.,"Ethereum above ___ on December 2?","Yes",0.978,118835.177285,100,2.20,https://polymarket.com/event/ethereum-above-on-december-2
2025-12-02, 8:11:18 a.m.,"Ethereum above ___ on December 2?","Yes",0.978,118835.177285,100,2.20,https://polymarket.com/event/ethereum-above-on-december-2
2025-12-02, 8:11:18 a.m.,"Ethereum above ___ on December 2?","Yes",0.978,118835.177285,100,2.20,https://polymarket.com/event/ethereum-above-on-december-2
2025-12-02, 8:11:18 a.m.,"Ethereum above ___ on December 2?","Yes",0.978,118835.177285,100,2.20,https://polymarket.com/event/ethereum-above-on-december-2
2025-12-02, 8:11:18 a.m.,"Ethereum above ___ on December 2?","Yes",0.978,118835.177285,100,2.20,https://polymarket.com/event/ethereum-above-on-december-2
2025-12-02, 8:11:18 a.m.,"Ethereum above ___ on December 2?","Yes",0.978,118835.177285,100,2.20,https://polymarket.com/event/ethereum-above-on-december-2
2025-12-02, 8:11:18 a.m.,"Ethereum above ___ on December 2?","Yes",0.978,118835.177285,100,2.20,https://polymarket.com/event/ethereum-above-on-december-2
2025-12-02, 8:18:54 a.m.,"Ethereum above ___ on December 2?","Yes",0.978,119767.083766,100,2.20,https://polymarket.com/event/ethereum-above-on-december-2
2025-12-02, 8:18:54 a.m.,"Ethereum above ___ on December 2?","Yes",0.978,119767.083766,100,2.20,https://polymarket.com/event/ethereum-above-on-december-2
2025-12-02, 8:18:54 a.m.,"Ethereum above ___ on December 2?","Yes",0.978,119767.083766,100,2.20,https://polymarket.com/event/ethereum-above-on-december-2
2025-12-02, 8:18:54 a.m.,"Ethereum above ___ on December 2?","Yes",0.978,119767.083766,100,2.20,https://polymarket.com/event/ethereum-above-on-december-2
2025-12-02, 8:18:54 a.m.,"Ethereum above ___ on December 2?","Yes",0.978,119767.083766,100,2.20,https://polymarket.com/event/ethereum-above-on-december-2
2025-12-02, 8:18:54 a.m.,"Ethereum above ___ on December 2?","Yes",0.978,119767.083766,100,2.20,https://polymarket.com/event/ethereum-above-on-december-2
2025-12-02, 8:18:54 a.m.,"Ethereum above ___ on December 2?","Yes",0.978,119767.083766,100,2.20,https://polymarket.com/event/ethereum-above-on-december-2
2025-12-02, 8:18:54 a.m.,"Ethereum above ___ on December 2?","Yes",0.978,119767.083766,100,2.20,https://polymarket.com/event/ethereum-above-on-december-2
2025-12-02, 8:18:54 a.m.,"Ethereum above ___ on December 2?","Yes",0.978,119767.083766,100,2.20,https://polymarket.com/event/ethereum-above-on-december-2
2025-12-02, 8:18:54 a.m.,"Ethereum above ___ on December 2?","Yes",0.978,119767.083766,100,2.20,https://polymarket.com/event/ethereum-above-on-december-2
2025-12-02, 8:18:54 a.m.,"Ethereum above ___ on December 2?","Yes",0.978,119767.083766,100,2.20,https://polymarket.com/event/ethereum-above-on-december-2
2025-12-02, 8:18:54 a.m.,"Ethereum above ___ on December 2?","Yes",0.978,119767.083766,100,2.20,https://polymarket.com/event/ethereum-above-on-december-2
2025-12-02, 8:19:32 a.m.,"Bitcoin above ___ on December 2?","No",0.978,376194.325424,100,2.20,https://polymarket.com/event/bitcoin-above-on-december-2
2025-12-02, 8:19:32 a.m.,"Bitcoin above ___ on December 2?","No",0.978,376194.325424,100,2.20,https://polymarket.com/event/bitcoin-above-on-december-2
2025-12-02, 8:19:32 a.m.,"Bitcoin above ___ on December 2?","No",0.978,376194.325424,100,2.20,https://polymarket.com/event/bitcoin-above-on-december-2
2025-12-02, 8:19:32 a.m.,"Bitcoin above ___ on December 2?","No",0.978,376194.325424,100,2.20,https://polymarket.com/event/bitcoin-above-on-december-2
2025-12-02, 8:19:32 a.m.,"Bitcoin above ___ on December 2?","No",0.978,376194.325424,100,2.20,https://polymarket.com/event/bitcoin-above-on-december-2
2025-12-02, 8:19:32 a.m.,"Bitcoin above ___ on December 2?","No",0.978,376194.325424,100,2.20,https://polymarket.com/event/bitcoin-above-on-december-2
2025-12-02, 8:19:32 a.m.,"Bitcoin above ___ on December 2?","No",0.978,376194.325424,100,2.20,https://polymarket.com/event/bitcoin-above-on-december-2
2025-12-02, 8:19:32 a.m.,"Bitcoin above ___ on December 2?","No",0.978,376194.325424,100,2.20,https://polymarket.com/event/bitcoin-above-on-december-2
2025-12-02, 8:19:32 a.m.,"Bitcoin above ___ on December 2?","No",0.978,376194.325424,100,2.20,https://polymarket.com/event/bitcoin-above-on-december-2
2025-12-02, 8:19:32 a.m.,"Bitcoin above ___ on December 2?","No",0.978,376194.325424,100,2.20,https://polymarket.com/event/bitcoin-above-on-december-2
2025-12-02, 8:19:32 a.m.,"Bitcoin above ___ on December 2?","No",0.978,376194.325424,100,2.20,https://polymarket.com/event/bitcoin-above-on-december-2
2025-12-02, 8:19:32 a.m.,"Bitcoin above ___ on December 2?","No",0.978,376194.325424,100,2.20,https://polymarket.com/event/bitcoin-above-on-december-2
2025-12-02, 8:24:04 a.m.,"Bitcoin above ___ on December 2?","No",0.977,376194.325424,100,2.30,https://polymarket.com/event/bitcoin-above-on-december-2
2025-12-02, 8:24:04 a.m.,"Bitcoin above ___ on December 2?","No",0.977,376194.325424,100,2.30,https://polymarket.com/event/bitcoin-above-on-december-2
2025-12-02, 8:24:04 a.m.,"Bitcoin above ___ on December 2?","No",0.977,376194.325424,100,2.30,https://polymarket.com/event/bitcoin-above-on-december-2
2025-12-02, 8:24:04 a.m.,"Bitcoin above ___ on December 2?","No",0.977,376194.325424,100,2.30,https://polymarket.com/event/bitcoin-above-on-december-2
2025-12-02, 8:24:04 a.m.,"Bitcoin above ___ on December 2?","No",0.977,376194.325424,100,2.30,https://polymarket.com/event/bitcoin-above-on-december-2
2025-12-02, 8:24:04 a.m.,"Bitcoin above ___ on December 2?","No",0.977,376194.325424,100,2.30,https://polymarket.com/event/bitcoin-above-on-december-2
2025-12-02, 8:24:04 a.m.,"Bitcoin above ___ on December 2?","No",0.977,376194.325424,100,2.30,https://polymarket.com/event/bitcoin-above-on-december-2
2025-12-02, 8:24:04 a.m.,"Bitcoin above ___ on December 2?","No",0.977,376194.325424,100,2.30,https://polymarket.com/event/bitcoin-above-on-december-2
2025-12-02, 8:24:04 a.m.,"Bitcoin above ___ on December 2?","No",0.977,376194.325424,100,2.30,https://polymarket.com/event/bitcoin-above-on-december-2
2025-12-02, 8:24:04 a.m.,"Bitcoin above ___ on December 2?","No",0.977,376194.325424,100,2.30,https://polymarket.com/event/bitcoin-above-on-december-2
2025-12-02, 8:24:04 a.m.,"Bitcoin above ___ on December 2?","No",0.977,376194.325424,100,2.30,https://polymarket.com/event/bitcoin-above-on-december-2
2025-12-02, 8:24:04 a.m.,"Bitcoin above ___ on December 2?","No",0.977,376194.325424,100,2.30,https://polymarket.com/event/bitcoin-above-on-december-2
2025-12-02, 8:24:59 a.m.,"Ethereum above ___ on December 2?","Yes",0.977,119767.083766,100,2.30,https://polymarket.com/event/ethereum-above-on-december-2
2025-12-02, 8:24:59 a.m.,"Ethereum above ___ on December 2?","Yes",0.977,119767.083766,100,2.30,https://polymarket.com/event/ethereum-above-on-december-2
2025-12-02, 8:24:59 a.m.,"Ethereum above ___ on December 2?","Yes",0.977,119767.083766,100,2.30,https://polymarket.com/event/ethereum-above-on-december-2
2025-12-02, 8:24:59 a.m.,"Ethereum above ___ on December 2?","Yes",0.977,119767.083766,100,2.30,https://polymarket.com/event/ethereum-above-on-december-2
2025-12-02, 8:24:59 a.m.,"Ethereum above ___ on December 2?","Yes",0.977,119767.083766,100,2.30,https://polymarket.com/event/ethereum-above-on-december-2
2025-12-02, 8:24:59 a.m.,"Ethereum above ___ on December 2?","Yes",0.977,119767.083766,100,2.30,https://polymarket.com/event/ethereum-above-on-december-2
2025-12-02, 8:24:59 a.m.,"Ethereum above ___ on December 2?","Yes",0.977,119767.083766,100,2.30,https://polymarket.com/event/ethereum-above-on-december-2
2025-12-02, 8:24:59 a.m.,"Ethereum above ___ on December 2?","Yes",0.977,119767.083766,100,2.30,https://polymarket.com/event/ethereum-above-on-december-2
2025-12-02, 8:24:59 a.m.,"Ethereum above ___ on December 2?","Yes",0.977,119767.083766,100,2.30,https://polymarket.com/event/ethereum-above-on-december-2
2025-12-02, 8:24:59 a.m.,"Ethereum above ___ on December 2?","Yes",0.977,119767.083766,100,2.30,https://polymarket.com/event/ethereum-above-on-december-2
2025-12-02, 8:24:59 a.m.,"Ethereum above ___ on December 2?","Yes",0.977,119767.083766,100,2.30,https://polymarket.com/event/ethereum-above-on-december-2
2025-12-02, 8:24:59 a.m.,"Ethereum above ___ on December 2?","Yes",0.977,119767.083766,100,2.30,https://polymarket.com/event/ethereum-above-on-december-2
2025-12-02, 8:26:47 a.m.,"Bitcoin above ___ on December 2?","No",0.979,376194.325424,100,2.10,https://polymarket.com/event/bitcoin-above-on-december-2
2025-12-02, 8:26:47 a.m.,"Bitcoin above ___ on December 2?","No",0.979,376194.325424,100,2.10,https://polymarket.com/event/bitcoin-above-on-december-2
2025-12-02, 8:26:47 a.m.,"Bitcoin above ___ on December 2?","No",0.979,376194.325424,100,2.10,https://polymarket.com/event/bitcoin-above-on-december-2
2025-12-02, 8:26:47 a.m.,"Bitcoin above ___ on December 2?","No",0.979,376194.325424,100,2.10,https://polymarket.com/event/bitcoin-above-on-december-2
2025-12-02, 8:26:47 a.m.,"Bitcoin above ___ on December 2?","No",0.979,376194.325424,100,2.10,https://polymarket.com/event/bitcoin-above-on-december-2
2025-12-02, 8:26:47 a.m.,"Bitcoin above ___ on December 2?","No",0.979,376194.325424,100,2.10,https://polymarket.com/event/bitcoin-above-on-december-2
2025-12-02, 8:26:47 a.m.,"Bitcoin above ___ on December 2?","No",0.979,376194.325424,100,2.10,https://polymarket.com/event/bitcoin-above-on-december-2
2025-12-02, 8:26:47 a.m.,"Bitcoin above ___ on December 2?","No",0.979,376194.325424,100,2.10,https://polymarket.com/event/bitcoin-above-on-december-2
2025-12-02, 8:26:47 a.m.,"Bitcoin above ___ on December 2?","No",0.979,376194.325424,100,2.10,https://polymarket.com/event/bitcoin-above-on-december-2
2025-12-02, 8:26:47 a.m.,"Bitcoin above ___ on December 2?","No",0.979,376194.325424,100,2.10,https://polymarket.com/event/bitcoin-above-on-december-2
2025-12-02, 8:26:47 a.m.,"Bitcoin above ___ on December 2?","No",0.979,376194.325424,100,2.10,https://polymarket.com/event/bitcoin-above-on-december-2
2025-12-02, 8:26:47 a.m.,"Bitcoin above ___ on December 2?","No",0.979,376194.325424,100,2.10,https://polymarket.com/event/bitcoin-above-on-december-2
2025-12-02, 8:27:56 a.m.,"Ethereum above ___ on December 2?","Yes",0.978,119767.083766,100,2.20,https://polymarket.com/event/ethereum-above-on-december-2
2025-12-02, 8:27:56 a.m.,"Ethereum above ___ on December 2?","Yes",0.978,119767.083766,100,2.20,https://polymarket.com/event/ethereum-above-on-december-2
2025-12-02, 8:27:56 a.m.,"Ethereum above ___ on December 2?","Yes",0.978,119767.083766,100,2.20,https://polymarket.com/event/ethereum-above-on-december-2
2025-12-02, 8:27:56 a.m.,"Ethereum above ___ on December 2?","Yes",0.978,119767.083766,100,2.20,https://polymarket.com/event/ethereum-above-on-december-2
2025-12-02, 8:27:56 a.m.,"Ethereum above ___ on December 2?","Yes",0.978,119767.083766,100,2.20,https://polymarket.com/event/ethereum-above-on-december-2
2025-12-02, 8:27:56 a.m.,"Ethereum above ___ on December 2?","Yes",0.978,119767.083766,100,2.20,https://polymarket.com/event/ethereum-above-on-december-2
2025-12-02, 8:27:56 a.m.,"Ethereum above ___ on December 2?","Yes",0.978,119767.083766,100,2.20,https://polymarket.com/event/ethereum-above-on-december-2
2025-12-02, 8:27:56 a.m.,"Ethereum above ___ on December 2?","Yes",0.978,119767.083766,100,2.20,https://polymarket.com/event/ethereum-above-on-december-2
2025-12-02, 8:27:56 a.m.,"Ethereum above ___ on December 2?","Yes",0.978,119767.083766,100,2.20,https://polymarket.com/event/ethereum-above-on-december-2
2025-12-02, 8:27:56 a.m.,"Ethereum above ___ on December 2?","Yes",0.978,119767.083766,100,2.20,https://polymarket.com/event/ethereum-above-on-december-2
2025-12-02, 8:27:56 a.m.,"Ethereum above ___ on December 2?","Yes",0.978,119767.083766,100,2.20,https://polymarket.com/event/ethereum-above-on-december-2
2025-12-02, 8:27:56 a.m.,"Ethereum above ___ on December 2?","Yes",0.978,119767.083766,100,2.20,https://polymarket.com/event/ethereum-above-on-december-2
2025-12-02, 8:30:39 a.m.,"Ethereum above ___ on December 2?","Yes",0.979,119767.083766,100,2.10,https://polymarket.com/event/ethereum-above-on-december-2
2025-12-02, 8:30:39 a.m.,"Ethereum above ___ on December 2?","Yes",0.979,119767.083766,100,2.10,https://polymarket.com/event/ethereum-above-on-december-2
2025-12-02, 8:30:39 a.m.,"Ethereum above ___ on December 2?","Yes",0.979,119767.083766,100,2.10,https://polymarket.com/event/ethereum-above-on-december-2
2025-12-02, 8:30:39 a.m.,"Ethereum above ___ on December 2?","Yes",0.979,119767.083766,100,2.10,https://polymarket.com/event/ethereum-above-on-december-2
2025-12-02, 8:30:39 a.m.,"Ethereum above ___ on December 2?","Yes",0.979,119767.083766,100,2.10,https://polymarket.com/event/ethereum-above-on-december-2
2025-12-02, 8:30:39 a.m.,"Ethereum above ___ on December 2?","Yes",0.979,119767.083766,100,2.10,https://polymarket.com/event/ethereum-above-on-december-2
2025-12-02, 8:30:39 a.m.,"Ethereum above ___ on December 2?","Yes",0.979,119767.083766,100,2.10,https://polymarket.com/event/ethereum-above-on-december-2
2025-12-02, 8:30:39 a.m.,"Ethereum above ___ on December 2?","Yes",0.979,119767.083766,100,2.10,https://polymarket.com/event/ethereum-above-on-december-2
2025-12-02, 8:30:39 a.m.,"Ethereum above ___ on December 2?","Yes",0.979,119767.083766,100,2.10,https://polymarket.com/event/ethereum-above-on-december-2
2025-12-02, 8:30:39 a.m.,"Ethereum above ___ on December 2?","Yes",0.979,119767.083766,100,2.10,https://polymarket.com/event/ethereum-above-on-december-2
2025-12-02, 8:30:39 a.m.,"Ethereum above ___ on December 2?","Yes",0.979,119767.083766,100,2.10,https://polymarket.com/event/ethereum-above-on-december-2
2025-12-02, 8:30:39 a.m.,"Ethereum above ___ on December 2?","Yes",0.979,119767.083766,100,2.10,https://polymarket.com/event/ethereum-above-on-december-2
2025-12-02, 8:41:09 a.m.,"Ethereum above ___ on December 2?","Yes",0.98,119767.083766,100,2.00,https://polymarket.com/event/ethereum-above-on-december-2
2025-12-02, 8:41:09 a.m.,"Ethereum above ___ on December 2?","Yes",0.98,119767.083766,100,2.00,https://polymarket.com/event/ethereum-above-on-december-2
2025-12-02, 8:41:09 a.m.,"Ethereum above ___ on December 2?","Yes",0.98,119767.083766,100,2.00,https://polymarket.com/event/ethereum-above-on-december-2
2025-12-02, 8:41:09 a.m.,"Ethereum above ___ on December 2?","Yes",0.98,119767.083766,100,2.00,https://polymarket.com/event/ethereum-above-on-december-2
2025-12-02, 8:41:09 a.m.,"Ethereum above ___ on December 2?","Yes",0.98,119767.083766,100,2.00,https://polymarket.com/event/ethereum-above-on-december-2
2025-12-02, 8:41:09 a.m.,"Ethereum above ___ on December 2?","Yes",0.98,119767.083766,100,2.00,https://polymarket.com/event/ethereum-above-on-december-2
2025-12-02, 8:41:09 a.m.,"Ethereum above ___ on December 2?","Yes",0.98,119767.083766,100,2.00,https://polymarket.com/event/ethereum-above-on-december-2
2025-12-02, 8:41:09 a.m.,"Ethereum above ___ on December 2?","Yes",0.98,119767.083766,100,2.00,https://polymarket.com/event/ethereum-above-on-december-2
2025-12-02, 8:41:09 a.m.,"Ethereum above ___ on December 2?","Yes",0.98,119767.083766,100,2.00,https://polymarket.com/event/ethereum-above-on-december-2
2025-12-02, 8:41:09 a.m.,"Ethereum above ___ on December 2?","Yes",0.98,119767.083766,100,2.00,https://polymarket.com/event/ethereum-above-on-december-2
2025-12-02, 8:41:09 a.m.,"Ethereum above ___ on December 2?","Yes",0.98,119767.083766,100,2.00,https://polymarket.com/event/ethereum-above-on-december-2
2025-12-02, 8:41:09 a.m.,"Ethereum above ___ on December 2?","Yes",0.98,119767.083766,100,2.00,https://polymarket.com/event/ethereum-above-on-december-2
2025-12-02, 8:43:37 a.m.,"Ethereum above ___ on December 2?","Yes",0.977,120174.48091,100,2.30,https://polymarket.com/event/ethereum-above-on-december-2
2025-12-02, 8:43:37 a.m.,"Ethereum above ___ on December 2?","Yes",0.977,120174.48091,100,2.30,https://polymarket.com/event/ethereum-above-on-december-2
2025-12-02, 8:43:37 a.m.,"Ethereum above ___ on December 2?","Yes",0.977,120174.48091,100,2.30,https://polymarket.com/event/ethereum-above-on-december-2
2025-12-02, 8:43:37 a.m.,"Ethereum above ___ on December 2?","Yes",0.977,120174.48091,100,2.30,https://polymarket.com/event/ethereum-above-on-december-2
2025-12-02, 8:43:37 a.m.,"Ethereum above ___ on December 2?","Yes",0.977,120174.48091,100,2.30,https://polymarket.com/event/ethereum-above-on-december-2
2025-12-02, 8:43:37 a.m.,"Ethereum above ___ on December 2?","Yes",0.977,120174.48091,100,2.30,https://polymarket.com/event/ethereum-above-on-december-2
2025-12-02, 8:43:37 a.m.,"Ethereum above ___ on December 2?","Yes",0.977,120174.48091,100,2.30,https://polymarket.com/event/ethereum-above-on-december-2
2025-12-02, 8:43:37 a.m.,"Ethereum above ___ on December 2?","Yes",0.977,120174.48091,100,2.30,https://polymarket.com/event/ethereum-above-on-december-2
2025-12-02, 8:43:37 a.m.,"Ethereum above ___ on December 2?","Yes",0.977,120174.48091,100,2.30,https://polymarket.com/event/ethereum-above-on-december-2
2025-12-02, 8:43:37 a.m.,"Ethereum above ___ on December 2?","Yes",0.977,120174.48091,100,2.30,https://polymarket.com/event/ethereum-above-on-december-2
2025-12-02, 8:43:37 a.m.,"Ethereum above ___ on December 2?","Yes",0.977,120174.48091,100,2.30,https://polymarket.com/event/ethereum-above-on-december-2
2025-12-02, 8:43:37 a.m.,"Ethereum above ___ on December 2?","Yes",0.977,120174.48091,100,2.30,https://polymarket.com/event/ethereum-above-on-december-2
2025-12-02, 8:43:37 a.m.,"Ethereum above ___ on December 2?","Yes",0.977,120174.48091,100,2.30,https://polymarket.com/event/ethereum-above-on-december-2
2025-12-02, 8:52:08 a.m.,"Ethereum above ___ on December 2?","Yes",0.977,120174.48091,100,2.30,https://polymarket.com/event/ethereum-above-on-december-2
2025-12-02, 8:52:08 a.m.,"Ethereum above ___ on December 2?","Yes",0.977,120174.48091,100,2.30,https://polymarket.com/event/ethereum-above-on-december-2
2025-12-02, 8:52:08 a.m.,"Ethereum above ___ on December 2?","Yes",0.977,120174.48091,100,2.30,https://polymarket.com/event/ethereum-above-on-december-2
2025-12-02, 8:52:08 a.m.,"Ethereum above ___ on December 2?","Yes",0.977,120174.48091,100,2.30,https://polymarket.com/event/ethereum-above-on-december-2
2025-12-02, 8:52:08 a.m.,"Ethereum above ___ on December 2?","Yes",0.977,120174.48091,100,2.30,https://polymarket.com/event/ethereum-above-on-december-2
2025-12-02, 8:52:08 a.m.,"Ethereum above ___ on December 2?","Yes",0.977,120174.48091,100,2.30,https://polymarket.com/event/ethereum-above-on-december-2
2025-12-02, 8:52:08 a.m.,"Ethereum above ___ on December 2?","Yes",0.977,120174.48091,100,2.30,https://polymarket.com/event/ethereum-above-on-december-2
2025-12-02, 8:52:08 a.m.,"Ethereum above ___ on December 2?","Yes",0.977,120174.48091,100,2.30,https://polymarket.com/event/ethereum-above-on-december-2
2025-12-02, 8:52:08 a.m.,"Ethereum above ___ on December 2?","Yes",0.977,120174.48091,100,2.30,https://polymarket.com/event/ethereum-above-on-december-2
2025-12-02, 8:52:08 a.m.,"Ethereum above ___ on December 2?","Yes",0.977,120174.48091,100,2.30,https://polymarket.com/event/ethereum-above-on-december-2
2025-12-02, 8:52:08 a.m.,"Ethereum above ___ on December 2?","Yes",0.977,120174.48091,100,2.30,https://polymarket.com/event/ethereum-above-on-december-2
2025-12-02, 8:52:08 a.m.,"Ethereum above ___ on December 2?","Yes",0.977,120174.48091,100,2.30,https://polymarket.com/event/ethereum-above-on-december-2
2025-12-02, 8:52:08 a.m.,"Ethereum above ___ on December 2?","Yes",0.977,120174.48091,100,2.30,https://polymarket.com/event/ethereum-above-on-december-2
2025-12-02, 9:02:46 a.m.,"Ethereum above ___ on December 2?","Yes",0.979,120174.48091,100,2.10,https://polymarket.com/event/ethereum-above-on-december-2
2025-12-02, 9:02:46 a.m.,"Ethereum above ___ on December 2?","Yes",0.979,120174.48091,100,2.10,https://polymarket.com/event/ethereum-above-on-december-2
2025-12-02, 9:02:46 a.m.,"Ethereum above ___ on December 2?","Yes",0.979,120174.48091,100,2.10,https://polymarket.com/event/ethereum-above-on-december-2
2025-12-02, 9:02:46 a.m.,"Ethereum above ___ on December 2?","Yes",0.979,120174.48091,100,2.10,https://polymarket.com/event/ethereum-above-on-december-2
2025-12-02, 9:02:46 a.m.,"Ethereum above ___ on December 2?","Yes",0.979,120174.48091,100,2.10,https://polymarket.com/event/ethereum-above-on-december-2
2025-12-02, 9:02:46 a.m.,"Ethereum above ___ on December 2?","Yes",0.979,120174.48091,100,2.10,https://polymarket.com/event/ethereum-above-on-december-2
2025-12-02, 9:02:46 a.m.,"Ethereum above ___ on December 2?","Yes",0.979,120174.48091,100,2.10,https://polymarket.com/event/ethereum-above-on-december-2
2025-12-02, 9:02:46 a.m.,"Ethereum above ___ on December 2?","Yes",0.979,120174.48091,100,2.10,https://polymarket.com/event/ethereum-above-on-december-2
2025-12-02, 9:02:46 a.m.,"Ethereum above ___ on December 2?","Yes",0.979,120174.48091,100,2.10,https://polymarket.com/event/ethereum-above-on-december-2
2025-12-02, 9:02:46 a.m.,"Ethereum above ___ on December 2?","Yes",0.979,120174.48091,100,2.10,https://polymarket.com/event/ethereum-above-on-december-2
2025-12-02, 9:02:46 a.m.,"Ethereum above ___ on December 2?","Yes",0.979,120174.48091,100,2.10,https://polymarket.com/event/ethereum-above-on-december-2
2025-12-02, 9:02:46 a.m.,"Ethereum above ___ on December 2?","Yes",0.979,120174.48091,100,2.10,https://polymarket.com/event/ethereum-above-on-december-2
2025-12-02, 9:02:46 a.m.,"Ethereum above ___ on December 2?","Yes",0.979,120174.48091,100,2.10,https://polymarket.com/event/ethereum-above-on-december-2
2025-12-02, 9:03:55 a.m.,"Ethereum above ___ on December 2?","Yes",0.98,120174.48091,100,2.00,https://polymarket.com/event/ethereum-above-on-december-2
2025-12-02, 9:03:55 a.m.,"Ethereum above ___ on December 2?","Yes",0.98,120174.48091,100,2.00,https://polymarket.com/event/ethereum-above-on-december-2
2025-12-02, 9:03:55 a.m.,"Ethereum above ___ on December 2?","Yes",0.98,120174.48091,100,2.00,https://polymarket.com/event/ethereum-above-on-december-2
2025-12-02, 9:03:55 a.m.,"Ethereum above ___ on December 2?","Yes",0.98,120174.48091,100,2.00,https://polymarket.com/event/ethereum-above-on-december-2
2025-12-02, 9:03:55 a.m.,"Ethereum above ___ on December 2?","Yes",0.98,120174.48091,100,2.00,https://polymarket.com/event/ethereum-above-on-december-2
2025-12-02, 9:03:55 a.m.,"Ethereum above ___ on December 2?","Yes",0.98,120174.48091,100,2.00,https://polymarket.com/event/ethereum-above-on-december-2
2025-12-02, 9:03:55 a.m.,"Ethereum above ___ on December 2?","Yes",0.98,120174.48091,100,2.00,https://polymarket.com/event/ethereum-above-on-december-2
2025-12-02, 9:03:55 a.m.,"Ethereum above ___ on December 2?","Yes",0.98,120174.48091,100,2.00,https://polymarket.com/event/ethereum-above-on-december-2
2025-12-02, 9:03:55 a.m.,"Ethereum above ___ on December 2?","Yes",0.98,120174.48091,100,2.00,https://polymarket.com/event/ethereum-above-on-december-2
2025-12-02, 9:03:55 a.m.,"Ethereum above ___ on December 2?","Yes",0.98,120174.48091,100,2.00,https://polymarket.com/event/ethereum-above-on-december-2
2025-12-02, 9:03:55 a.m.,"Ethereum above ___ on December 2?","Yes",0.98,120174.48091,100,2.00,https://polymarket.com/event/ethereum-above-on-december-2
2025-12-02, 9:03:55 a.m.,"Ethereum above ___ on December 2?","Yes",0.98,120174.48091,100,2.00,https://polymarket.com/event/ethereum-above-on-december-2
2025-12-02, 9:03:55 a.m.,"Ethereum above ___ on December 2?","Yes",0.98,120174.48091,100,2.00,https://polymarket.com/event/ethereum-above-on-december-2
2025-12-02, 9:04:59 a.m.,"Ethereum above ___ on December 2?","Yes",0.98,120174.48091,100,2.00,https://polymarket.com/event/ethereum-above-on-december-2
2025-12-02, 9:04:59 a.m.,"Ethereum above ___ on December 2?","Yes",0.98,120174.48091,100,2.00,https://polymarket.com/event/ethereum-above-on-december-2
2025-12-02, 9:04:59 a.m.,"Ethereum above ___ on December 2?","Yes",0.98,120174.48091,100,2.00,https://polymarket.com/event/ethereum-above-on-december-2
2025-12-02, 9:04:59 a.m.,"Ethereum above ___ on December 2?","Yes",0.98,120174.48091,100,2.00,https://polymarket.com/event/ethereum-above-on-december-2
2025-12-02, 9:04:59 a.m.,"Ethereum above ___ on December 2?","Yes",0.98,120174.48091,100,2.00,https://polymarket.com/event/ethereum-above-on-december-2
2025-12-02, 9:04:59 a.m.,"Ethereum above ___ on December 2?","Yes",0.98,120174.48091,100,2.00,https://polymarket.com/event/ethereum-above-on-december-2
2025-12-02, 9:04:59 a.m.,"Ethereum above ___ on December 2?","Yes",0.98,120174.48091,100,2.00,https://polymarket.com/event/ethereum-above-on-december-2
2025-12-02, 9:04:59 a.m.,"Ethereum above ___ on December 2?","Yes",0.98,120174.48091,100,2.00,https://polymarket.com/event/ethereum-above-on-december-2
2025-12-02, 9:04:59 a.m.,"Ethereum above ___ on December 2?","Yes",0.98,120174.48091,100,2.00,https://polymarket.com/event/ethereum-above-on-december-2
2025-12-02, 9:04:59 a.m.,"Ethereum above ___ on December 2?","Yes",0.98,120174.48091,100,2.00,https://polymarket.com/event/ethereum-above-on-december-2
2025-12-02, 9:04:59 a.m.,"Ethereum above ___ on December 2?","Yes",0.98,120174.48091,100,2.00,https://polymarket.com/event/ethereum-above-on-december-2
2025-12-02, 9:04:59 a.m.,"Ethereum above ___ on December 2?","Yes",0.98,120174.48091,100,2.00,https://polymarket.com/event/ethereum-above-on-december-2
2025-12-02, 9:04:59 a.m.,"Ethereum above ___ on December 2?","Yes",0.98,120174.48091,100,2.00,https://polymarket.com/event/ethereum-above-on-december-2
2025-12-02, 9:10:58 a.m.,"Ethereum above ___ on December 2?","Yes",0.98,120174.48091,100,2.00,https://polymarket.com/event/ethereum-above-on-december-2
2025-12-02, 9:10:58 a.m.,"Ethereum above ___ on December 2?","Yes",0.98,120174.48091,100,2.00,https://polymarket.com/event/ethereum-above-on-december-2
2025-12-02, 9:10:58 a.m.,"Ethereum above ___ on December 2?","Yes",0.98,120174.48091,100,2.00,https://polymarket.com/event/ethereum-above-on-december-2
2025-12-02, 9:10:58 a.m.,"Ethereum above ___ on December 2?","Yes",0.98,120174.48091,100,2.00,https://polymarket.com/event/ethereum-above-on-december-2
2025-12-02, 9:10:58 a.m.,"Ethereum above ___ on December 2?","Yes",0.98,120174.48091,100,2.00,https://polymarket.com/event/ethereum-above-on-december-2
2025-12-02, 9:10:58 a.m.,"Ethereum above ___ on December 2?","Yes",0.98,120174.48091,100,2.00,https://polymarket.com/event/ethereum-above-on-december-2
2025-12-02, 9:10:58 a.m.,"Ethereum above ___ on December 2?","Yes",0.98,120174.48091,100,2.00,https://polymarket.com/event/ethereum-above-on-december-2
2025-12-02, 9:10:58 a.m.,"Ethereum above ___ on December 2?","Yes",0.98,120174.48091,100,2.00,https://polymarket.com/event/ethereum-above-on-december-2
2025-12-02, 9:10:58 a.m.,"Ethereum above ___ on December 2?","Yes",0.98,120174.48091,100,2.00,https://polymarket.com/event/ethereum-above-on-december-2
2025-12-02, 9:10:58 a.m.,"Ethereum above ___ on December 2?","Yes",0.98,120174.48091,100,2.00,https://polymarket.com/event/ethereum-above-on-december-2
2025-12-02, 9:10:58 a.m.,"Ethereum above ___ on December 2?","Yes",0.98,120174.48091,100,2.00,https://polymarket.com/event/ethereum-above-on-december-2
2025-12-02, 9:10:58 a.m.,"Ethereum above ___ on December 2?","Yes",0.98,120174.48091,100,2.00,https://polymarket.com/event/ethereum-above-on-december-2
2025-12-02, 9:10:58 a.m.,"Ethereum above ___ on December 2?","Yes",0.98,120174.48091,100,2.00,https://polymarket.com/event/ethereum-above-on-december-2
2025-12-02, 9:32:17 a.m.,"Bitcoin above ___ on December 2?","Yes",0.966,318700.401677,100,3.40,https://polymarket.com/event/bitcoin-above-on-december-2
2025-12-02, 9:32:17 a.m.,"Bitcoin above ___ on December 2?","Yes",0.966,318700.401677,100,3.40,https://polymarket.com/event/bitcoin-above-on-december-2
2025-12-02, 9:32:17 a.m.,"Bitcoin above ___ on December 2?","Yes",0.966,318700.401677,100,3.40,https://polymarket.com/event/bitcoin-above-on-december-2
2025-12-02, 9:32:17 a.m.,"Bitcoin above ___ on December 2?","Yes",0.966,318700.401677,100,3.40,https://polymarket.com/event/bitcoin-above-on-december-2
2025-12-02, 9:32:17 a.m.,"Bitcoin above ___ on December 2?","Yes",0.966,318700.401677,100,3.40,https://polymarket.com/event/bitcoin-above-on-december-2
2025-12-02, 9:32:17 a.m.,"Bitcoin above ___ on December 2?","Yes",0.966,318700.401677,100,3.40,https://polymarket.com/event/bitcoin-above-on-december-2
2025-12-02, 9:32:17 a.m.,"Bitcoin above ___ on December 2?","Yes",0.966,318700.401677,100,3.40,https://polymarket.com/event/bitcoin-above-on-december-2
2025-12-02, 9:32:17 a.m.,"Bitcoin above ___ on December 2?","Yes",0.966,318700.401677,100,3.40,https://polymarket.com/event/bitcoin-above-on-december-2
2025-12-02, 9:32:17 a.m.,"Bitcoin above ___ on December 2?","Yes",0.966,318700.401677,100,3.40,https://polymarket.com/event/bitcoin-above-on-december-2
2025-12-02, 9:32:17 a.m.,"Bitcoin above ___ on December 2?","Yes",0.966,318700.401677,100,3.40,https://polymarket.com/event/bitcoin-above-on-december-2
2025-12-02, 9:32:17 a.m.,"Bitcoin above ___ on December 2?","Yes",0.966,318700.401677,100,3.40,https://polymarket.com/event/bitcoin-above-on-december-2
2025-12-02, 9:32:17 a.m.,"Bitcoin above ___ on December 2?","Yes",0.966,318700.401677,100,3.40,https://polymarket.com/event/bitcoin-above-on-december-2
2025-12-02, 9:32:17 a.m.,"Bitcoin above ___ on December 2?","Yes",0.966,318700.401677,100,3.40,https://polymarket.com/event/bitcoin-above-on-december-2
2025-12-02, 9:32:17 a.m.,"Bitcoin above ___ on December 2?","Yes",0.966,318700.401677,100,3.40,https://polymarket.com/event/bitcoin-above-on-december-2
2025-12-02, 9:32:49 a.m.,"When will Bitcoin hit $150k?","Yes",0.22,90802.149147,100,78.00,https://polymarket.com/event/when-will-bitcoin-hit-150k
2025-12-02, 9:32:49 a.m.,"When will Bitcoin hit $150k?","Yes",0.22,90802.149147,100,78.00,https://polymarket.com/event/when-will-bitcoin-hit-150k
2025-12-02, 9:32:49 a.m.,"When will Bitcoin hit $150k?","Yes",0.22,90802.149147,100,78.00,https://polymarket.com/event/when-will-bitcoin-hit-150k
2025-12-02, 9:32:49 a.m.,"When will Bitcoin hit $150k?","Yes",0.22,90802.149147,100,78.00,https://polymarket.com/event/when-will-bitcoin-hit-150k
2025-12-02, 9:32:49 a.m.,"When will Bitcoin hit $150k?","Yes",0.22,90802.149147,100,78.00,https://polymarket.com/event/when-will-bitcoin-hit-150k
2025-12-02, 9:32:49 a.m.,"When will Bitcoin hit $150k?","Yes",0.22,90802.149147,100,78.00,https://polymarket.com/event/when-will-bitcoin-hit-150k
2025-12-02, 9:32:49 a.m.,"When will Bitcoin hit $150k?","Yes",0.22,90802.149147,100,78.00,https://polymarket.com/event/when-will-bitcoin-hit-150k
2025-12-02, 9:32:49 a.m.,"When will Bitcoin hit $150k?","Yes",0.22,90802.149147,100,78.00,https://polymarket.com/event/when-will-bitcoin-hit-150k
2025-12-02, 9:32:49 a.m.,"When will Bitcoin hit $150k?","Yes",0.22,90802.149147,100,78.00,https://polymarket.com/event/when-will-bitcoin-hit-150k
2025-12-02, 9:32:49 a.m.,"When will Bitcoin hit $150k?","Yes",0.22,90802.149147,100,78.00,https://polymarket.com/event/when-will-bitcoin-hit-150k
2025-12-02, 9:32:49 a.m.,"When will Bitcoin hit $150k?","Yes",0.22,90802.149147,100,78.00,https://polymarket.com/event/when-will-bitcoin-hit-150k
2025-12-02, 9:32:49 a.m.,"When will Bitcoin hit $150k?","Yes",0.22,90802.149147,100,78.00,https://polymarket.com/event/when-will-bitcoin-hit-150k
2025-12-02, 9:32:49 a.m.,"When will Bitcoin hit $150k?","Yes",0.22,90802.149147,100,78.00,https://polymarket.com/event/when-will-bitcoin-hit-150k
2025-12-02, 9:32:49 a.m.,"When will Bitcoin hit $150k?","Yes",0.22,90802.149147,100,78.00,https://polymarket.com/event/when-will-bitcoin-hit-150k
2025-12-02, 9:39:28 a.m.,"Bitcoin above ___ on December 2?","Yes",0.968,318700.401677,100,3.20,https://polymarket.com/event/bitcoin-above-on-december-2
2025-12-02, 9:39:28 a.m.,"Bitcoin above ___ on December 2?","Yes",0.968,318700.401677,100,3.20,https://polymarket.com/event/bitcoin-above-on-december-2
2025-12-02, 9:39:28 a.m.,"Bitcoin above ___ on December 2?","Yes",0.968,318700.401677,100,3.20,https://polymarket.com/event/bitcoin-above-on-december-2
2025-12-02, 9:39:28 a.m.,"Bitcoin above ___ on December 2?","Yes",0.968,318700.401677,100,3.20,https://polymarket.com/event/bitcoin-above-on-december-2
2025-12-02, 9:39:28 a.m.,"Bitcoin above ___ on December 2?","Yes",0.968,318700.401677,100,3.20,https://polymarket.com/event/bitcoin-above-on-december-2
2025-12-02, 9:39:28 a.m.,"Bitcoin above ___ on December 2?","Yes",0.968,318700.401677,100,3.20,https://polymarket.com/event/bitcoin-above-on-december-2
2025-12-02, 9:39:28 a.m.,"Bitcoin above ___ on December 2?","Yes",0.968,318700.401677,100,3.20,https://polymarket.com/event/bitcoin-above-on-december-2
2025-12-02, 9:39:28 a.m.,"Bitcoin above ___ on December 2?","Yes",0.968,318700.401677,100,3.20,https://polymarket.com/event/bitcoin-above-on-december-2
2025-12-02, 9:39:28 a.m.,"Bitcoin above ___ on December 2?","Yes",0.968,318700.401677,100,3.20,https://polymarket.com/event/bitcoin-above-on-december-2
2025-12-02, 9:39:28 a.m.,"Bitcoin above ___ on December 2?","Yes",0.968,318700.401677,100,3.20,https://polymarket.com/event/bitcoin-above-on-december-2
2025-12-02, 9:39:28 a.m.,"Bitcoin above ___ on December 2?","Yes",0.968,318700.401677,100,3.20,https://polymarket.com/event/bitcoin-above-on-december-2
2025-12-02, 9:39:28 a.m.,"Bitcoin above ___ on December 2?","Yes",0.968,318700.401677,100,3.20,https://polymarket.com/event/bitcoin-above-on-december-2
2025-12-02, 9:39:28 a.m.,"Bitcoin above ___ on December 2?","Yes",0.968,318700.401677,100,3.20,https://polymarket.com/event/bitcoin-above-on-december-2
2025-12-02, 9:39:28 a.m.,"Bitcoin above ___ on December 2?","Yes",0.968,318700.401677,100,3.20,https://polymarket.com/event/bitcoin-above-on-december-2
2025-12-02, 9:45:29 a.m.,"Ethereum above ___ on December 2?","Yes",0.97,146810.427183,100,3.00,https://polymarket.com/event/ethereum-above-on-december-2
2025-12-02, 9:45:29 a.m.,"Ethereum above ___ on December 2?","Yes",0.97,146810.427183,100,3.00,https://polymarket.com/event/ethereum-above-on-december-2
2025-12-02, 9:45:29 a.m.,"Ethereum above ___ on December 2?","Yes",0.97,146810.427183,100,3.00,https://polymarket.com/event/ethereum-above-on-december-2
2025-12-02, 9:45:29 a.m.,"Ethereum above ___ on December 2?","Yes",0.97,146810.427183,100,3.00,https://polymarket.com/event/ethereum-above-on-december-2
2025-12-02, 9:45:29 a.m.,"Ethereum above ___ on December 2?","Yes",0.97,146810.427183,100,3.00,https://polymarket.com/event/ethereum-above-on-december-2
2025-12-02, 9:45:29 a.m.,"Ethereum above ___ on December 2?","Yes",0.97,146810.427183,100,3.00,https://polymarket.com/event/ethereum-above-on-december-2
2025-12-02, 9:45:29 a.m.,"Ethereum above ___ on December 2?","Yes",0.97,146810.427183,100,3.00,https://polymarket.com/event/ethereum-above-on-december-2
2025-12-02, 9:45:29 a.m.,"Ethereum above ___ on December 2?","Yes",0.97,146810.427183,100,3.00,https://polymarket.com/event/ethereum-above-on-december-2
2025-12-02, 9:45:29 a.m.,"Ethereum above ___ on December 2?","Yes",0.97,146810.427183,100,3.00,https://polymarket.com/event/ethereum-above-on-december-2
2025-12-02, 9:45:29 a.m.,"Ethereum above ___ on December 2?","Yes",0.97,146810.427183,100,3.00,https://polymarket.com/event/ethereum-above-on-december-2
2025-12-02, 9:45:29 a.m.,"Ethereum above ___ on December 2?","Yes",0.97,146810.427183,100,3.00,https://polymarket.com/event/ethereum-above-on-december-2
2025-12-02, 9:45:29 a.m.,"Ethereum above ___ on December 2?","Yes",0.97,146810.427183,100,3.00,https://polymarket.com/event/ethereum-above-on-december-2
2025-12-02, 9:45:29 a.m.,"Ethereum above ___ on December 2?","Yes",0.97,146810.427183,100,3.00,https://polymarket.com/event/ethereum-above-on-december-2
2025-12-02, 9:45:29 a.m.,"Ethereum above ___ on December 2?","Yes",0.97,146810.427183,100,3.00,https://polymarket.com/event/ethereum-above-on-december-2
2025-12-02, 9:45:29 a.m.,"Ethereum above ___ on December 2?","Yes",0.97,146810.427183,100,3.00,https://polymarket.com/event/ethereum-above-on-december-2
2025-12-02, 9:46:47 a.m.,"Ethereum above ___ on December 2?","Yes",0.98,146810.427183,100,2.00,https://polymarket.com/event/ethereum-above-on-december-2
2025-12-02, 9:46:47 a.m.,"Ethereum above ___ on December 2?","Yes",0.98,146810.427183,100,2.00,https://polymarket.com/event/ethereum-above-on-december-2
2025-12-02, 9:46:47 a.m.,"Ethereum above ___ on December 2?","Yes",0.98,146810.427183,100,2.00,https://polymarket.com/event/ethereum-above-on-december-2
2025-12-02, 9:46:47 a.m.,"Ethereum above ___ on December 2?","Yes",0.98,146810.427183,100,2.00,https://polymarket.com/event/ethereum-above-on-december-2
2025-12-02, 9:46:47 a.m.,"Ethereum above ___ on December 2?","Yes",0.98,146810.427183,100,2.00,https://polymarket.com/event/ethereum-above-on-december-2
2025-12-02, 9:46:47 a.m.,"Ethereum above ___ on December 2?","Yes",0.98,146810.427183,100,2.00,https://polymarket.com/event/ethereum-above-on-december-2
2025-12-02, 9:46:47 a.m.,"Ethereum above ___ on December 2?","Yes",0.98,146810.427183,100,2.00,https://polymarket.com/event/ethereum-above-on-december-2
2025-12-02, 9:46:47 a.m.,"Ethereum above ___ on December 2?","Yes",0.98,146810.427183,100,2.00,https://polymarket.com/event/ethereum-above-on-december-2
2025-12-02, 9:46:47 a.m.,"Ethereum above ___ on December 2?","Yes",0.98,146810.427183,100,2.00,https://polymarket.com/event/ethereum-above-on-december-2
2025-12-02, 9:46:47 a.m.,"Ethereum above ___ on December 2?","Yes",0.98,146810.427183,100,2.00,https://polymarket.com/event/ethereum-above-on-december-2
2025-12-02, 9:46:47 a.m.,"Ethereum above ___ on December 2?","Yes",0.98,146810.427183,100,2.00,https://polymarket.com/event/ethereum-above-on-december-2
2025-12-02, 9:46:47 a.m.,"Ethereum above ___ on December 2?","Yes",0.98,146810.427183,100,2.00,https://polymarket.com/event/ethereum-above-on-december-2
2025-12-02, 9:46:47 a.m.,"Ethereum above ___ on December 2?","Yes",0.98,146810.427183,100,2.00,https://polymarket.com/event/ethereum-above-on-december-2
2025-12-02, 9:46:47 a.m.,"Ethereum above ___ on December 2?","Yes",0.98,146810.427183,100,2.00,https://polymarket.com/event/ethereum-above-on-december-2
2025-12-02, 9:46:47 a.m.,"Ethereum above ___ on December 2?","Yes",0.98,146810.427183,100,2.00,https://polymarket.com/event/ethereum-above-on-december-2
2025-12-02, 9:47:14 a.m.,"Ethereum above ___ on December 2?","No",0.969,99649.621032,100,3.10,https://polymarket.com/event/ethereum-above-on-december-2
2025-12-02, 9:47:14 a.m.,"Ethereum above ___ on December 2?","No",0.969,99649.621032,100,3.10,https://polymarket.com/event/ethereum-above-on-december-2
2025-12-02, 9:47:14 a.m.,"Ethereum above ___ on December 2?","No",0.969,99649.621032,100,3.10,https://polymarket.com/event/ethereum-above-on-december-2
2025-12-02, 9:47:14 a.m.,"Ethereum above ___ on December 2?","No",0.969,99649.621032,100,3.10,https://polymarket.com/event/ethereum-above-on-december-2
2025-12-02, 9:47:14 a.m.,"Ethereum above ___ on December 2?","No",0.969,99649.621032,100,3.10,https://polymarket.com/event/ethereum-above-on-december-2
2025-12-02, 9:47:14 a.m.,"Ethereum above ___ on December 2?","No",0.969,99649.621032,100,3.10,https://polymarket.com/event/ethereum-above-on-december-2
2025-12-02, 9:47:14 a.m.,"Ethereum above ___ on December 2?","No",0.969,99649.621032,100,3.10,https://polymarket.com/event/ethereum-above-on-december-2
2025-12-02, 9:47:14 a.m.,"Ethereum above ___ on December 2?","No",0.969,99649.621032,100,3.10,https://polymarket.com/event/ethereum-above-on-december-2
2025-12-02, 9:47:14 a.m.,"Ethereum above ___ on December 2?","No",0.969,99649.621032,100,3.10,https://polymarket.com/event/ethereum-above-on-december-2
2025-12-02, 9:47:14 a.m.,"Ethereum above ___ on December 2?","No",0.969,99649.621032,100,3.10,https://polymarket.com/event/ethereum-above-on-december-2
2025-12-02, 9:47:14 a.m.,"Ethereum above ___ on December 2?","No",0.969,99649.621032,100,3.10,https://polymarket.com/event/ethereum-above-on-december-2
2025-12-02, 9:47:14 a.m.,"Ethereum above ___ on December 2?","No",0.969,99649.621032,100,3.10,https://polymarket.com/event/ethereum-above-on-december-2
2025-12-02, 9:47:14 a.m.,"Ethereum above ___ on December 2?","No",0.969,99649.621032,100,3.10,https://polymarket.com/event/ethereum-above-on-december-2
2025-12-02, 9:47:14 a.m.,"Ethereum above ___ on December 2?","No",0.969,99649.621032,100,3.10,https://polymarket.com/event/ethereum-above-on-december-2
2025-12-02, 9:47:14 a.m.,"Ethereum above ___ on December 2?","No",0.969,99649.621032,100,3.10,https://polymarket.com/event/ethereum-above-on-december-2
2025-12-02, 9:49:40 a.m.,"Ethereum above ___ on December 2?","No",0.969,99649.621032,100,3.10,https://polymarket.com/event/ethereum-above-on-december-2
2025-12-02, 9:49:40 a.m.,"Ethereum above ___ on December 2?","No",0.969,99649.621032,100,3.10,https://polymarket.com/event/ethereum-above-on-december-2
2025-12-02, 9:49:40 a.m.,"Ethereum above ___ on December 2?","No",0.969,99649.621032,100,3.10,https://polymarket.com/event/ethereum-above-on-december-2
2025-12-02, 9:49:40 a.m.,"Ethereum above ___ on December 2?","No",0.969,99649.621032,100,3.10,https://polymarket.com/event/ethereum-above-on-december-2
2025-12-02, 9:49:40 a.m.,"Ethereum above ___ on December 2?","No",0.969,99649.621032,100,3.10,https://polymarket.com/event/ethereum-above-on-december-2
2025-12-02, 9:49:40 a.m.,"Ethereum above ___ on December 2?","No",0.969,99649.621032,100,3.10,https://polymarket.com/event/ethereum-above-on-december-2
2025-12-02, 9:49:40 a.m.,"Ethereum above ___ on December 2?","No",0.969,99649.621032,100,3.10,https://polymarket.com/event/ethereum-above-on-december-2
2025-12-02, 9:49:40 a.m.,"Ethereum above ___ on December 2?","No",0.969,99649.621032,100,3.10,https://polymarket.com/event/ethereum-above-on-december-2
2025-12-02, 9:49:40 a.m.,"Ethereum above ___ on December 2?","No",0.969,99649.621032,100,3.10,https://polymarket.com/event/ethereum-above-on-december-2
2025-12-02, 9:49:40 a.m.,"Ethereum above ___ on December 2?","No",0.969,99649.621032,100,3.10,https://polymarket.com/event/ethereum-above-on-december-2
2025-12-02, 9:49:40 a.m.,"Ethereum above ___ on December 2?","No",0.969,99649.621032,100,3.10,https://polymarket.com/event/ethereum-above-on-december-2
2025-12-02, 9:49:40 a.m.,"Ethereum above ___ on December 2?","No",0.969,99649.621032,100,3.10,https://polymarket.com/event/ethereum-above-on-december-2
2025-12-02, 9:49:40 a.m.,"Ethereum above ___ on December 2?","No",0.969,99649.621032,100,3.10,https://polymarket.com/event/ethereum-above-on-december-2
2025-12-02, 9:49:40 a.m.,"Ethereum above ___ on December 2?","No",0.969,99649.621032,100,3.10,https://polymarket.com/event/ethereum-above-on-december-2
2025-12-02, 9:49:40 a.m.,"Ethereum above ___ on December 2?","No",0.969,99649.621032,100,3.10,https://polymarket.com/event/ethereum-above-on-december-2
2025-12-02, 9:52:30 a.m.,"Ethereum above ___ on December 2?","Yes",0.97,146810.427183,100,3.00,https://polymarket.com/event/ethereum-above-on-december-2
2025-12-02, 9:52:30 a.m.,"Ethereum above ___ on December 2?","Yes",0.97,146810.427183,100,3.00,https://polymarket.com/event/ethereum-above-on-december-2
2025-12-02, 9:52:30 a.m.,"Ethereum above ___ on December 2?","Yes",0.97,146810.427183,100,3.00,https://polymarket.com/event/ethereum-above-on-december-2
2025-12-02, 9:52:30 a.m.,"Ethereum above ___ on December 2?","Yes",0.97,146810.427183,100,3.00,https://polymarket.com/event/ethereum-above-on-december-2
2025-12-02, 9:52:30 a.m.,"Ethereum above ___ on December 2?","Yes",0.97,146810.427183,100,3.00,https://polymarket.com/event/ethereum-above-on-december-2
2025-12-02, 9:52:30 a.m.,"Ethereum above ___ on December 2?","Yes",0.97,146810.427183,100,3.00,https://polymarket.com/event/ethereum-above-on-december-2
2025-12-02, 9:52:30 a.m.,"Ethereum above ___ on December 2?","Yes",0.97,146810.427183,100,3.00,https://polymarket.com/event/ethereum-above-on-december-2
2025-12-02, 9:52:30 a.m.,"Ethereum above ___ on December 2?","Yes",0.97,146810.427183,100,3.00,https://polymarket.com/event/ethereum-above-on-december-2
2025-12-02, 9:52:30 a.m.,"Ethereum above ___ on December 2?","Yes",0.97,146810.427183,100,3.00,https://polymarket.com/event/ethereum-above-on-december-2
2025-12-02, 9:52:30 a.m.,"Ethereum above ___ on December 2?","Yes",0.97,146810.427183,100,3.00,https://polymarket.com/event/ethereum-above-on-december-2
2025-12-02, 9:52:30 a.m.,"Ethereum above ___ on December 2?","Yes",0.97,146810.427183,100,3.00,https://polymarket.com/event/ethereum-above-on-december-2
2025-12-02, 9:52:30 a.m.,"Ethereum above ___ on December 2?","Yes",0.97,146810.427183,100,3.00,https://polymarket.com/event/ethereum-above-on-december-2
2025-12-02, 9:52:30 a.m.,"Ethereum above ___ on December 2?","Yes",0.97,146810.427183,100,3.00,https://polymarket.com/event/ethereum-above-on-december-2
2025-12-02, 9:52:30 a.m.,"Ethereum above ___ on December 2?","Yes",0.97,146810.427183,100,3.00,https://polymarket.com/event/ethereum-above-on-december-2
2025-12-02, 9:52:30 a.m.,"Ethereum above ___ on December 2?","Yes",0.97,146810.427183,100,3.00,https://polymarket.com/event/ethereum-above-on-december-2
2025-12-02, 9:52:32 a.m.,"Counter-Strike: Passion UA vs M80 (BO3)","M80",0.94,63981.976002,100,6.00,https://polymarket.com/event/cs2-pssnua-m80-2025-12-02
2025-12-02, 9:52:32 a.m.,"Counter-Strike: Passion UA vs M80 (BO3)","M80",0.94,63981.976002,100,6.00,https://polymarket.com/event/cs2-pssnua-m80-2025-12-02
2025-12-02, 9:52:32 a.m.,"Counter-Strike: Passion UA vs M80 (BO3)","M80",0.94,63981.976002,100,6.00,https://polymarket.com/event/cs2-pssnua-m80-2025-12-02
2025-12-02, 9:52:32 a.m.,"Counter-Strike: Passion UA vs M80 (BO3)","M80",0.94,63981.976002,100,6.00,https://polymarket.com/event/cs2-pssnua-m80-2025-12-02
2025-12-02, 9:52:32 a.m.,"Counter-Strike: Passion UA vs M80 (BO3)","M80",0.94,63981.976002,100,6.00,https://polymarket.com/event/cs2-pssnua-m80-2025-12-02
2025-12-02, 9:52:32 a.m.,"Counter-Strike: Passion UA vs M80 (BO3)","M80",0.94,63981.976002,100,6.00,https://polymarket.com/event/cs2-pssnua-m80-2025-12-02
2025-12-02, 9:52:32 a.m.,"Counter-Strike: Passion UA vs M80 (BO3)","M80",0.94,63981.976002,100,6.00,https://polymarket.com/event/cs2-pssnua-m80-2025-12-02
2025-12-02, 9:52:32 a.m.,"Counter-Strike: Passion UA vs M80 (BO3)","M80",0.94,63981.976002,100,6.00,https://polymarket.com/event/cs2-pssnua-m80-2025-12-02
2025-12-02, 9:52:32 a.m.,"Counter-Strike: Passion UA vs M80 (BO3)","M80",0.94,63981.976002,100,6.00,https://polymarket.com/event/cs2-pssnua-m80-2025-12-02
2025-12-02, 9:52:32 a.m.,"Counter-Strike: Passion UA vs M80 (BO3)","M80",0.94,63981.976002,100,6.00,https://polymarket.com/event/cs2-pssnua-m80-2025-12-02
2025-12-02, 9:52:32 a.m.,"Counter-Strike: Passion UA vs M80 (BO3)","M80",0.94,63981.976002,100,6.00,https://polymarket.com/event/cs2-pssnua-m80-2025-12-02
2025-12-02, 9:52:32 a.m.,"Counter-Strike: Passion UA vs M80 (BO3)","M80",0.94,63981.976002,100,6.00,https://polymarket.com/event/cs2-pssnua-m80-2025-12-02
2025-12-02, 9:52:32 a.m.,"Counter-Strike: Passion UA vs M80 (BO3)","M80",0.94,63981.976002,100,6.00,https://polymarket.com/event/cs2-pssnua-m80-2025-12-02
2025-12-02, 9:52:32 a.m.,"Counter-Strike: Passion UA vs M80 (BO3)","M80",0.94,63981.976002,100,6.00,https://polymarket.com/event/cs2-pssnua-m80-2025-12-02
2025-12-02, 9:52:32 a.m.,"Counter-Strike: Passion UA vs M80 (BO3)","M80",0.94,63981.976002,100,6.00,https://polymarket.com/event/cs2-pssnua-m80-2025-12-02
2025-12-02, 9:53:00 a.m.,"Ethereum price on December 2?","No",0.98,74121.9187,100,2.00,https://polymarket.com/event/ethereum-price-on-december-2
2025-12-02, 9:53:00 a.m.,"Ethereum price on December 2?","No",0.98,74121.9187,100,2.00,https://polymarket.com/event/ethereum-price-on-december-2
2025-12-02, 9:53:00 a.m.,"Ethereum price on December 2?","No",0.98,74121.9187,100,2.00,https://polymarket.com/event/ethereum-price-on-december-2
2025-12-02, 9:53:00 a.m.,"Ethereum price on December 2?","No",0.98,74121.9187,100,2.00,https://polymarket.com/event/ethereum-price-on-december-2
2025-12-02, 9:53:00 a.m.,"Ethereum price on December 2?","No",0.98,74121.9187,100,2.00,https://polymarket.com/event/ethereum-price-on-december-2
2025-12-02, 9:53:00 a.m.,"Ethereum price on December 2?","No",0.98,74121.9187,100,2.00,https://polymarket.com/event/ethereum-price-on-december-2
2025-12-02, 9:53:00 a.m.,"Ethereum price on December 2?","No",0.98,74121.9187,100,2.00,https://polymarket.com/event/ethereum-price-on-december-2
2025-12-02, 9:53:00 a.m.,"Ethereum price on December 2?","No",0.98,74121.9187,100,2.00,https://polymarket.com/event/ethereum-price-on-december-2
2025-12-02, 9:53:00 a.m.,"Ethereum price on December 2?","No",0.98,74121.9187,100,2.00,https://polymarket.com/event/ethereum-price-on-december-2
2025-12-02, 9:53:00 a.m.,"Ethereum price on December 2?","No",0.98,74121.9187,100,2.00,https://polymarket.com/event/ethereum-price-on-december-2
2025-12-02, 9:53:00 a.m.,"Ethereum price on December 2?","No",0.98,74121.9187,100,2.00,https://polymarket.com/event/ethereum-price-on-december-2
2025-12-02, 9:53:00 a.m.,"Ethereum price on December 2?","No",0.98,74121.9187,100,2.00,https://polymarket.com/event/ethereum-price-on-december-2
2025-12-02, 9:53:00 a.m.,"Ethereum price on December 2?","No",0.98,74121.9187,100,2.00,https://polymarket.com/event/ethereum-price-on-december-2
2025-12-02, 9:53:00 a.m.,"Ethereum price on December 2?","No",0.98,74121.9187,100,2.00,https://polymarket.com/event/ethereum-price-on-december-2
2025-12-02, 9:53:00 a.m.,"Ethereum price on December 2?","No",0.98,74121.9187,100,2.00,https://polymarket.com/event/ethereum-price-on-december-2
2025-12-02, 9:54:10 a.m.,"Ethereum above ___ on December 2?","Yes",0.96,146810.427183,100,4.00,https://polymarket.com/event/ethereum-above-on-december-2
2025-12-02, 9:54:10 a.m.,"Ethereum above ___ on December 2?","Yes",0.96,146810.427183,100,4.00,https://polymarket.com/event/ethereum-above-on-december-2
2025-12-02, 9:54:10 a.m.,"Ethereum above ___ on December 2?","Yes",0.96,146810.427183,100,4.00,https://polymarket.com/event/ethereum-above-on-december-2
2025-12-02, 9:54:10 a.m.,"Ethereum above ___ on December 2?","Yes",0.96,146810.427183,100,4.00,https://polymarket.com/event/ethereum-above-on-december-2
2025-12-02, 9:54:10 a.m.,"Ethereum above ___ on December 2?","Yes",0.96,146810.427183,100,4.00,https://polymarket.com/event/ethereum-above-on-december-2
2025-12-02, 9:54:10 a.m.,"Ethereum above ___ on December 2?","Yes",0.96,146810.427183,100,4.00,https://polymarket.com/event/ethereum-above-on-december-2
2025-12-02, 9:54:10 a.m.,"Ethereum above ___ on December 2?","Yes",0.96,146810.427183,100,4.00,https://polymarket.com/event/ethereum-above-on-december-2
2025-12-02, 9:54:10 a.m.,"Ethereum above ___ on December 2?","Yes",0.96,146810.427183,100,4.00,https://polymarket.com/event/ethereum-above-on-december-2
2025-12-02, 9:54:10 a.m.,"Ethereum above ___ on December 2?","Yes",0.96,146810.427183,100,4.00,https://polymarket.com/event/ethereum-above-on-december-2
2025-12-02, 9:54:10 a.m.,"Ethereum above ___ on December 2?","Yes",0.96,146810.427183,100,4.00,https://polymarket.com/event/ethereum-above-on-december-2
2025-12-02, 9:54:10 a.m.,"Ethereum above ___ on December 2?","Yes",0.96,146810.427183,100,4.00,https://polymarket.com/event/ethereum-above-on-december-2
2025-12-02, 9:54:10 a.m.,"Ethereum above ___ on December 2?","Yes",0.96,146810.427183,100,4.00,https://polymarket.com/event/ethereum-above-on-december-2
2025-12-02, 9:54:10 a.m.,"Ethereum above ___ on December 2?","Yes",0.96,146810.427183,100,4.00,https://polymarket.com/event/ethereum-above-on-december-2
2025-12-02, 9:54:10 a.m.,"Ethereum above ___ on December 2?","Yes",0.96,146810.427183,100,4.00,https://polymarket.com/event/ethereum-above-on-december-2
2025-12-02, 9:54:10 a.m.,"Ethereum above ___ on December 2?","Yes",0.96,146810.427183,100,4.00,https://polymarket.com/event/ethereum-above-on-december-2
2025-12-02, 9:56:32 a.m.,"Ethereum above ___ on December 2?","Yes",0.96,146810.427183,100,4.00,https://polymarket.com/event/ethereum-above-on-december-2
2025-12-02, 9:56:32 a.m.,"Ethereum above ___ on December 2?","Yes",0.96,146810.427183,100,4.00,https://polymarket.com/event/ethereum-above-on-december-2
2025-12-02, 9:56:32 a.m.,"Ethereum above ___ on December 2?","Yes",0.96,146810.427183,100,4.00,https://polymarket.com/event/ethereum-above-on-december-2
2025-12-02, 9:56:32 a.m.,"Ethereum above ___ on December 2?","Yes",0.96,146810.427183,100,4.00,https://polymarket.com/event/ethereum-above-on-december-2
2025-12-02, 9:56:32 a.m.,"Ethereum above ___ on December 2?","Yes",0.96,146810.427183,100,4.00,https://polymarket.com/event/ethereum-above-on-december-2
2025-12-02, 9:56:32 a.m.,"Ethereum above ___ on December 2?","Yes",0.96,146810.427183,100,4.00,https://polymarket.com/event/ethereum-above-on-december-2
2025-12-02, 9:56:32 a.m.,"Ethereum above ___ on December 2?","Yes",0.96,146810.427183,100,4.00,https://polymarket.com/event/ethereum-above-on-december-2
2025-12-02, 9:56:32 a.m.,"Ethereum above ___ on December 2?","Yes",0.96,146810.427183,100,4.00,https://polymarket.com/event/ethereum-above-on-december-2
2025-12-02, 9:56:32 a.m.,"Ethereum above ___ on December 2?","Yes",0.96,146810.427183,100,4.00,https://polymarket.com/event/ethereum-above-on-december-2
2025-12-02, 9:56:32 a.m.,"Ethereum above ___ on December 2?","Yes",0.96,146810.427183,100,4.00,https://polymarket.com/event/ethereum-above-on-december-2
2025-12-02, 9:56:32 a.m.,"Ethereum above ___ on December 2?","Yes",0.96,146810.427183,100,4.00,https://polymarket.com/event/ethereum-above-on-december-2
2025-12-02, 9:56:32 a.m.,"Ethereum above ___ on December 2?","Yes",0.96,146810.427183,100,4.00,https://polymarket.com/event/ethereum-above-on-december-2
2025-12-02, 9:56:32 a.m.,"Ethereum above ___ on December 2?","Yes",0.96,146810.427183,100,4.00,https://polymarket.com/event/ethereum-above-on-december-2
2025-12-02, 9:56:32 a.m.,"Ethereum above ___ on December 2?","Yes",0.96,146810.427183,100,4.00,https://polymarket.com/event/ethereum-above-on-december-2
2025-12-02, 9:56:32 a.m.,"Ethereum above ___ on December 2?","Yes",0.96,146810.427183,100,4.00,https://polymarket.com/event/ethereum-above-on-december-2
2025-12-02, 9:57:32 a.m.,"Ethereum above ___ on December 2?","Yes",0.96,146810.427183,100,4.00,https://polymarket.com/event/ethereum-above-on-december-2
2025-12-02, 9:57:32 a.m.,"Ethereum above ___ on December 2?","Yes",0.96,146810.427183,100,4.00,https://polymarket.com/event/ethereum-above-on-december-2
2025-12-02, 9:57:32 a.m.,"Ethereum above ___ on December 2?","Yes",0.96,146810.427183,100,4.00,https://polymarket.com/event/ethereum-above-on-december-2
2025-12-02, 9:57:32 a.m.,"Ethereum above ___ on December 2?","Yes",0.96,146810.427183,100,4.00,https://polymarket.com/event/ethereum-above-on-december-2
2025-12-02, 9:57:32 a.m.,"Ethereum above ___ on December 2?","Yes",0.96,146810.427183,100,4.00,https://polymarket.com/event/ethereum-above-on-december-2
2025-12-02, 9:57:32 a.m.,"Ethereum above ___ on December 2?","Yes",0.96,146810.427183,100,4.00,https://polymarket.com/event/ethereum-above-on-december-2
2025-12-02, 9:57:32 a.m.,"Ethereum above ___ on December 2?","Yes",0.96,146810.427183,100,4.00,https://polymarket.com/event/ethereum-above-on-december-2
2025-12-02, 9:57:32 a.m.,"Ethereum above ___ on December 2?","Yes",0.96,146810.427183,100,4.00,https://polymarket.com/event/ethereum-above-on-december-2
2025-12-02, 9:57:32 a.m.,"Ethereum above ___ on December 2?","Yes",0.96,146810.427183,100,4.00,https://polymarket.com/event/ethereum-above-on-december-2
2025-12-02, 9:57:32 a.m.,"Ethereum above ___ on December 2?","Yes",0.96,146810.427183,100,4.00,https://polymarket.com/event/ethereum-above-on-december-2
2025-12-02, 9:57:32 a.m.,"Ethereum above ___ on December 2?","Yes",0.96,146810.427183,100,4.00,https://polymarket.com/event/ethereum-above-on-december-2
2025-12-02, 9:57:32 a.m.,"Ethereum above ___ on December 2?","Yes",0.96,146810.427183,100,4.00,https://polymarket.com/event/ethereum-above-on-december-2
2025-12-02, 9:57:32 a.m.,"Ethereum above ___ on December 2?","Yes",0.96,146810.427183,100,4.00,https://polymarket.com/event/ethereum-above-on-december-2
2025-12-02, 9:57:32 a.m.,"Ethereum above ___ on December 2?","Yes",0.96,146810.427183,100,4.00,https://polymarket.com/event/ethereum-above-on-december-2
2025-12-02, 9:57:32 a.m.,"Ethereum above ___ on December 2?","Yes",0.96,146810.427183,100,4.00,https://polymarket.com/event/ethereum-above-on-december-2
2025-12-02, 9:58:02 a.m.,"Ethereum price on December 2?","No",0.979,74121.9187,100,2.10,https://polymarket.com/event/ethereum-price-on-december-2
2025-12-02, 9:58:02 a.m.,"Ethereum price on December 2?","No",0.979,74121.9187,100,2.10,https://polymarket.com/event/ethereum-price-on-december-2
2025-12-02, 9:58:02 a.m.,"Ethereum price on December 2?","No",0.979,74121.9187,100,2.10,https://polymarket.com/event/ethereum-price-on-december-2
2025-12-02, 9:58:02 a.m.,"Ethereum price on December 2?","No",0.979,74121.9187,100,2.10,https://polymarket.com/event/ethereum-price-on-december-2
2025-12-02, 9:58:02 a.m.,"Ethereum price on December 2?","No",0.979,74121.9187,100,2.10,https://polymarket.com/event/ethereum-price-on-december-2
2025-12-02, 9:58:02 a.m.,"Ethereum price on December 2?","No",0.979,74121.9187,100,2.10,https://polymarket.com/event/ethereum-price-on-december-2
2025-12-02, 9:58:02 a.m.,"Ethereum price on December 2?","No",0.979,74121.9187,100,2.10,https://polymarket.com/event/ethereum-price-on-december-2
2025-12-02, 9:58:02 a.m.,"Ethereum price on December 2?","No",0.979,74121.9187,100,2.10,https://polymarket.com/event/ethereum-price-on-december-2
2025-12-02, 9:58:02 a.m.,"Ethereum price on December 2?","No",0.979,74121.9187,100,2.10,https://polymarket.com/event/ethereum-price-on-december-2
2025-12-02, 9:58:02 a.m.,"Ethereum price on December 2?","No",0.979,74121.9187,100,2.10,https://polymarket.com/event/ethereum-price-on-december-2
2025-12-02, 9:58:02 a.m.,"Ethereum price on December 2?","No",0.979,74121.9187,100,2.10,https://polymarket.com/event/ethereum-price-on-december-2
2025-12-02, 9:58:02 a.m.,"Ethereum price on December 2?","No",0.979,74121.9187,100,2.10,https://polymarket.com/event/ethereum-price-on-december-2
2025-12-02, 9:58:02 a.m.,"Ethereum price on December 2?","No",0.979,74121.9187,100,2.10,https://polymarket.com/event/ethereum-price-on-december-2
2025-12-02, 9:58:02 a.m.,"Ethereum price on December 2?","No",0.979,74121.9187,100,2.10,https://polymarket.com/event/ethereum-price-on-december-2
2025-12-02, 9:58:02 a.m.,"Ethereum price on December 2?","No",0.979,74121.9187,100,2.10,https://polymarket.com/event/ethereum-price-on-december-2
2025-12-02, 9:58:22 a.m.,"Ethereum above ___ on December 2?","Yes",0.96,146810.427183,100,4.00,https://polymarket.com/event/ethereum-above-on-december-2
2025-12-02, 9:58:22 a.m.,"Ethereum above ___ on December 2?","Yes",0.96,146810.427183,100,4.00,https://polymarket.com/event/ethereum-above-on-december-2
2025-12-02, 9:58:22 a.m.,"Ethereum above ___ on December 2?","Yes",0.96,146810.427183,100,4.00,https://polymarket.com/event/ethereum-above-on-december-2
2025-12-02, 9:58:22 a.m.,"Ethereum above ___ on December 2?","Yes",0.96,146810.427183,100,4.00,https://polymarket.com/event/ethereum-above-on-december-2
2025-12-02, 9:58:22 a.m.,"Ethereum above ___ on December 2?","Yes",0.96,146810.427183,100,4.00,https://polymarket.com/event/ethereum-above-on-december-2
2025-12-02, 9:58:22 a.m.,"Ethereum above ___ on December 2?","Yes",0.96,146810.427183,100,4.00,https://polymarket.com/event/ethereum-above-on-december-2
2025-12-02, 9:58:22 a.m.,"Ethereum above ___ on December 2?","Yes",0.96,146810.427183,100,4.00,https://polymarket.com/event/ethereum-above-on-december-2
2025-12-02, 9:58:22 a.m.,"Ethereum above ___ on December 2?","Yes",0.96,146810.427183,100,4.00,https://polymarket.com/event/ethereum-above-on-december-2
2025-12-02, 9:58:22 a.m.,"Ethereum above ___ on December 2?","Yes",0.96,146810.427183,100,4.00,https://polymarket.com/event/ethereum-above-on-december-2
2025-12-02, 9:58:22 a.m.,"Ethereum above ___ on December 2?","Yes",0.96,146810.427183,100,4.00,https://polymarket.com/event/ethereum-above-on-december-2
2025-12-02, 9:58:22 a.m.,"Ethereum above ___ on December 2?","Yes",0.96,146810.427183,100,4.00,https://polymarket.com/event/ethereum-above-on-december-2
2025-12-02, 9:58:22 a.m.,"Ethereum above ___ on December 2?","Yes",0.96,146810.427183,100,4.00,https://polymarket.com/event/ethereum-above-on-december-2
2025-12-02, 9:58:22 a.m.,"Ethereum above ___ on December 2?","Yes",0.96,146810.427183,100,4.00,https://polymarket.com/event/ethereum-above-on-december-2
2025-12-02, 9:58:22 a.m.,"Ethereum above ___ on December 2?","Yes",0.96,146810.427183,100,4.00,https://polymarket.com/event/ethereum-above-on-december-2
2025-12-02, 9:58:22 a.m.,"Ethereum above ___ on December 2?","Yes",0.96,146810.427183,100,4.00,https://polymarket.com/event/ethereum-above-on-december-2
2025-12-02, 9:59:41 a.m.,"Ethereum above ___ on December 2?","Yes",0.98,146810.427183,100,2.00,https://polymarket.com/event/ethereum-above-on-december-2
2025-12-02, 9:59:41 a.m.,"Ethereum above ___ on December 2?","Yes",0.98,146810.427183,100,2.00,https://polymarket.com/event/ethereum-above-on-december-2
2025-12-02, 9:59:41 a.m.,"Ethereum above ___ on December 2?","Yes",0.98,146810.427183,100,2.00,https://polymarket.com/event/ethereum-above-on-december-2
2025-12-02, 9:59:41 a.m.,"Ethereum above ___ on December 2?","Yes",0.98,146810.427183,100,2.00,https://polymarket.com/event/ethereum-above-on-december-2
2025-12-02, 9:59:41 a.m.,"Ethereum above ___ on December 2?","Yes",0.98,146810.427183,100,2.00,https://polymarket.com/event/ethereum-above-on-december-2
2025-12-02, 9:59:41 a.m.,"Ethereum above ___ on December 2?","Yes",0.98,146810.427183,100,2.00,https://polymarket.com/event/ethereum-above-on-december-2
2025-12-02, 9:59:41 a.m.,"Ethereum above ___ on December 2?","Yes",0.98,146810.427183,100,2.00,https://polymarket.com/event/ethereum-above-on-december-2
2025-12-02, 9:59:41 a.m.,"Ethereum above ___ on December 2?","Yes",0.98,146810.427183,100,2.00,https://polymarket.com/event/ethereum-above-on-december-2
2025-12-02, 9:59:41 a.m.,"Ethereum above ___ on December 2?","Yes",0.98,146810.427183,100,2.00,https://polymarket.com/event/ethereum-above-on-december-2
2025-12-02, 9:59:41 a.m.,"Ethereum above ___ on December 2?","Yes",0.98,146810.427183,100,2.00,https://polymarket.com/event/ethereum-above-on-december-2
2025-12-02, 9:59:41 a.m.,"Ethereum above ___ on December 2?","Yes",0.98,146810.427183,100,2.00,https://polymarket.com/event/ethereum-above-on-december-2
2025-12-02, 9:59:41 a.m.,"Ethereum above ___ on December 2?","Yes",0.98,146810.427183,100,2.00,https://polymarket.com/event/ethereum-above-on-december-2
2025-12-02, 9:59:41 a.m.,"Ethereum above ___ on December 2?","Yes",0.98,146810.427183,100,2.00,https://polymarket.com/event/ethereum-above-on-december-2
2025-12-02, 9:59:41 a.m.,"Ethereum above ___ on December 2?","Yes",0.98,146810.427183,100,2.00,https://polymarket.com/event/ethereum-above-on-december-2
2025-12-02, 9:59:41 a.m.,"Ethereum above ___ on December 2?","Yes",0.98,146810.427183,100,2.00,https://polymarket.com/event/ethereum-above-on-december-2
2025-12-02, 10:02:54 a.m.,"Ethereum above ___ on December 2?","Yes",0.98,146810.427183,100,2.00,https://polymarket.com/event/ethereum-above-on-december-2
2025-12-02, 10:02:54 a.m.,"Ethereum above ___ on December 2?","Yes",0.98,146810.427183,100,2.00,https://polymarket.com/event/ethereum-above-on-december-2
2025-12-02, 10:02:54 a.m.,"Ethereum above ___ on December 2?","Yes",0.98,146810.427183,100,2.00,https://polymarket.com/event/ethereum-above-on-december-2
2025-12-02, 10:02:54 a.m.,"Ethereum above ___ on December 2?","Yes",0.98,146810.427183,100,2.00,https://polymarket.com/event/ethereum-above-on-december-2
2025-12-02, 10:02:54 a.m.,"Ethereum above ___ on December 2?","Yes",0.98,146810.427183,100,2.00,https://polymarket.com/event/ethereum-above-on-december-2
2025-12-02, 10:02:54 a.m.,"Ethereum above ___ on December 2?","Yes",0.98,146810.427183,100,2.00,https://polymarket.com/event/ethereum-above-on-december-2
2025-12-02, 10:02:54 a.m.,"Ethereum above ___ on December 2?","Yes",0.98,146810.427183,100,2.00,https://polymarket.com/event/ethereum-above-on-december-2
2025-12-02, 10:02:54 a.m.,"Ethereum above ___ on December 2?","Yes",0.98,146810.427183,100,2.00,https://polymarket.com/event/ethereum-above-on-december-2
2025-12-02, 10:02:54 a.m.,"Ethereum above ___ on December 2?","Yes",0.98,146810.427183,100,2.00,https://polymarket.com/event/ethereum-above-on-december-2
2025-12-02, 10:02:54 a.m.,"Ethereum above ___ on December 2?","Yes",0.98,146810.427183,100,2.00,https://polymarket.com/event/ethereum-above-on-december-2
2025-12-02, 10:02:54 a.m.,"Ethereum above ___ on December 2?","Yes",0.98,146810.427183,100,2.00,https://polymarket.com/event/ethereum-above-on-december-2
2025-12-02, 10:02:54 a.m.,"Ethereum above ___ on December 2?","Yes",0.98,146810.427183,100,2.00,https://polymarket.com/event/ethereum-above-on-december-2
2025-12-02, 10:02:54 a.m.,"Ethereum above ___ on December 2?","Yes",0.98,146810.427183,100,2.00,https://polymarket.com/event/ethereum-above-on-december-2
2025-12-02, 10:02:54 a.m.,"Ethereum above ___ on December 2?","Yes",0.98,146810.427183,100,2.00,https://polymarket.com/event/ethereum-above-on-december-2
2025-12-02, 10:02:54 a.m.,"Ethereum above ___ on December 2?","Yes",0.98,146810.427183,100,2.00,https://polymarket.com/event/ethereum-above-on-december-2
2025-12-02, 10:03:33 a.m.,"Ethereum price on December 2?","No",0.98,74121.9187,100,2.00,https://polymarket.com/event/ethereum-price-on-december-2
2025-12-02, 10:03:33 a.m.,"Ethereum price on December 2?","No",0.98,74121.9187,100,2.00,https://polymarket.com/event/ethereum-price-on-december-2
2025-12-02, 10:03:33 a.m.,"Ethereum price on December 2?","No",0.98,74121.9187,100,2.00,https://polymarket.com/event/ethereum-price-on-december-2
2025-12-02, 10:03:33 a.m.,"Ethereum price on December 2?","No",0.98,74121.9187,100,2.00,https://polymarket.com/event/ethereum-price-on-december-2
2025-12-02, 10:03:33 a.m.,"Ethereum price on December 2?","No",0.98,74121.9187,100,2.00,https://polymarket.com/event/ethereum-price-on-december-2
2025-12-02, 10:03:33 a.m.,"Ethereum price on December 2?","No",0.98,74121.9187,100,2.00,https://polymarket.com/event/ethereum-price-on-december-2
2025-12-02, 10:03:33 a.m.,"Ethereum price on December 2?","No",0.98,74121.9187,100,2.00,https://polymarket.com/event/ethereum-price-on-december-2
2025-12-02, 10:03:33 a.m.,"Ethereum price on December 2?","No",0.98,74121.9187,100,2.00,https://polymarket.com/event/ethereum-price-on-december-2
2025-12-02, 10:03:33 a.m.,"Ethereum price on December 2?","No",0.98,74121.9187,100,2.00,https://polymarket.com/event/ethereum-price-on-december-2
2025-12-02, 10:03:33 a.m.,"Ethereum price on December 2?","No",0.98,74121.9187,100,2.00,https://polymarket.com/event/ethereum-price-on-december-2
2025-12-02, 10:03:33 a.m.,"Ethereum price on December 2?","No",0.98,74121.9187,100,2.00,https://polymarket.com/event/ethereum-price-on-december-2
2025-12-02, 10:03:33 a.m.,"Ethereum price on December 2?","No",0.98,74121.9187,100,2.00,https://polymarket.com/event/ethereum-price-on-december-2
2025-12-02, 10:03:33 a.m.,"Ethereum price on December 2?","No",0.98,74121.9187,100,2.00,https://polymarket.com/event/ethereum-price-on-december-2
2025-12-02, 10:03:33 a.m.,"Ethereum price on December 2?","No",0.98,74121.9187,100,2.00,https://polymarket.com/event/ethereum-price-on-december-2
2025-12-02, 10:03:33 a.m.,"Ethereum price on December 2?","No",0.98,74121.9187,100,2.00,https://polymarket.com/event/ethereum-price-on-december-2
2025-12-02, 10:04:03 a.m.,"Ethereum above ___ on December 2?","Yes",0.98,146810.427183,100,2.00,https://polymarket.com/event/ethereum-above-on-december-2
2025-12-02, 10:04:03 a.m.,"Ethereum above ___ on December 2?","Yes",0.98,146810.427183,100,2.00,https://polymarket.com/event/ethereum-above-on-december-2
2025-12-02, 10:04:03 a.m.,"Ethereum above ___ on December 2?","Yes",0.98,146810.427183,100,2.00,https://polymarket.com/event/ethereum-above-on-december-2
2025-12-02, 10:04:03 a.m.,"Ethereum above ___ on December 2?","Yes",0.98,146810.427183,100,2.00,https://polymarket.com/event/ethereum-above-on-december-2
2025-12-02, 10:04:03 a.m.,"Ethereum above ___ on December 2?","Yes",0.98,146810.427183,100,2.00,https://polymarket.com/event/ethereum-above-on-december-2
2025-12-02, 10:04:03 a.m.,"Ethereum above ___ on December 2?","Yes",0.98,146810.427183,100,2.00,https://polymarket.com/event/ethereum-above-on-december-2
2025-12-02, 10:04:03 a.m.,"Ethereum above ___ on December 2?","Yes",0.98,146810.427183,100,2.00,https://polymarket.com/event/ethereum-above-on-december-2
2025-12-02, 10:04:03 a.m.,"Ethereum above ___ on December 2?","Yes",0.98,146810.427183,100,2.00,https://polymarket.com/event/ethereum-above-on-december-2
2025-12-02, 10:04:03 a.m.,"Ethereum above ___ on December 2?","Yes",0.98,146810.427183,100,2.00,https://polymarket.com/event/ethereum-above-on-december-2
2025-12-02, 10:04:03 a.m.,"Ethereum above ___ on December 2?","Yes",0.98,146810.427183,100,2.00,https://polymarket.com/event/ethereum-above-on-december-2
2025-12-02, 10:04:03 a.m.,"Ethereum above ___ on December 2?","Yes",0.98,146810.427183,100,2.00,https://polymarket.com/event/ethereum-above-on-december-2
2025-12-02, 10:04:03 a.m.,"Ethereum above ___ on December 2?","Yes",0.98,146810.427183,100,2.00,https://polymarket.com/event/ethereum-above-on-december-2
2025-12-02, 10:04:03 a.m.,"Ethereum above ___ on December 2?","Yes",0.98,146810.427183,100,2.00,https://polymarket.com/event/ethereum-above-on-december-2
2025-12-02, 10:04:03 a.m.,"Ethereum above ___ on December 2?","Yes",0.98,146810.427183,100,2.00,https://polymarket.com/event/ethereum-above-on-december-2
2025-12-02, 10:04:03 a.m.,"Ethereum above ___ on December 2?","Yes",0.98,146810.427183,100,2.00,https://polymarket.com/event/ethereum-above-on-december-2
2025-12-02, 10:09:15 a.m.,"Ethereum above ___ on December 2?","Yes",0.98,146810.427183,100,2.00,https://polymarket.com/event/ethereum-above-on-december-2
2025-12-02, 10:09:15 a.m.,"Ethereum above ___ on December 2?","Yes",0.98,146810.427183,100,2.00,https://polymarket.com/event/ethereum-above-on-december-2
2025-12-02, 10:09:15 a.m.,"Ethereum above ___ on December 2?","Yes",0.98,146810.427183,100,2.00,https://polymarket.com/event/ethereum-above-on-december-2
2025-12-02, 10:09:15 a.m.,"Ethereum above ___ on December 2?","Yes",0.98,146810.427183,100,2.00,https://polymarket.com/event/ethereum-above-on-december-2
2025-12-02, 10:09:15 a.m.,"Ethereum above ___ on December 2?","Yes",0.98,146810.427183,100,2.00,https://polymarket.com/event/ethereum-above-on-december-2
2025-12-02, 10:09:15 a.m.,"Ethereum above ___ on December 2?","Yes",0.98,146810.427183,100,2.00,https://polymarket.com/event/ethereum-above-on-december-2
2025-12-02, 10:09:15 a.m.,"Ethereum above ___ on December 2?","Yes",0.98,146810.427183,100,2.00,https://polymarket.com/event/ethereum-above-on-december-2
2025-12-02, 10:09:15 a.m.,"Ethereum above ___ on December 2?","Yes",0.98,146810.427183,100,2.00,https://polymarket.com/event/ethereum-above-on-december-2
2025-12-02, 10:09:15 a.m.,"Ethereum above ___ on December 2?","Yes",0.98,146810.427183,100,2.00,https://polymarket.com/event/ethereum-above-on-december-2
2025-12-02, 10:09:15 a.m.,"Ethereum above ___ on December 2?","Yes",0.98,146810.427183,100,2.00,https://polymarket.com/event/ethereum-above-on-december-2
2025-12-02, 10:09:15 a.m.,"Ethereum above ___ on December 2?","Yes",0.98,146810.427183,100,2.00,https://polymarket.com/event/ethereum-above-on-december-2
2025-12-02, 10:09:15 a.m.,"Ethereum above ___ on December 2?","Yes",0.98,146810.427183,100,2.00,https://polymarket.com/event/ethereum-above-on-december-2
2025-12-02, 10:09:15 a.m.,"Ethereum above ___ on December 2?","Yes",0.98,146810.427183,100,2.00,https://polymarket.com/event/ethereum-above-on-december-2
2025-12-02, 10:09:15 a.m.,"Ethereum above ___ on December 2?","Yes",0.98,146810.427183,100,2.00,https://polymarket.com/event/ethereum-above-on-december-2
2025-12-02, 10:09:15 a.m.,"Ethereum above ___ on December 2?","Yes",0.98,146810.427183,100,2.00,https://polymarket.com/event/ethereum-above-on-december-2
2025-12-02, 10:09:24 a.m.,"Ethereum price on December 2?","No",0.98,74121.9187,100,2.00,https://polymarket.com/event/ethereum-price-on-december-2
2025-12-02, 10:09:24 a.m.,"Ethereum price on December 2?","No",0.98,74121.9187,100,2.00,https://polymarket.com/event/ethereum-price-on-december-2
2025-12-02, 10:09:24 a.m.,"Ethereum price on December 2?","No",0.98,74121.9187,100,2.00,https://polymarket.com/event/ethereum-price-on-december-2
2025-12-02, 10:09:24 a.m.,"Ethereum price on December 2?","No",0.98,74121.9187,100,2.00,https://polymarket.com/event/ethereum-price-on-december-2
2025-12-02, 10:09:24 a.m.,"Ethereum price on December 2?","No",0.98,74121.9187,100,2.00,https://polymarket.com/event/ethereum-price-on-december-2
2025-12-02, 10:09:24 a.m.,"Ethereum price on December 2?","No",0.98,74121.9187,100,2.00,https://polymarket.com/event/ethereum-price-on-december-2
2025-12-02, 10:09:24 a.m.,"Ethereum price on December 2?","No",0.98,74121.9187,100,2.00,https://polymarket.com/event/ethereum-price-on-december-2
2025-12-02, 10:09:24 a.m.,"Ethereum price on December 2?","No",0.98,74121.9187,100,2.00,https://polymarket.com/event/ethereum-price-on-december-2
2025-12-02, 10:09:24 a.m.,"Ethereum price on December 2?","No",0.98,74121.9187,100,2.00,https://polymarket.com/event/ethereum-price-on-december-2
2025-12-02, 10:09:24 a.m.,"Ethereum price on December 2?","No",0.98,74121.9187,100,2.00,https://polymarket.com/event/ethereum-price-on-december-2
2025-12-02, 10:09:24 a.m.,"Ethereum price on December 2?","No",0.98,74121.9187,100,2.00,https://polymarket.com/event/ethereum-price-on-december-2
2025-12-02, 10:09:24 a.m.,"Ethereum price on December 2?","No",0.98,74121.9187,100,2.00,https://polymarket.com/event/ethereum-price-on-december-2
2025-12-02, 10:09:24 a.m.,"Ethereum price on December 2?","No",0.98,74121.9187,100,2.00,https://polymarket.com/event/ethereum-price-on-december-2
2025-12-02, 10:09:24 a.m.,"Ethereum price on December 2?","No",0.98,74121.9187,100,2.00,https://polymarket.com/event/ethereum-price-on-december-2
2025-12-02, 10:09:24 a.m.,"Ethereum price on December 2?","No",0.98,74121.9187,100,2.00,https://polymarket.com/event/ethereum-price-on-december-2
2025-12-02, 10:12:58 a.m.,"Ethereum above ___ on December 2?","Yes",0.98,150288.07516,100,2.00,https://polymarket.com/event/ethereum-above-on-december-2
2025-12-02, 10:12:58 a.m.,"Ethereum above ___ on December 2?","Yes",0.98,150288.07516,100,2.00,https://polymarket.com/event/ethereum-above-on-december-2
2025-12-02, 10:12:58 a.m.,"Ethereum above ___ on December 2?","Yes",0.98,150288.07516,100,2.00,https://polymarket.com/event/ethereum-above-on-december-2
2025-12-02, 10:12:58 a.m.,"Ethereum above ___ on December 2?","Yes",0.98,150288.07516,100,2.00,https://polymarket.com/event/ethereum-above-on-december-2
2025-12-02, 10:12:58 a.m.,"Ethereum above ___ on December 2?","Yes",0.98,150288.07516,100,2.00,https://polymarket.com/event/ethereum-above-on-december-2
2025-12-02, 10:12:58 a.m.,"Ethereum above ___ on December 2?","Yes",0.98,150288.07516,100,2.00,https://polymarket.com/event/ethereum-above-on-december-2
2025-12-02, 10:12:58 a.m.,"Ethereum above ___ on December 2?","Yes",0.98,150288.07516,100,2.00,https://polymarket.com/event/ethereum-above-on-december-2
2025-12-02, 10:12:58 a.m.,"Ethereum above ___ on December 2?","Yes",0.98,150288.07516,100,2.00,https://polymarket.com/event/ethereum-above-on-december-2
2025-12-02, 10:12:58 a.m.,"Ethereum above ___ on December 2?","Yes",0.98,150288.07516,100,2.00,https://polymarket.com/event/ethereum-above-on-december-2
2025-12-02, 10:12:58 a.m.,"Ethereum above ___ on December 2?","Yes",0.98,150288.07516,100,2.00,https://polymarket.com/event/ethereum-above-on-december-2
2025-12-02, 10:12:58 a.m.,"Ethereum above ___ on December 2?","Yes",0.98,150288.07516,100,2.00,https://polymarket.com/event/ethereum-above-on-december-2
2025-12-02, 10:12:58 a.m.,"Ethereum above ___ on December 2?","Yes",0.98,150288.07516,100,2.00,https://polymarket.com/event/ethereum-above-on-december-2
2025-12-02, 10:12:58 a.m.,"Ethereum above ___ on December 2?","Yes",0.98,150288.07516,100,2.00,https://polymarket.com/event/ethereum-above-on-december-2
2025-12-02, 10:12:58 a.m.,"Ethereum above ___ on December 2?","Yes",0.98,150288.07516,100,2.00,https://polymarket.com/event/ethereum-above-on-december-2
2025-12-02, 10:12:58 a.m.,"Ethereum above ___ on December 2?","Yes",0.98,150288.07516,100,2.00,https://polymarket.com/event/ethereum-above-on-december-2
2025-12-02, 10:12:58 a.m.,"Ethereum above ___ on December 2?","Yes",0.98,150288.07516,100,2.00,https://polymarket.com/event/ethereum-above-on-december-2
2025-12-02, 10:13:04 a.m.,"Ethereum above ___ on December 2?","Yes",0.98,150288.07516,100,2.00,https://polymarket.com/event/ethereum-above-on-december-2
2025-12-02, 10:13:04 a.m.,"Ethereum above ___ on December 2?","Yes",0.98,150288.07516,100,2.00,https://polymarket.com/event/ethereum-above-on-december-2
2025-12-02, 10:13:04 a.m.,"Ethereum above ___ on December 2?","Yes",0.98,150288.07516,100,2.00,https://polymarket.com/event/ethereum-above-on-december-2
2025-12-02, 10:13:04 a.m.,"Ethereum above ___ on December 2?","Yes",0.98,150288.07516,100,2.00,https://polymarket.com/event/ethereum-above-on-december-2
2025-12-02, 10:13:04 a.m.,"Ethereum above ___ on December 2?","Yes",0.98,150288.07516,100,2.00,https://polymarket.com/event/ethereum-above-on-december-2
2025-12-02, 10:13:04 a.m.,"Ethereum above ___ on December 2?","Yes",0.98,150288.07516,100,2.00,https://polymarket.com/event/ethereum-above-on-december-2
2025-12-02, 10:13:04 a.m.,"Ethereum above ___ on December 2?","Yes",0.98,150288.07516,100,2.00,https://polymarket.com/event/ethereum-above-on-december-2
2025-12-02, 10:13:04 a.m.,"Ethereum above ___ on December 2?","Yes",0.98,150288.07516,100,2.00,https://polymarket.com/event/ethereum-above-on-december-2
2025-12-02, 10:13:04 a.m.,"Ethereum above ___ on December 2?","Yes",0.98,150288.07516,100,2.00,https://polymarket.com/event/ethereum-above-on-december-2
2025-12-02, 10:13:04 a.m.,"Ethereum above ___ on December 2?","Yes",0.98,150288.07516,100,2.00,https://polymarket.com/event/ethereum-above-on-december-2
2025-12-02, 10:13:04 a.m.,"Ethereum above ___ on December 2?","Yes",0.98,150288.07516,100,2.00,https://polymarket.com/event/ethereum-above-on-december-2
2025-12-02, 10:13:04 a.m.,"Ethereum above ___ on December 2?","Yes",0.98,150288.07516,100,2.00,https://polymarket.com/event/ethereum-above-on-december-2
2025-12-02, 10:13:04 a.m.,"Ethereum above ___ on December 2?","Yes",0.98,150288.07516,100,2.00,https://polymarket.com/event/ethereum-above-on-december-2
2025-12-02, 10:13:04 a.m.,"Ethereum above ___ on December 2?","Yes",0.98,150288.07516,100,2.00,https://polymarket.com/event/ethereum-above-on-december-2
2025-12-02, 10:13:04 a.m.,"Ethereum above ___ on December 2?","Yes",0.98,150288.07516,100,2.00,https://polymarket.com/event/ethereum-above-on-december-2
2025-12-02, 10:13:04 a.m.,"Ethereum above ___ on December 2?","Yes",0.98,150288.07516,100,2.00,https://polymarket.com/event/ethereum-above-on-december-2
2025-12-02, 10:14:49 a.m.,"Ethereum above ___ on December 2?","Yes",0.98,150288.07516,100,2.00,https://polymarket.com/event/ethereum-above-on-december-2
2025-12-02, 10:14:49 a.m.,"Ethereum above ___ on December 2?","Yes",0.98,150288.07516,100,2.00,https://polymarket.com/event/ethereum-above-on-december-2
2025-12-02, 10:14:49 a.m.,"Ethereum above ___ on December 2?","Yes",0.98,150288.07516,100,2.00,https://polymarket.com/event/ethereum-above-on-december-2
2025-12-02, 10:14:49 a.m.,"Ethereum above ___ on December 2?","Yes",0.98,150288.07516,100,2.00,https://polymarket.com/event/ethereum-above-on-december-2
2025-12-02, 10:14:49 a.m.,"Ethereum above ___ on December 2?","Yes",0.98,150288.07516,100,2.00,https://polymarket.com/event/ethereum-above-on-december-2
2025-12-02, 10:14:49 a.m.,"Ethereum above ___ on December 2?","Yes",0.98,150288.07516,100,2.00,https://polymarket.com/event/ethereum-above-on-december-2
2025-12-02, 10:14:49 a.m.,"Ethereum above ___ on December 2?","Yes",0.98,150288.07516,100,2.00,https://polymarket.com/event/ethereum-above-on-december-2
2025-12-02, 10:14:49 a.m.,"Ethereum above ___ on December 2?","Yes",0.98,150288.07516,100,2.00,https://polymarket.com/event/ethereum-above-on-december-2
2025-12-02, 10:14:49 a.m.,"Ethereum above ___ on December 2?","Yes",0.98,150288.07516,100,2.00,https://polymarket.com/event/ethereum-above-on-december-2
2025-12-02, 10:14:49 a.m.,"Ethereum above ___ on December 2?","Yes",0.98,150288.07516,100,2.00,https://polymarket.com/event/ethereum-above-on-december-2
2025-12-02, 10:14:49 a.m.,"Ethereum above ___ on December 2?","Yes",0.98,150288.07516,100,2.00,https://polymarket.com/event/ethereum-above-on-december-2
2025-12-02, 10:14:49 a.m.,"Ethereum above ___ on December 2?","Yes",0.98,150288.07516,100,2.00,https://polymarket.com/event/ethereum-above-on-december-2
2025-12-02, 10:14:49 a.m.,"Ethereum above ___ on December 2?","Yes",0.98,150288.07516,100,2.00,https://polymarket.com/event/ethereum-above-on-december-2
2025-12-02, 10:14:49 a.m.,"Ethereum above ___ on December 2?","Yes",0.98,150288.07516,100,2.00,https://polymarket.com/event/ethereum-above-on-december-2
2025-12-02, 10:14:49 a.m.,"Ethereum above ___ on December 2?","Yes",0.98,150288.07516,100,2.00,https://polymarket.com/event/ethereum-above-on-december-2
2025-12-02, 10:14:49 a.m.,"Ethereum above ___ on December 2?","Yes",0.98,150288.07516,100,2.00,https://polymarket.com/event/ethereum-above-on-december-2
2025-12-02, 10:15:01 a.m.,"Ethereum above ___ on December 2?","Yes",0.98,150288.07516,100,2.00,https://polymarket.com/event/ethereum-above-on-december-2
2025-12-02, 10:15:01 a.m.,"Ethereum above ___ on December 2?","Yes",0.98,150288.07516,100,2.00,https://polymarket.com/event/ethereum-above-on-december-2
2025-12-02, 10:15:01 a.m.,"Ethereum above ___ on December 2?","Yes",0.98,150288.07516,100,2.00,https://polymarket.com/event/ethereum-above-on-december-2
2025-12-02, 10:15:01 a.m.,"Ethereum above ___ on December 2?","Yes",0.98,150288.07516,100,2.00,https://polymarket.com/event/ethereum-above-on-december-2
2025-12-02, 10:15:01 a.m.,"Ethereum above ___ on December 2?","Yes",0.98,150288.07516,100,2.00,https://polymarket.com/event/ethereum-above-on-december-2
2025-12-02, 10:15:01 a.m.,"Ethereum above ___ on December 2?","Yes",0.98,150288.07516,100,2.00,https://polymarket.com/event/ethereum-above-on-december-2
2025-12-02, 10:15:01 a.m.,"Ethereum above ___ on December 2?","Yes",0.98,150288.07516,100,2.00,https://polymarket.com/event/ethereum-above-on-december-2
2025-12-02, 10:15:01 a.m.,"Ethereum above ___ on December 2?","Yes",0.98,150288.07516,100,2.00,https://polymarket.com/event/ethereum-above-on-december-2
2025-12-02, 10:15:01 a.m.,"Ethereum above ___ on December 2?","Yes",0.98,150288.07516,100,2.00,https://polymarket.com/event/ethereum-above-on-december-2
2025-12-02, 10:15:01 a.m.,"Ethereum above ___ on December 2?","Yes",0.98,150288.07516,100,2.00,https://polymarket.com/event/ethereum-above-on-december-2
2025-12-02, 10:15:01 a.m.,"Ethereum above ___ on December 2?","Yes",0.98,150288.07516,100,2.00,https://polymarket.com/event/ethereum-above-on-december-2
2025-12-02, 10:15:01 a.m.,"Ethereum above ___ on December 2?","Yes",0.98,150288.07516,100,2.00,https://polymarket.com/event/ethereum-above-on-december-2
2025-12-02, 10:15:01 a.m.,"Ethereum above ___ on December 2?","Yes",0.98,150288.07516,100,2.00,https://polymarket.com/event/ethereum-above-on-december-2
2025-12-02, 10:15:01 a.m.,"Ethereum above ___ on December 2?","Yes",0.98,150288.07516,100,2.00,https://polymarket.com/event/ethereum-above-on-december-2
2025-12-02, 10:15:01 a.m.,"Ethereum above ___ on December 2?","Yes",0.98,150288.07516,100,2.00,https://polymarket.com/event/ethereum-above-on-december-2
2025-12-02, 10:15:01 a.m.,"Ethereum above ___ on December 2?","Yes",0.98,150288.07516,100,2.00,https://polymarket.com/event/ethereum-above-on-december-2
2025-12-02, 10:16:09 a.m.,"Bitcoin above ___ on December 2?","Yes",0.98,490452.921197,100,2.00,https://polymarket.com/event/bitcoin-above-on-december-2
2025-12-02, 10:16:09 a.m.,"Bitcoin above ___ on December 2?","Yes",0.98,490452.921197,100,2.00,https://polymarket.com/event/bitcoin-above-on-december-2
2025-12-02, 10:16:09 a.m.,"Bitcoin above ___ on December 2?","Yes",0.98,490452.921197,100,2.00,https://polymarket.com/event/bitcoin-above-on-december-2
2025-12-02, 10:16:09 a.m.,"Bitcoin above ___ on December 2?","Yes",0.98,490452.921197,100,2.00,https://polymarket.com/event/bitcoin-above-on-december-2
2025-12-02, 10:16:09 a.m.,"Bitcoin above ___ on December 2?","Yes",0.98,490452.921197,100,2.00,https://polymarket.com/event/bitcoin-above-on-december-2
2025-12-02, 10:16:09 a.m.,"Bitcoin above ___ on December 2?","Yes",0.98,490452.921197,100,2.00,https://polymarket.com/event/bitcoin-above-on-december-2
2025-12-02, 10:16:09 a.m.,"Bitcoin above ___ on December 2?","Yes",0.98,490452.921197,100,2.00,https://polymarket.com/event/bitcoin-above-on-december-2
2025-12-02, 10:16:09 a.m.,"Bitcoin above ___ on December 2?","Yes",0.98,490452.921197,100,2.00,https://polymarket.com/event/bitcoin-above-on-december-2
2025-12-02, 10:16:09 a.m.,"Bitcoin above ___ on December 2?","Yes",0.98,490452.921197,100,2.00,https://polymarket.com/event/bitcoin-above-on-december-2
2025-12-02, 10:16:09 a.m.,"Bitcoin above ___ on December 2?","Yes",0.98,490452.921197,100,2.00,https://polymarket.com/event/bitcoin-above-on-december-2
2025-12-02, 10:16:09 a.m.,"Bitcoin above ___ on December 2?","Yes",0.98,490452.921197,100,2.00,https://polymarket.com/event/bitcoin-above-on-december-2
2025-12-02, 10:16:09 a.m.,"Bitcoin above ___ on December 2?","Yes",0.98,490452.921197,100,2.00,https://polymarket.com/event/bitcoin-above-on-december-2
2025-12-02, 10:16:09 a.m.,"Bitcoin above ___ on December 2?","Yes",0.98,490452.921197,100,2.00,https://polymarket.com/event/bitcoin-above-on-december-2
2025-12-02, 10:16:09 a.m.,"Bitcoin above ___ on December 2?","Yes",0.98,490452.921197,100,2.00,https://polymarket.com/event/bitcoin-above-on-december-2
2025-12-02, 10:16:09 a.m.,"Bitcoin above ___ on December 2?","Yes",0.98,490452.921197,100,2.00,https://polymarket.com/event/bitcoin-above-on-december-2
2025-12-02, 10:16:09 a.m.,"Bitcoin above ___ on December 2?","Yes",0.98,490452.921197,100,2.00,https://polymarket.com/event/bitcoin-above-on-december-2
2025-12-02, 10:44:37 a.m.,"Counter-Strike: Passion UA vs M80 (BO3)","Passion UA",0.96,91187.916642,100,4.00,https://polymarket.com/event/cs2-pssnua-m80-2025-12-02
2025-12-02, 10:44:37 a.m.,"Counter-Strike: Passion UA vs M80 (BO3)","Passion UA",0.96,91187.916642,100,4.00,https://polymarket.com/event/cs2-pssnua-m80-2025-12-02
2025-12-02, 10:44:37 a.m.,"Counter-Strike: Passion UA vs M80 (BO3)","Passion UA",0.96,91187.916642,100,4.00,https://polymarket.com/event/cs2-pssnua-m80-2025-12-02
2025-12-02, 10:44:37 a.m.,"Counter-Strike: Passion UA vs M80 (BO3)","Passion UA",0.96,91187.916642,100,4.00,https://polymarket.com/event/cs2-pssnua-m80-2025-12-02
2025-12-02, 10:44:37 a.m.,"Counter-Strike: Passion UA vs M80 (BO3)","Passion UA",0.96,91187.916642,100,4.00,https://polymarket.com/event/cs2-pssnua-m80-2025-12-02
2025-12-02, 10:44:37 a.m.,"Counter-Strike: Passion UA vs M80 (BO3)","Passion UA",0.96,91187.916642,100,4.00,https://polymarket.com/event/cs2-pssnua-m80-2025-12-02
2025-12-02, 10:44:37 a.m.,"Counter-Strike: Passion UA vs M80 (BO3)","Passion UA",0.96,91187.916642,100,4.00,https://polymarket.com/event/cs2-pssnua-m80-2025-12-02
2025-12-02, 10:44:37 a.m.,"Counter-Strike: Passion UA vs M80 (BO3)","Passion UA",0.96,91187.916642,100,4.00,https://polymarket.com/event/cs2-pssnua-m80-2025-12-02
2025-12-02, 10:44:37 a.m.,"Counter-Strike: Passion UA vs M80 (BO3)","Passion UA",0.96,91187.916642,100,4.00,https://polymarket.com/event/cs2-pssnua-m80-2025-12-02
2025-12-02, 10:44:37 a.m.,"Counter-Strike: Passion UA vs M80 (BO3)","Passion UA",0.96,91187.916642,100,4.00,https://polymarket.com/event/cs2-pssnua-m80-2025-12-02
2025-12-02, 10:44:37 a.m.,"Counter-Strike: Passion UA vs M80 (BO3)","Passion UA",0.96,91187.916642,100,4.00,https://polymarket.com/event/cs2-pssnua-m80-2025-12-02
2025-12-02, 10:44:37 a.m.,"Counter-Strike: Passion UA vs M80 (BO3)","Passion UA",0.96,91187.916642,100,4.00,https://polymarket.com/event/cs2-pssnua-m80-2025-12-02
2025-12-02, 10:44:37 a.m.,"Counter-Strike: Passion UA vs M80 (BO3)","Passion UA",0.96,91187.916642,100,4.00,https://polymarket.com/event/cs2-pssnua-m80-2025-12-02
2025-12-02, 10:44:37 a.m.,"Counter-Strike: Passion UA vs M80 (BO3)","Passion UA",0.96,91187.916642,100,4.00,https://polymarket.com/event/cs2-pssnua-m80-2025-12-02
2025-12-02, 10:44:37 a.m.,"Counter-Strike: Passion UA vs M80 (BO3)","Passion UA",0.96,91187.916642,100,4.00,https://polymarket.com/event/cs2-pssnua-m80-2025-12-02
2025-12-02, 10:44:52 a.m.,"Ethereum above ___ on December 2?","Yes",0.96,268325.793715,100,4.00,https://polymarket.com/event/ethereum-above-on-december-2
2025-12-02, 10:44:52 a.m.,"Ethereum above ___ on December 2?","Yes",0.96,268325.793715,100,4.00,https://polymarket.com/event/ethereum-above-on-december-2
2025-12-02, 10:44:52 a.m.,"Ethereum above ___ on December 2?","Yes",0.96,268325.793715,100,4.00,https://polymarket.com/event/ethereum-above-on-december-2
2025-12-02, 10:44:52 a.m.,"Ethereum above ___ on December 2?","Yes",0.96,268325.793715,100,4.00,https://polymarket.com/event/ethereum-above-on-december-2
2025-12-02, 10:44:52 a.m.,"Ethereum above ___ on December 2?","Yes",0.96,268325.793715,100,4.00,https://polymarket.com/event/ethereum-above-on-december-2
2025-12-02, 10:44:52 a.m.,"Ethereum above ___ on December 2?","Yes",0.96,268325.793715,100,4.00,https://polymarket.com/event/ethereum-above-on-december-2
2025-12-02, 10:44:52 a.m.,"Ethereum above ___ on December 2?","Yes",0.96,268325.793715,100,4.00,https://polymarket.com/event/ethereum-above-on-december-2
2025-12-02, 10:44:52 a.m.,"Ethereum above ___ on December 2?","Yes",0.96,268325.793715,100,4.00,https://polymarket.com/event/ethereum-above-on-december-2
2025-12-02, 10:44:52 a.m.,"Ethereum above ___ on December 2?","Yes",0.96,268325.793715,100,4.00,https://polymarket.com/event/ethereum-above-on-december-2
2025-12-02, 10:44:52 a.m.,"Ethereum above ___ on December 2?","Yes",0.96,268325.793715,100,4.00,https://polymarket.com/event/ethereum-above-on-december-2
2025-12-02, 10:44:52 a.m.,"Ethereum above ___ on December 2?","Yes",0.96,268325.793715,100,4.00,https://polymarket.com/event/ethereum-above-on-december-2
2025-12-02, 10:44:52 a.m.,"Ethereum above ___ on December 2?","Yes",0.96,268325.793715,100,4.00,https://polymarket.com/event/ethereum-above-on-december-2
2025-12-02, 10:44:52 a.m.,"Ethereum above ___ on December 2?","Yes",0.96,268325.793715,100,4.00,https://polymarket.com/event/ethereum-above-on-december-2
2025-12-02, 10:44:52 a.m.,"Ethereum above ___ on December 2?","Yes",0.96,268325.793715,100,4.00,https://polymarket.com/event/ethereum-above-on-december-2
2025-12-02, 10:44:52 a.m.,"Ethereum above ___ on December 2?","Yes",0.96,268325.793715,100,4.00,https://polymarket.com/event/ethereum-above-on-december-2
2025-12-02, 10:44:52 a.m.,"Ethereum above ___ on December 2?","Yes",0.96,268325.793715,100,4.00,https://polymarket.com/event/ethereum-above-on-december-2
2025-12-02, 10:44:52 a.m.,"Ethereum above ___ on December 2?","Yes",0.96,268325.793715,100,4.00,https://polymarket.com/event/ethereum-above-on-december-2
2025-12-02, 10:45:18 a.m.,"Counter-Strike: Passion UA vs M80 (BO3)","Passion UA",0.95,91187.916642,100,5.00,https://polymarket.com/event/cs2-pssnua-m80-2025-12-02
2025-12-02, 10:45:18 a.m.,"Counter-Strike: Passion UA vs M80 (BO3)","Passion UA",0.95,91187.916642,100,5.00,https://polymarket.com/event/cs2-pssnua-m80-2025-12-02
2025-12-02, 10:45:18 a.m.,"Counter-Strike: Passion UA vs M80 (BO3)","Passion UA",0.95,91187.916642,100,5.00,https://polymarket.com/event/cs2-pssnua-m80-2025-12-02
2025-12-02, 10:45:18 a.m.,"Counter-Strike: Passion UA vs M80 (BO3)","Passion UA",0.95,91187.916642,100,5.00,https://polymarket.com/event/cs2-pssnua-m80-2025-12-02
2025-12-02, 10:45:18 a.m.,"Counter-Strike: Passion UA vs M80 (BO3)","Passion UA",0.95,91187.916642,100,5.00,https://polymarket.com/event/cs2-pssnua-m80-2025-12-02
2025-12-02, 10:45:18 a.m.,"Counter-Strike: Passion UA vs M80 (BO3)","Passion UA",0.95,91187.916642,100,5.00,https://polymarket.com/event/cs2-pssnua-m80-2025-12-02
2025-12-02, 10:45:18 a.m.,"Counter-Strike: Passion UA vs M80 (BO3)","Passion UA",0.95,91187.916642,100,5.00,https://polymarket.com/event/cs2-pssnua-m80-2025-12-02
2025-12-02, 10:45:18 a.m.,"Counter-Strike: Passion UA vs M80 (BO3)","Passion UA",0.95,91187.916642,100,5.00,https://polymarket.com/event/cs2-pssnua-m80-2025-12-02
2025-12-02, 10:45:18 a.m.,"Counter-Strike: Passion UA vs M80 (BO3)","Passion UA",0.95,91187.916642,100,5.00,https://polymarket.com/event/cs2-pssnua-m80-2025-12-02
2025-12-02, 10:45:18 a.m.,"Counter-Strike: Passion UA vs M80 (BO3)","Passion UA",0.95,91187.916642,100,5.00,https://polymarket.com/event/cs2-pssnua-m80-2025-12-02
2025-12-02, 10:45:18 a.m.,"Counter-Strike: Passion UA vs M80 (BO3)","Passion UA",0.95,91187.916642,100,5.00,https://polymarket.com/event/cs2-pssnua-m80-2025-12-02
2025-12-02, 10:45:18 a.m.,"Counter-Strike: Passion UA vs M80 (BO3)","Passion UA",0.95,91187.916642,100,5.00,https://polymarket.com/event/cs2-pssnua-m80-2025-12-02
2025-12-02, 10:45:18 a.m.,"Counter-Strike: Passion UA vs M80 (BO3)","Passion UA",0.95,91187.916642,100,5.00,https://polymarket.com/event/cs2-pssnua-m80-2025-12-02
2025-12-02, 10:45:18 a.m.,"Counter-Strike: Passion UA vs M80 (BO3)","Passion UA",0.95,91187.916642,100,5.00,https://polymarket.com/event/cs2-pssnua-m80-2025-12-02
2025-12-02, 10:45:18 a.m.,"Counter-Strike: Passion UA vs M80 (BO3)","Passion UA",0.95,91187.916642,100,5.00,https://polymarket.com/event/cs2-pssnua-m80-2025-12-02
2025-12-02, 10:46:00 a.m.,"Ethereum above ___ on December 2?","Yes",0.98,268325.793715,100,2.00,https://polymarket.com/event/ethereum-above-on-december-2
2025-12-02, 10:46:00 a.m.,"Ethereum above ___ on December 2?","Yes",0.98,268325.793715,100,2.00,https://polymarket.com/event/ethereum-above-on-december-2
2025-12-02, 10:46:00 a.m.,"Ethereum above ___ on December 2?","Yes",0.98,268325.793715,100,2.00,https://polymarket.com/event/ethereum-above-on-december-2
2025-12-02, 10:46:00 a.m.,"Ethereum above ___ on December 2?","Yes",0.98,268325.793715,100,2.00,https://polymarket.com/event/ethereum-above-on-december-2
2025-12-02, 10:46:00 a.m.,"Ethereum above ___ on December 2?","Yes",0.98,268325.793715,100,2.00,https://polymarket.com/event/ethereum-above-on-december-2
2025-12-02, 10:46:00 a.m.,"Ethereum above ___ on December 2?","Yes",0.98,268325.793715,100,2.00,https://polymarket.com/event/ethereum-above-on-december-2
2025-12-02, 10:46:00 a.m.,"Ethereum above ___ on December 2?","Yes",0.98,268325.793715,100,2.00,https://polymarket.com/event/ethereum-above-on-december-2
2025-12-02, 10:46:00 a.m.,"Ethereum above ___ on December 2?","Yes",0.98,268325.793715,100,2.00,https://polymarket.com/event/ethereum-above-on-december-2
2025-12-02, 10:46:00 a.m.,"Ethereum above ___ on December 2?","Yes",0.98,268325.793715,100,2.00,https://polymarket.com/event/ethereum-above-on-december-2
2025-12-02, 10:46:00 a.m.,"Ethereum above ___ on December 2?","Yes",0.98,268325.793715,100,2.00,https://polymarket.com/event/ethereum-above-on-december-2
2025-12-02, 10:46:00 a.m.,"Ethereum above ___ on December 2?","Yes",0.98,268325.793715,100,2.00,https://polymarket.com/event/ethereum-above-on-december-2
2025-12-02, 10:46:00 a.m.,"Ethereum above ___ on December 2?","Yes",0.98,268325.793715,100,2.00,https://polymarket.com/event/ethereum-above-on-december-2
2025-12-02, 10:46:00 a.m.,"Ethereum above ___ on December 2?","Yes",0.98,268325.793715,100,2.00,https://polymarket.com/event/ethereum-above-on-december-2
2025-12-02, 10:46:00 a.m.,"Ethereum above ___ on December 2?","Yes",0.98,268325.793715,100,2.00,https://polymarket.com/event/ethereum-above-on-december-2
2025-12-02, 10:46:00 a.m.,"Ethereum above ___ on December 2?","Yes",0.98,268325.793715,100,2.00,https://polymarket.com/event/ethereum-above-on-december-2
2025-12-02, 10:46:00 a.m.,"Ethereum above ___ on December 2?","Yes",0.98,268325.793715,100,2.00,https://polymarket.com/event/ethereum-above-on-december-2
2025-12-02, 10:46:00 a.m.,"Ethereum above ___ on December 2?","Yes",0.98,268325.793715,100,2.00,https://polymarket.com/event/ethereum-above-on-december-2
2025-12-02, 10:46:09 a.m.,"Counter-Strike: Passion UA vs M80 (BO3)","Passion UA",0.96,91187.916642,100,4.00,https://polymarket.com/event/cs2-pssnua-m80-2025-12-02
2025-12-02, 10:46:09 a.m.,"Counter-Strike: Passion UA vs M80 (BO3)","Passion UA",0.96,91187.916642,100,4.00,https://polymarket.com/event/cs2-pssnua-m80-2025-12-02
2025-12-02, 10:46:09 a.m.,"Counter-Strike: Passion UA vs M80 (BO3)","Passion UA",0.96,91187.916642,100,4.00,https://polymarket.com/event/cs2-pssnua-m80-2025-12-02
2025-12-02, 10:46:09 a.m.,"Counter-Strike: Passion UA vs M80 (BO3)","Passion UA",0.96,91187.916642,100,4.00,https://polymarket.com/event/cs2-pssnua-m80-2025-12-02
2025-12-02, 10:46:09 a.m.,"Counter-Strike: Passion UA vs M80 (BO3)","Passion UA",0.96,91187.916642,100,4.00,https://polymarket.com/event/cs2-pssnua-m80-2025-12-02
2025-12-02, 10:46:09 a.m.,"Counter-Strike: Passion UA vs M80 (BO3)","Passion UA",0.96,91187.916642,100,4.00,https://polymarket.com/event/cs2-pssnua-m80-2025-12-02
2025-12-02, 10:46:09 a.m.,"Counter-Strike: Passion UA vs M80 (BO3)","Passion UA",0.96,91187.916642,100,4.00,https://polymarket.com/event/cs2-pssnua-m80-2025-12-02
2025-12-02, 10:46:09 a.m.,"Counter-Strike: Passion UA vs M80 (BO3)","Passion UA",0.96,91187.916642,100,4.00,https://polymarket.com/event/cs2-pssnua-m80-2025-12-02
2025-12-02, 10:46:09 a.m.,"Counter-Strike: Passion UA vs M80 (BO3)","Passion UA",0.96,91187.916642,100,4.00,https://polymarket.com/event/cs2-pssnua-m80-2025-12-02
2025-12-02, 10:46:09 a.m.,"Counter-Strike: Passion UA vs M80 (BO3)","Passion UA",0.96,91187.916642,100,4.00,https://polymarket.com/event/cs2-pssnua-m80-2025-12-02
2025-12-02, 10:46:09 a.m.,"Counter-Strike: Passion UA vs M80 (BO3)","Passion UA",0.96,91187.916642,100,4.00,https://polymarket.com/event/cs2-pssnua-m80-2025-12-02
2025-12-02, 10:46:09 a.m.,"Counter-Strike: Passion UA vs M80 (BO3)","Passion UA",0.96,91187.916642,100,4.00,https://polymarket.com/event/cs2-pssnua-m80-2025-12-02
2025-12-02, 10:46:09 a.m.,"Counter-Strike: Passion UA vs M80 (BO3)","Passion UA",0.96,91187.916642,100,4.00,https://polymarket.com/event/cs2-pssnua-m80-2025-12-02
2025-12-02, 10:46:09 a.m.,"Counter-Strike: Passion UA vs M80 (BO3)","Passion UA",0.96,91187.916642,100,4.00,https://polymarket.com/event/cs2-pssnua-m80-2025-12-02
2025-12-02, 10:46:09 a.m.,"Counter-Strike: Passion UA vs M80 (BO3)","Passion UA",0.96,91187.916642,100,4.00,https://polymarket.com/event/cs2-pssnua-m80-2025-12-02
2025-12-02, 10:46:41 a.m.,"Counter-Strike: Passion UA vs M80 (BO3)","Over",0.98,10199.292064,100,2.00,https://polymarket.com/event/cs2-pssnua-m80-2025-12-02
2025-12-02, 10:46:41 a.m.,"Counter-Strike: Passion UA vs M80 (BO3)","Over",0.98,10199.292064,100,2.00,https://polymarket.com/event/cs2-pssnua-m80-2025-12-02
2025-12-02, 10:46:41 a.m.,"Counter-Strike: Passion UA vs M80 (BO3)","Over",0.98,10199.292064,100,2.00,https://polymarket.com/event/cs2-pssnua-m80-2025-12-02
2025-12-02, 10:50:03 a.m.,"Ethereum above ___ on December 2?","No",0.964,103993.976357,100,3.60,https://polymarket.com/event/ethereum-above-on-december-2
2025-12-02, 10:50:03 a.m.,"Ethereum above ___ on December 2?","No",0.964,103993.976357,100,3.60,https://polymarket.com/event/ethereum-above-on-december-2
2025-12-02, 10:50:03 a.m.,"Ethereum above ___ on December 2?","No",0.964,103993.976357,100,3.60,https://polymarket.com/event/ethereum-above-on-december-2
2025-12-02, 10:50:03 a.m.,"Ethereum above ___ on December 2?","No",0.964,103993.976357,100,3.60,https://polymarket.com/event/ethereum-above-on-december-2
2025-12-02, 10:50:03 a.m.,"Ethereum above ___ on December 2?","No",0.964,103993.976357,100,3.60,https://polymarket.com/event/ethereum-above-on-december-2
2025-12-02, 10:50:03 a.m.,"Ethereum above ___ on December 2?","No",0.964,103993.976357,100,3.60,https://polymarket.com/event/ethereum-above-on-december-2
2025-12-02, 10:50:03 a.m.,"Ethereum above ___ on December 2?","No",0.964,103993.976357,100,3.60,https://polymarket.com/event/ethereum-above-on-december-2
2025-12-02, 10:50:03 a.m.,"Ethereum above ___ on December 2?","No",0.964,103993.976357,100,3.60,https://polymarket.com/event/ethereum-above-on-december-2
2025-12-02, 10:50:03 a.m.,"Ethereum above ___ on December 2?","No",0.964,103993.976357,100,3.60,https://polymarket.com/event/ethereum-above-on-december-2
2025-12-02, 10:50:03 a.m.,"Ethereum above ___ on December 2?","No",0.964,103993.976357,100,3.60,https://polymarket.com/event/ethereum-above-on-december-2
2025-12-02, 10:50:03 a.m.,"Ethereum above ___ on December 2?","No",0.964,103993.976357,100,3.60,https://polymarket.com/event/ethereum-above-on-december-2
2025-12-02, 10:50:03 a.m.,"Ethereum above ___ on December 2?","No",0.964,103993.976357,100,3.60,https://polymarket.com/event/ethereum-above-on-december-2
2025-12-02, 10:50:03 a.m.,"Ethereum above ___ on December 2?","No",0.964,103993.976357,100,3.60,https://polymarket.com/event/ethereum-above-on-december-2
2025-12-02, 10:50:03 a.m.,"Ethereum above ___ on December 2?","No",0.964,103993.976357,100,3.60,https://polymarket.com/event/ethereum-above-on-december-2
2025-12-02, 10:50:03 a.m.,"Ethereum above ___ on December 2?","No",0.964,103993.976357,100,3.60,https://polymarket.com/event/ethereum-above-on-december-2
2025-12-02, 10:50:03 a.m.,"Ethereum above ___ on December 2?","No",0.964,103993.976357,100,3.60,https://polymarket.com/event/ethereum-above-on-december-2
2025-12-02, 10:50:03 a.m.,"Ethereum above ___ on December 2?","No",0.964,103993.976357,100,3.60,https://polymarket.com/event/ethereum-above-on-december-2
2025-12-02, 10:50:08 a.m.,"Bitcoin above ___ on December 2?","No",0.98,248549.496033,100,2.00,https://polymarket.com/event/bitcoin-above-on-december-2
2025-12-02, 10:50:08 a.m.,"Bitcoin above ___ on December 2?","No",0.98,248549.496033,100,2.00,https://polymarket.com/event/bitcoin-above-on-december-2
2025-12-02, 10:50:08 a.m.,"Bitcoin above ___ on December 2?","No",0.98,248549.496033,100,2.00,https://polymarket.com/event/bitcoin-above-on-december-2
2025-12-02, 10:50:08 a.m.,"Bitcoin above ___ on December 2?","No",0.98,248549.496033,100,2.00,https://polymarket.com/event/bitcoin-above-on-december-2
2025-12-02, 10:50:08 a.m.,"Bitcoin above ___ on December 2?","No",0.98,248549.496033,100,2.00,https://polymarket.com/event/bitcoin-above-on-december-2
2025-12-02, 10:50:08 a.m.,"Bitcoin above ___ on December 2?","No",0.98,248549.496033,100,2.00,https://polymarket.com/event/bitcoin-above-on-december-2
2025-12-02, 10:50:08 a.m.,"Bitcoin above ___ on December 2?","No",0.98,248549.496033,100,2.00,https://polymarket.com/event/bitcoin-above-on-december-2
2025-12-02, 10:50:08 a.m.,"Bitcoin above ___ on December 2?","No",0.98,248549.496033,100,2.00,https://polymarket.com/event/bitcoin-above-on-december-2
2025-12-02, 10:50:08 a.m.,"Bitcoin above ___ on December 2?","No",0.98,248549.496033,100,2.00,https://polymarket.com/event/bitcoin-above-on-december-2
2025-12-02, 10:50:08 a.m.,"Bitcoin above ___ on December 2?","No",0.98,248549.496033,100,2.00,https://polymarket.com/event/bitcoin-above-on-december-2
2025-12-02, 10:50:08 a.m.,"Bitcoin above ___ on December 2?","No",0.98,248549.496033,100,2.00,https://polymarket.com/event/bitcoin-above-on-december-2
2025-12-02, 10:50:08 a.m.,"Bitcoin above ___ on December 2?","No",0.98,248549.496033,100,2.00,https://polymarket.com/event/bitcoin-above-on-december-2
2025-12-02, 10:50:08 a.m.,"Bitcoin above ___ on December 2?","No",0.98,248549.496033,100,2.00,https://polymarket.com/event/bitcoin-above-on-december-2
2025-12-02, 10:50:08 a.m.,"Bitcoin above ___ on December 2?","No",0.98,248549.496033,100,2.00,https://polymarket.com/event/bitcoin-above-on-december-2
2025-12-02, 10:50:08 a.m.,"Bitcoin above ___ on December 2?","No",0.98,248549.496033,100,2.00,https://polymarket.com/event/bitcoin-above-on-december-2
2025-12-02, 10:50:08 a.m.,"Bitcoin above ___ on December 2?","No",0.98,248549.496033,100,2.00,https://polymarket.com/event/bitcoin-above-on-december-2
2025-12-02, 10:50:08 a.m.,"Bitcoin above ___ on December 2?","No",0.98,248549.496033,100,2.00,https://polymarket.com/event/bitcoin-above-on-december-2
2025-12-02, 10:50:29 a.m.,"Ethereum above ___ on December 2?","Yes",0.98,268325.793715,100,2.00,https://polymarket.com/event/ethereum-above-on-december-2
2025-12-02, 10:50:29 a.m.,"Ethereum above ___ on December 2?","Yes",0.98,268325.793715,100,2.00,https://polymarket.com/event/ethereum-above-on-december-2
2025-12-02, 10:50:29 a.m.,"Ethereum above ___ on December 2?","Yes",0.98,268325.793715,100,2.00,https://polymarket.com/event/ethereum-above-on-december-2
2025-12-02, 10:50:29 a.m.,"Ethereum above ___ on December 2?","Yes",0.98,268325.793715,100,2.00,https://polymarket.com/event/ethereum-above-on-december-2
2025-12-02, 10:50:29 a.m.,"Ethereum above ___ on December 2?","Yes",0.98,268325.793715,100,2.00,https://polymarket.com/event/ethereum-above-on-december-2
2025-12-02, 10:50:29 a.m.,"Ethereum above ___ on December 2?","Yes",0.98,268325.793715,100,2.00,https://polymarket.com/event/ethereum-above-on-december-2
2025-12-02, 10:50:29 a.m.,"Ethereum above ___ on December 2?","Yes",0.98,268325.793715,100,2.00,https://polymarket.com/event/ethereum-above-on-december-2
2025-12-02, 10:50:29 a.m.,"Ethereum above ___ on December 2?","Yes",0.98,268325.793715,100,2.00,https://polymarket.com/event/ethereum-above-on-december-2
2025-12-02, 10:50:29 a.m.,"Ethereum above ___ on December 2?","Yes",0.98,268325.793715,100,2.00,https://polymarket.com/event/ethereum-above-on-december-2
2025-12-02, 10:50:29 a.m.,"Ethereum above ___ on December 2?","Yes",0.98,268325.793715,100,2.00,https://polymarket.com/event/ethereum-above-on-december-2
2025-12-02, 10:50:29 a.m.,"Ethereum above ___ on December 2?","Yes",0.98,268325.793715,100,2.00,https://polymarket.com/event/ethereum-above-on-december-2
2025-12-02, 10:50:29 a.m.,"Ethereum above ___ on December 2?","Yes",0.98,268325.793715,100,2.00,https://polymarket.com/event/ethereum-above-on-december-2
2025-12-02, 10:50:29 a.m.,"Ethereum above ___ on December 2?","Yes",0.98,268325.793715,100,2.00,https://polymarket.com/event/ethereum-above-on-december-2
2025-12-02, 10:50:29 a.m.,"Ethereum above ___ on December 2?","Yes",0.98,268325.793715,100,2.00,https://polymarket.com/event/ethereum-above-on-december-2
2025-12-02, 10:50:29 a.m.,"Ethereum above ___ on December 2?","Yes",0.98,268325.793715,100,2.00,https://polymarket.com/event/ethereum-above-on-december-2
2025-12-02, 10:50:29 a.m.,"Ethereum above ___ on December 2?","Yes",0.98,268325.793715,100,2.00,https://polymarket.com/event/ethereum-above-on-december-2
2025-12-02, 10:50:29 a.m.,"Ethereum above ___ on December 2?","Yes",0.98,268325.793715,100,2.00,https://polymarket.com/event/ethereum-above-on-december-2
2025-12-02, 10:51:48 a.m.,"Bitcoin above ___ on December 2?","Yes",0.98,521894.843568,100,2.00,https://polymarket.com/event/bitcoin-above-on-december-2
2025-12-02, 10:51:48 a.m.,"Bitcoin above ___ on December 2?","Yes",0.98,521894.843568,100,2.00,https://polymarket.com/event/bitcoin-above-on-december-2
2025-12-02, 10:51:48 a.m.,"Bitcoin above ___ on December 2?","Yes",0.98,521894.843568,100,2.00,https://polymarket.com/event/bitcoin-above-on-december-2
2025-12-02, 10:51:48 a.m.,"Bitcoin above ___ on December 2?","Yes",0.98,521894.843568,100,2.00,https://polymarket.com/event/bitcoin-above-on-december-2
2025-12-02, 10:51:48 a.m.,"Bitcoin above ___ on December 2?","Yes",0.98,521894.843568,100,2.00,https://polymarket.com/event/bitcoin-above-on-december-2
2025-12-02, 10:51:48 a.m.,"Bitcoin above ___ on December 2?","Yes",0.98,521894.843568,100,2.00,https://polymarket.com/event/bitcoin-above-on-december-2
2025-12-02, 10:51:48 a.m.,"Bitcoin above ___ on December 2?","Yes",0.98,521894.843568,100,2.00,https://polymarket.com/event/bitcoin-above-on-december-2
2025-12-02, 10:51:48 a.m.,"Bitcoin above ___ on December 2?","Yes",0.98,521894.843568,100,2.00,https://polymarket.com/event/bitcoin-above-on-december-2
2025-12-02, 10:51:48 a.m.,"Bitcoin above ___ on December 2?","Yes",0.98,521894.843568,100,2.00,https://polymarket.com/event/bitcoin-above-on-december-2
2025-12-02, 10:51:48 a.m.,"Bitcoin above ___ on December 2?","Yes",0.98,521894.843568,100,2.00,https://polymarket.com/event/bitcoin-above-on-december-2
2025-12-02, 10:51:48 a.m.,"Bitcoin above ___ on December 2?","Yes",0.98,521894.843568,100,2.00,https://polymarket.com/event/bitcoin-above-on-december-2
2025-12-02, 10:51:49 a.m.,"Bitcoin above ___ on December 2?","Yes",0.98,521894.843568,100,2.00,https://polymarket.com/event/bitcoin-above-on-december-2
2025-12-02, 10:51:49 a.m.,"Bitcoin above ___ on December 2?","Yes",0.98,521894.843568,100,2.00,https://polymarket.com/event/bitcoin-above-on-december-2
2025-12-02, 10:51:49 a.m.,"Bitcoin above ___ on December 2?","Yes",0.98,521894.843568,100,2.00,https://polymarket.com/event/bitcoin-above-on-december-2
2025-12-02, 10:51:49 a.m.,"Bitcoin above ___ on December 2?","Yes",0.98,521894.843568,100,2.00,https://polymarket.com/event/bitcoin-above-on-december-2
2025-12-02, 10:51:49 a.m.,"Bitcoin above ___ on December 2?","Yes",0.98,521894.843568,100,2.00,https://polymarket.com/event/bitcoin-above-on-december-2
2025-12-02, 10:51:49 a.m.,"Bitcoin above ___ on December 2?","Yes",0.98,521894.843568,100,2.00,https://polymarket.com/event/bitcoin-above-on-december-2
2025-12-02, 10:52:26 a.m.,"Bitcoin above ___ on December 2?","No",0.979,248549.496033,100,2.10,https://polymarket.com/event/bitcoin-above-on-december-2
2025-12-02, 10:52:26 a.m.,"Bitcoin above ___ on December 2?","No",0.979,248549.496033,100,2.10,https://polymarket.com/event/bitcoin-above-on-december-2
2025-12-02, 10:52:26 a.m.,"Bitcoin above ___ on December 2?","No",0.979,248549.496033,100,2.10,https://polymarket.com/event/bitcoin-above-on-december-2
2025-12-02, 10:52:26 a.m.,"Bitcoin above ___ on December 2?","No",0.979,248549.496033,100,2.10,https://polymarket.com/event/bitcoin-above-on-december-2
2025-12-02, 10:52:26 a.m.,"Bitcoin above ___ on December 2?","No",0.979,248549.496033,100,2.10,https://polymarket.com/event/bitcoin-above-on-december-2
2025-12-02, 10:52:26 a.m.,"Bitcoin above ___ on December 2?","No",0.979,248549.496033,100,2.10,https://polymarket.com/event/bitcoin-above-on-december-2
2025-12-02, 10:52:26 a.m.,"Bitcoin above ___ on December 2?","No",0.979,248549.496033,100,2.10,https://polymarket.com/event/bitcoin-above-on-december-2
2025-12-02, 10:52:26 a.m.,"Bitcoin above ___ on December 2?","No",0.979,248549.496033,100,2.10,https://polymarket.com/event/bitcoin-above-on-december-2
2025-12-02, 10:52:26 a.m.,"Bitcoin above ___ on December 2?","No",0.979,248549.496033,100,2.10,https://polymarket.com/event/bitcoin-above-on-december-2
2025-12-02, 10:52:26 a.m.,"Bitcoin above ___ on December 2?","No",0.979,248549.496033,100,2.10,https://polymarket.com/event/bitcoin-above-on-december-2
2025-12-02, 10:52:26 a.m.,"Bitcoin above ___ on December 2?","No",0.979,248549.496033,100,2.10,https://polymarket.com/event/bitcoin-above-on-december-2
2025-12-02, 10:52:26 a.m.,"Bitcoin above ___ on December 2?","No",0.979,248549.496033,100,2.10,https://polymarket.com/event/bitcoin-above-on-december-2
2025-12-02, 10:52:26 a.m.,"Bitcoin above ___ on December 2?","No",0.979,248549.496033,100,2.10,https://polymarket.com/event/bitcoin-above-on-december-2
2025-12-02, 10:52:26 a.m.,"Bitcoin above ___ on December 2?","No",0.979,248549.496033,100,2.10,https://polymarket.com/event/bitcoin-above-on-december-2
2025-12-02, 10:52:26 a.m.,"Bitcoin above ___ on December 2?","No",0.979,248549.496033,100,2.10,https://polymarket.com/event/bitcoin-above-on-december-2
2025-12-02, 10:52:26 a.m.,"Bitcoin above ___ on December 2?","No",0.979,248549.496033,100,2.10,https://polymarket.com/event/bitcoin-above-on-december-2
2025-12-02, 10:52:26 a.m.,"Bitcoin above ___ on December 2?","No",0.979,248549.496033,100,2.10,https://polymarket.com/event/bitcoin-above-on-december-2
2025-12-02, 10:54:48 a.m.,"Ethereum above ___ on December 2?","Yes",0.98,268325.793715,100,2.00,https://polymarket.com/event/ethereum-above-on-december-2
2025-12-02, 10:54:48 a.m.,"Ethereum above ___ on December 2?","Yes",0.98,268325.793715,100,2.00,https://polymarket.com/event/ethereum-above-on-december-2
2025-12-02, 10:54:48 a.m.,"Ethereum above ___ on December 2?","Yes",0.98,268325.793715,100,2.00,https://polymarket.com/event/ethereum-above-on-december-2
2025-12-02, 10:54:48 a.m.,"Ethereum above ___ on December 2?","Yes",0.98,268325.793715,100,2.00,https://polymarket.com/event/ethereum-above-on-december-2
2025-12-02, 10:54:48 a.m.,"Ethereum above ___ on December 2?","Yes",0.98,268325.793715,100,2.00,https://polymarket.com/event/ethereum-above-on-december-2
2025-12-02, 10:54:48 a.m.,"Ethereum above ___ on December 2?","Yes",0.98,268325.793715,100,2.00,https://polymarket.com/event/ethereum-above-on-december-2
2025-12-02, 10:54:48 a.m.,"Ethereum above ___ on December 2?","Yes",0.98,268325.793715,100,2.00,https://polymarket.com/event/ethereum-above-on-december-2
2025-12-02, 10:54:48 a.m.,"Ethereum above ___ on December 2?","Yes",0.98,268325.793715,100,2.00,https://polymarket.com/event/ethereum-above-on-december-2
2025-12-02, 10:54:48 a.m.,"Ethereum above ___ on December 2?","Yes",0.98,268325.793715,100,2.00,https://polymarket.com/event/ethereum-above-on-december-2
2025-12-02, 10:54:48 a.m.,"Ethereum above ___ on December 2?","Yes",0.98,268325.793715,100,2.00,https://polymarket.com/event/ethereum-above-on-december-2
2025-12-02, 10:54:48 a.m.,"Ethereum above ___ on December 2?","Yes",0.98,268325.793715,100,2.00,https://polymarket.com/event/ethereum-above-on-december-2
2025-12-02, 10:54:48 a.m.,"Ethereum above ___ on December 2?","Yes",0.98,268325.793715,100,2.00,https://polymarket.com/event/ethereum-above-on-december-2
2025-12-02, 10:54:48 a.m.,"Ethereum above ___ on December 2?","Yes",0.98,268325.793715,100,2.00,https://polymarket.com/event/ethereum-above-on-december-2
2025-12-02, 10:54:48 a.m.,"Ethereum above ___ on December 2?","Yes",0.98,268325.793715,100,2.00,https://polymarket.com/event/ethereum-above-on-december-2
2025-12-02, 10:54:48 a.m.,"Ethereum above ___ on December 2?","Yes",0.98,268325.793715,100,2.00,https://polymarket.com/event/ethereum-above-on-december-2
2025-12-02, 10:54:48 a.m.,"Ethereum above ___ on December 2?","Yes",0.98,268325.793715,100,2.00,https://polymarket.com/event/ethereum-above-on-december-2
2025-12-02, 10:54:48 a.m.,"Ethereum above ___ on December 2?","Yes",0.98,268325.793715,100,2.00,https://polymarket.com/event/ethereum-above-on-december-2
2025-12-02, 10:57:08 a.m.,"Ethereum above ___ on December 2?","Yes",0.973,268325.793715,100,2.70,https://polymarket.com/event/ethereum-above-on-december-2
2025-12-02, 10:57:08 a.m.,"Ethereum above ___ on December 2?","Yes",0.973,268325.793715,100,2.70,https://polymarket.com/event/ethereum-above-on-december-2
2025-12-02, 10:57:08 a.m.,"Ethereum above ___ on December 2?","Yes",0.973,268325.793715,100,2.70,https://polymarket.com/event/ethereum-above-on-december-2
2025-12-02, 10:57:08 a.m.,"Ethereum above ___ on December 2?","Yes",0.973,268325.793715,100,2.70,https://polymarket.com/event/ethereum-above-on-december-2
2025-12-02, 10:57:08 a.m.,"Ethereum above ___ on December 2?","Yes",0.973,268325.793715,100,2.70,https://polymarket.com/event/ethereum-above-on-december-2
2025-12-02, 10:57:08 a.m.,"Ethereum above ___ on December 2?","Yes",0.973,268325.793715,100,2.70,https://polymarket.com/event/ethereum-above-on-december-2
2025-12-02, 10:57:08 a.m.,"Ethereum above ___ on December 2?","Yes",0.973,268325.793715,100,2.70,https://polymarket.com/event/ethereum-above-on-december-2
2025-12-02, 10:57:08 a.m.,"Ethereum above ___ on December 2?","Yes",0.973,268325.793715,100,2.70,https://polymarket.com/event/ethereum-above-on-december-2
2025-12-02, 10:57:08 a.m.,"Ethereum above ___ on December 2?","Yes",0.973,268325.793715,100,2.70,https://polymarket.com/event/ethereum-above-on-december-2
2025-12-02, 10:57:08 a.m.,"Ethereum above ___ on December 2?","Yes",0.973,268325.793715,100,2.70,https://polymarket.com/event/ethereum-above-on-december-2
2025-12-02, 10:57:08 a.m.,"Ethereum above ___ on December 2?","Yes",0.973,268325.793715,100,2.70,https://polymarket.com/event/ethereum-above-on-december-2
2025-12-02, 10:57:08 a.m.,"Ethereum above ___ on December 2?","Yes",0.973,268325.793715,100,2.70,https://polymarket.com/event/ethereum-above-on-december-2
2025-12-02, 10:57:08 a.m.,"Ethereum above ___ on December 2?","Yes",0.973,268325.793715,100,2.70,https://polymarket.com/event/ethereum-above-on-december-2
2025-12-02, 10:57:08 a.m.,"Ethereum above ___ on December 2?","Yes",0.973,268325.793715,100,2.70,https://polymarket.com/event/ethereum-above-on-december-2
2025-12-02, 10:57:08 a.m.,"Ethereum above ___ on December 2?","Yes",0.973,268325.793715,100,2.70,https://polymarket.com/event/ethereum-above-on-december-2
2025-12-02, 10:57:08 a.m.,"Ethereum above ___ on December 2?","Yes",0.973,268325.793715,100,2.70,https://polymarket.com/event/ethereum-above-on-december-2
2025-12-02, 10:57:08 a.m.,"Ethereum above ___ on December 2?","Yes",0.973,268325.793715,100,2.70,https://polymarket.com/event/ethereum-above-on-december-2
2025-12-02, 10:58:45 a.m.,"Ethereum above ___ on December 2?","Yes",0.973,268325.793715,100,2.70,https://polymarket.com/event/ethereum-above-on-december-2
2025-12-02, 10:58:45 a.m.,"Ethereum above ___ on December 2?","Yes",0.973,268325.793715,100,2.70,https://polymarket.com/event/ethereum-above-on-december-2
2025-12-02, 10:58:45 a.m.,"Ethereum above ___ on December 2?","Yes",0.973,268325.793715,100,2.70,https://polymarket.com/event/ethereum-above-on-december-2
2025-12-02, 10:58:45 a.m.,"Ethereum above ___ on December 2?","Yes",0.973,268325.793715,100,2.70,https://polymarket.com/event/ethereum-above-on-december-2
2025-12-02, 10:58:45 a.m.,"Ethereum above ___ on December 2?","Yes",0.973,268325.793715,100,2.70,https://polymarket.com/event/ethereum-above-on-december-2
2025-12-02, 10:58:45 a.m.,"Ethereum above ___ on December 2?","Yes",0.973,268325.793715,100,2.70,https://polymarket.com/event/ethereum-above-on-december-2
2025-12-02, 10:58:45 a.m.,"Ethereum above ___ on December 2?","Yes",0.973,268325.793715,100,2.70,https://polymarket.com/event/ethereum-above-on-december-2
2025-12-02, 10:58:45 a.m.,"Ethereum above ___ on December 2?","Yes",0.973,268325.793715,100,2.70,https://polymarket.com/event/ethereum-above-on-december-2
2025-12-02, 10:58:45 a.m.,"Ethereum above ___ on December 2?","Yes",0.973,268325.793715,100,2.70,https://polymarket.com/event/ethereum-above-on-december-2
2025-12-02, 10:58:45 a.m.,"Ethereum above ___ on December 2?","Yes",0.973,268325.793715,100,2.70,https://polymarket.com/event/ethereum-above-on-december-2
2025-12-02, 10:58:45 a.m.,"Ethereum above ___ on December 2?","Yes",0.973,268325.793715,100,2.70,https://polymarket.com/event/ethereum-above-on-december-2
2025-12-02, 10:58:45 a.m.,"Ethereum above ___ on December 2?","Yes",0.973,268325.793715,100,2.70,https://polymarket.com/event/ethereum-above-on-december-2
2025-12-02, 10:58:45 a.m.,"Ethereum above ___ on December 2?","Yes",0.973,268325.793715,100,2.70,https://polymarket.com/event/ethereum-above-on-december-2
2025-12-02, 10:58:45 a.m.,"Ethereum above ___ on December 2?","Yes",0.973,268325.793715,100,2.70,https://polymarket.com/event/ethereum-above-on-december-2
2025-12-02, 10:58:45 a.m.,"Ethereum above ___ on December 2?","Yes",0.973,268325.793715,100,2.70,https://polymarket.com/event/ethereum-above-on-december-2
2025-12-02, 10:58:45 a.m.,"Ethereum above ___ on December 2?","Yes",0.973,268325.793715,100,2.70,https://polymarket.com/event/ethereum-above-on-december-2
2025-12-02, 10:58:45 a.m.,"Ethereum above ___ on December 2?","Yes",0.973,268325.793715,100,2.70,https://polymarket.com/event/ethereum-above-on-december-2
2025-12-02, 10:59:38 a.m.,"Ethereum above ___ on December 2?","Yes",0.974,268325.793715,100,2.60,https://polymarket.com/event/ethereum-above-on-december-2
2025-12-02, 10:59:38 a.m.,"Ethereum above ___ on December 2?","Yes",0.974,268325.793715,100,2.60,https://polymarket.com/event/ethereum-above-on-december-2
2025-12-02, 10:59:38 a.m.,"Ethereum above ___ on December 2?","Yes",0.974,268325.793715,100,2.60,https://polymarket.com/event/ethereum-above-on-december-2
2025-12-02, 10:59:38 a.m.,"Ethereum above ___ on December 2?","Yes",0.974,268325.793715,100,2.60,https://polymarket.com/event/ethereum-above-on-december-2
2025-12-02, 10:59:38 a.m.,"Ethereum above ___ on December 2?","Yes",0.974,268325.793715,100,2.60,https://polymarket.com/event/ethereum-above-on-december-2
2025-12-02, 10:59:38 a.m.,"Ethereum above ___ on December 2?","Yes",0.974,268325.793715,100,2.60,https://polymarket.com/event/ethereum-above-on-december-2
2025-12-02, 10:59:38 a.m.,"Ethereum above ___ on December 2?","Yes",0.974,268325.793715,100,2.60,https://polymarket.com/event/ethereum-above-on-december-2
2025-12-02, 10:59:38 a.m.,"Ethereum above ___ on December 2?","Yes",0.974,268325.793715,100,2.60,https://polymarket.com/event/ethereum-above-on-december-2
2025-12-02, 10:59:38 a.m.,"Ethereum above ___ on December 2?","Yes",0.974,268325.793715,100,2.60,https://polymarket.com/event/ethereum-above-on-december-2
2025-12-02, 10:59:38 a.m.,"Ethereum above ___ on December 2?","Yes",0.974,268325.793715,100,2.60,https://polymarket.com/event/ethereum-above-on-december-2
2025-12-02, 10:59:38 a.m.,"Ethereum above ___ on December 2?","Yes",0.974,268325.793715,100,2.60,https://polymarket.com/event/ethereum-above-on-december-2
2025-12-02, 10:59:38 a.m.,"Ethereum above ___ on December 2?","Yes",0.974,268325.793715,100,2.60,https://polymarket.com/event/ethereum-above-on-december-2
2025-12-02, 10:59:38 a.m.,"Ethereum above ___ on December 2?","Yes",0.974,268325.793715,100,2.60,https://polymarket.com/event/ethereum-above-on-december-2
2025-12-02, 10:59:38 a.m.,"Ethereum above ___ on December 2?","Yes",0.974,268325.793715,100,2.60,https://polymarket.com/event/ethereum-above-on-december-2
2025-12-02, 10:59:38 a.m.,"Ethereum above ___ on December 2?","Yes",0.974,268325.793715,100,2.60,https://polymarket.com/event/ethereum-above-on-december-2
2025-12-02, 10:59:38 a.m.,"Ethereum above ___ on December 2?","Yes",0.974,268325.793715,100,2.60,https://polymarket.com/event/ethereum-above-on-december-2
2025-12-02, 10:59:38 a.m.,"Ethereum above ___ on December 2?","Yes",0.974,268325.793715,100,2.60,https://polymarket.com/event/ethereum-above-on-december-2
2025-12-02, 11:00:12 a.m.,"Bitcoin above ___ on December 2?","No",0.919,496051.287685,100,8.10,https://polymarket.com/event/bitcoin-above-on-december-2
2025-12-02, 11:00:12 a.m.,"Bitcoin above ___ on December 2?","No",0.919,496051.287685,100,8.10,https://polymarket.com/event/bitcoin-above-on-december-2
2025-12-02, 11:00:12 a.m.,"Bitcoin above ___ on December 2?","No",0.919,496051.287685,100,8.10,https://polymarket.com/event/bitcoin-above-on-december-2
2025-12-02, 11:00:12 a.m.,"Bitcoin above ___ on December 2?","No",0.919,496051.287685,100,8.10,https://polymarket.com/event/bitcoin-above-on-december-2
2025-12-02, 11:00:12 a.m.,"Bitcoin above ___ on December 2?","No",0.919,496051.287685,100,8.10,https://polymarket.com/event/bitcoin-above-on-december-2
2025-12-02, 11:00:12 a.m.,"Bitcoin above ___ on December 2?","No",0.919,496051.287685,100,8.10,https://polymarket.com/event/bitcoin-above-on-december-2
2025-12-02, 11:00:12 a.m.,"Bitcoin above ___ on December 2?","No",0.919,496051.287685,100,8.10,https://polymarket.com/event/bitcoin-above-on-december-2
2025-12-02, 11:00:12 a.m.,"Bitcoin above ___ on December 2?","No",0.919,496051.287685,100,8.10,https://polymarket.com/event/bitcoin-above-on-december-2
2025-12-02, 11:00:12 a.m.,"Bitcoin above ___ on December 2?","No",0.919,496051.287685,100,8.10,https://polymarket.com/event/bitcoin-above-on-december-2
2025-12-02, 11:00:12 a.m.,"Bitcoin above ___ on December 2?","No",0.919,496051.287685,100,8.10,https://polymarket.com/event/bitcoin-above-on-december-2
2025-12-02, 11:00:12 a.m.,"Bitcoin above ___ on December 2?","No",0.919,496051.287685,100,8.10,https://polymarket.com/event/bitcoin-above-on-december-2
2025-12-02, 11:00:12 a.m.,"Bitcoin above ___ on December 2?","No",0.919,496051.287685,100,8.10,https://polymarket.com/event/bitcoin-above-on-december-2
2025-12-02, 11:00:12 a.m.,"Bitcoin above ___ on December 2?","No",0.919,496051.287685,100,8.10,https://polymarket.com/event/bitcoin-above-on-december-2
2025-12-02, 11:00:12 a.m.,"Bitcoin above ___ on December 2?","No",0.919,496051.287685,100,8.10,https://polymarket.com/event/bitcoin-above-on-december-2
2025-12-02, 11:00:12 a.m.,"Bitcoin above ___ on December 2?","No",0.919,496051.287685,100,8.10,https://polymarket.com/event/bitcoin-above-on-december-2
2025-12-02, 11:00:12 a.m.,"Bitcoin above ___ on December 2?","No",0.919,496051.287685,100,8.10,https://polymarket.com/event/bitcoin-above-on-december-2
2025-12-02, 11:00:12 a.m.,"Bitcoin above ___ on December 2?","No",0.919,496051.287685,100,8.10,https://polymarket.com/event/bitcoin-above-on-december-2
2025-12-02, 11:00:22 a.m.,"Bitcoin above ___ on December 2?","Yes",0.889,557037.352866,100,11.10,https://polymarket.com/event/bitcoin-above-on-december-2
2025-12-02, 11:00:22 a.m.,"Bitcoin above ___ on December 2?","Yes",0.889,557037.352866,100,11.10,https://polymarket.com/event/bitcoin-above-on-december-2
2025-12-02, 11:00:22 a.m.,"Bitcoin above ___ on December 2?","Yes",0.889,557037.352866,100,11.10,https://polymarket.com/event/bitcoin-above-on-december-2
2025-12-02, 11:00:22 a.m.,"Bitcoin above ___ on December 2?","Yes",0.889,557037.352866,100,11.10,https://polymarket.com/event/bitcoin-above-on-december-2
2025-12-02, 11:00:22 a.m.,"Bitcoin above ___ on December 2?","Yes",0.889,557037.352866,100,11.10,https://polymarket.com/event/bitcoin-above-on-december-2
2025-12-02, 11:00:22 a.m.,"Bitcoin above ___ on December 2?","Yes",0.889,557037.352866,100,11.10,https://polymarket.com/event/bitcoin-above-on-december-2
2025-12-02, 11:00:22 a.m.,"Bitcoin above ___ on December 2?","Yes",0.889,557037.352866,100,11.10,https://polymarket.com/event/bitcoin-above-on-december-2
2025-12-02, 11:00:22 a.m.,"Bitcoin above ___ on December 2?","Yes",0.889,557037.352866,100,11.10,https://polymarket.com/event/bitcoin-above-on-december-2
2025-12-02, 11:00:22 a.m.,"Bitcoin above ___ on December 2?","Yes",0.889,557037.352866,100,11.10,https://polymarket.com/event/bitcoin-above-on-december-2
2025-12-02, 11:00:22 a.m.,"Bitcoin above ___ on December 2?","Yes",0.889,557037.352866,100,11.10,https://polymarket.com/event/bitcoin-above-on-december-2
2025-12-02, 11:00:22 a.m.,"Bitcoin above ___ on December 2?","Yes",0.889,557037.352866,100,11.10,https://polymarket.com/event/bitcoin-above-on-december-2
2025-12-02, 11:00:22 a.m.,"Bitcoin above ___ on December 2?","Yes",0.889,557037.352866,100,11.10,https://polymarket.com/event/bitcoin-above-on-december-2
2025-12-02, 11:00:22 a.m.,"Bitcoin above ___ on December 2?","Yes",0.889,557037.352866,100,11.10,https://polymarket.com/event/bitcoin-above-on-december-2
2025-12-02, 11:00:22 a.m.,"Bitcoin above ___ on December 2?","Yes",0.889,557037.352866,100,11.10,https://polymarket.com/event/bitcoin-above-on-december-2
2025-12-02, 11:00:22 a.m.,"Bitcoin above ___ on December 2?","Yes",0.889,557037.352866,100,11.10,https://polymarket.com/event/bitcoin-above-on-december-2
2025-12-02, 11:00:22 a.m.,"Bitcoin above ___ on December 2?","Yes",0.889,557037.352866,100,11.10,https://polymarket.com/event/bitcoin-above-on-december-2
2025-12-02, 11:00:22 a.m.,"Bitcoin above ___ on December 2?","Yes",0.889,557037.352866,100,11.10,https://polymarket.com/event/bitcoin-above-on-december-2
2025-12-02, 11:00:36 a.m.,"Bitcoin above ___ on December 2?","No",0.156,557037.352866,100,84.40,https://polymarket.com/event/bitcoin-above-on-december-2
2025-12-02, 11:00:36 a.m.,"Bitcoin above ___ on December 2?","No",0.156,557037.352866,100,84.40,https://polymarket.com/event/bitcoin-above-on-december-2
2025-12-02, 11:00:36 a.m.,"Bitcoin above ___ on December 2?","No",0.156,557037.352866,100,84.40,https://polymarket.com/event/bitcoin-above-on-december-2
2025-12-02, 11:00:36 a.m.,"Bitcoin above ___ on December 2?","No",0.156,557037.352866,100,84.40,https://polymarket.com/event/bitcoin-above-on-december-2
2025-12-02, 11:00:36 a.m.,"Bitcoin above ___ on December 2?","No",0.156,557037.352866,100,84.40,https://polymarket.com/event/bitcoin-above-on-december-2
2025-12-02, 11:00:36 a.m.,"Bitcoin above ___ on December 2?","No",0.156,557037.352866,100,84.40,https://polymarket.com/event/bitcoin-above-on-december-2
2025-12-02, 11:00:36 a.m.,"Bitcoin above ___ on December 2?","No",0.156,557037.352866,100,84.40,https://polymarket.com/event/bitcoin-above-on-december-2
2025-12-02, 11:00:36 a.m.,"Bitcoin above ___ on December 2?","No",0.156,557037.352866,100,84.40,https://polymarket.com/event/bitcoin-above-on-december-2
2025-12-02, 11:00:36 a.m.,"Bitcoin above ___ on December 2?","No",0.156,557037.352866,100,84.40,https://polymarket.com/event/bitcoin-above-on-december-2
2025-12-02, 11:00:36 a.m.,"Bitcoin above ___ on December 2?","No",0.156,557037.352866,100,84.40,https://polymarket.com/event/bitcoin-above-on-december-2
2025-12-02, 11:00:36 a.m.,"Bitcoin above ___ on December 2?","No",0.156,557037.352866,100,84.40,https://polymarket.com/event/bitcoin-above-on-december-2
2025-12-02, 11:00:36 a.m.,"Bitcoin above ___ on December 2?","No",0.156,557037.352866,100,84.40,https://polymarket.com/event/bitcoin-above-on-december-2
2025-12-02, 11:00:36 a.m.,"Bitcoin above ___ on December 2?","No",0.156,557037.352866,100,84.40,https://polymarket.com/event/bitcoin-above-on-december-2
2025-12-02, 11:00:36 a.m.,"Bitcoin above ___ on December 2?","No",0.156,557037.352866,100,84.40,https://polymarket.com/event/bitcoin-above-on-december-2
2025-12-02, 11:00:36 a.m.,"Bitcoin above ___ on December 2?","No",0.156,557037.352866,100,84.40,https://polymarket.com/event/bitcoin-above-on-december-2
2025-12-02, 11:00:36 a.m.,"Bitcoin above ___ on December 2?","No",0.156,557037.352866,100,84.40,https://polymarket.com/event/bitcoin-above-on-december-2
2025-12-02, 11:00:36 a.m.,"Bitcoin above ___ on December 2?","No",0.156,557037.352866,100,84.40,https://polymarket.com/event/bitcoin-above-on-december-2
2025-12-02, 11:01:00 a.m.,"Bitcoin above ___ on December 2?","No",0.911,496051.287685,100,8.90,https://polymarket.com/event/bitcoin-above-on-december-2
2025-12-02, 11:01:00 a.m.,"Bitcoin above ___ on December 2?","No",0.911,496051.287685,100,8.90,https://polymarket.com/event/bitcoin-above-on-december-2
2025-12-02, 11:01:00 a.m.,"Bitcoin above ___ on December 2?","No",0.911,496051.287685,100,8.90,https://polymarket.com/event/bitcoin-above-on-december-2
2025-12-02, 11:01:00 a.m.,"Bitcoin above ___ on December 2?","No",0.911,496051.287685,100,8.90,https://polymarket.com/event/bitcoin-above-on-december-2
2025-12-02, 11:01:00 a.m.,"Bitcoin above ___ on December 2?","No",0.911,496051.287685,100,8.90,https://polymarket.com/event/bitcoin-above-on-december-2
2025-12-02, 11:01:00 a.m.,"Bitcoin above ___ on December 2?","No",0.911,496051.287685,100,8.90,https://polymarket.com/event/bitcoin-above-on-december-2
2025-12-02, 11:01:00 a.m.,"Bitcoin above ___ on December 2?","No",0.911,496051.287685,100,8.90,https://polymarket.com/event/bitcoin-above-on-december-2
2025-12-02, 11:01:00 a.m.,"Bitcoin above ___ on December 2?","No",0.911,496051.287685,100,8.90,https://polymarket.com/event/bitcoin-above-on-december-2
2025-12-02, 11:01:00 a.m.,"Bitcoin above ___ on December 2?","No",0.911,496051.287685,100,8.90,https://polymarket.com/event/bitcoin-above-on-december-2
2025-12-02, 11:01:00 a.m.,"Bitcoin above ___ on December 2?","No",0.911,496051.287685,100,8.90,https://polymarket.com/event/bitcoin-above-on-december-2
2025-12-02, 11:01:00 a.m.,"Bitcoin above ___ on December 2?","No",0.911,496051.287685,100,8.90,https://polymarket.com/event/bitcoin-above-on-december-2
2025-12-02, 11:01:00 a.m.,"Bitcoin above ___ on December 2?","No",0.911,496051.287685,100,8.90,https://polymarket.com/event/bitcoin-above-on-december-2
2025-12-02, 11:01:00 a.m.,"Bitcoin above ___ on December 2?","No",0.911,496051.287685,100,8.90,https://polymarket.com/event/bitcoin-above-on-december-2
2025-12-02, 11:01:00 a.m.,"Bitcoin above ___ on December 2?","No",0.911,496051.287685,100,8.90,https://polymarket.com/event/bitcoin-above-on-december-2
2025-12-02, 11:01:00 a.m.,"Bitcoin above ___ on December 2?","No",0.911,496051.287685,100,8.90,https://polymarket.com/event/bitcoin-above-on-december-2
2025-12-02, 11:01:00 a.m.,"Bitcoin above ___ on December 2?","No",0.911,496051.287685,100,8.90,https://polymarket.com/event/bitcoin-above-on-december-2
2025-12-02, 11:01:00 a.m.,"Bitcoin above ___ on December 2?","No",0.911,496051.287685,100,8.90,https://polymarket.com/event/bitcoin-above-on-december-2
2025-12-02, 11:01:00 a.m.,"Bitcoin above ___ on December 2?","No",0.911,496051.287685,100,8.90,https://polymarket.com/event/bitcoin-above-on-december-2
2025-12-02, 11:01:00 a.m.,"Bitcoin above ___ on December 2?","No",0.911,496051.287685,100,8.90,https://polymarket.com/event/bitcoin-above-on-december-2
2025-12-02, 11:01:00 a.m.,"Bitcoin above ___ on December 2?","No",0.911,496051.287685,100,8.90,https://polymarket.com/event/bitcoin-above-on-december-2
2025-12-02, 11:01:00 a.m.,"Bitcoin above ___ on December 2?","No",0.911,496051.287685,100,8.90,https://polymarket.com/event/bitcoin-above-on-december-2
2025-12-02, 11:01:00 a.m.,"Bitcoin above ___ on December 2?","No",0.911,496051.287685,100,8.90,https://polymarket.com/event/bitcoin-above-on-december-2
2025-12-02, 11:01:00 a.m.,"Bitcoin above ___ on December 2?","No",0.911,496051.287685,100,8.90,https://polymarket.com/event/bitcoin-above-on-december-2
2025-12-02, 11:01:00 a.m.,"Bitcoin above ___ on December 2?","No",0.911,496051.287685,100,8.90,https://polymarket.com/event/bitcoin-above-on-december-2
2025-12-02, 11:01:00 a.m.,"Bitcoin above ___ on December 2?","No",0.911,496051.287685,100,8.90,https://polymarket.com/event/bitcoin-above-on-december-2
2025-12-02, 11:01:00 a.m.,"Bitcoin above ___ on December 2?","No",0.911,496051.287685,100,8.90,https://polymarket.com/event/bitcoin-above-on-december-2
2025-12-02, 11:01:00 a.m.,"Bitcoin above ___ on December 2?","No",0.911,496051.287685,100,8.90,https://polymarket.com/event/bitcoin-above-on-december-2
2025-12-02, 11:01:00 a.m.,"Bitcoin above ___ on December 2?","No",0.911,496051.287685,100,8.90,https://polymarket.com/event/bitcoin-above-on-december-2
2025-12-02, 11:01:00 a.m.,"Bitcoin above ___ on December 2?","No",0.911,496051.287685,100,8.90,https://polymarket.com/event/bitcoin-above-on-december-2
2025-12-02, 11:01:00 a.m.,"Bitcoin above ___ on December 2?","No",0.911,496051.287685,100,8.90,https://polymarket.com/event/bitcoin-above-on-december-2
2025-12-02, 11:01:00 a.m.,"Bitcoin above ___ on December 2?","No",0.911,496051.287685,100,8.90,https://polymarket.com/event/bitcoin-above-on-december-2
2025-12-02, 11:01:00 a.m.,"Bitcoin above ___ on December 2?","No",0.911,496051.287685,100,8.90,https://polymarket.com/event/bitcoin-above-on-december-2
2025-12-02, 11:01:00 a.m.,"Bitcoin above ___ on December 2?","No",0.911,496051.287685,100,8.90,https://polymarket.com/event/bitcoin-above-on-december-2
2025-12-02, 11:01:00 a.m.,"Bitcoin above ___ on December 2?","No",0.911,496051.287685,100,8.90,https://polymarket.com/event/bitcoin-above-on-december-2
2025-12-02, 11:01:00 a.m.,"Bitcoin above ___ on December 2?","Yes",0.92,557037.352866,100,8.00,https://polymarket.com/event/bitcoin-above-on-december-2
2025-12-02, 11:01:00 a.m.,"Bitcoin above ___ on December 2?","Yes",0.92,557037.352866,100,8.00,https://polymarket.com/event/bitcoin-above-on-december-2
2025-12-02, 11:01:00 a.m.,"Bitcoin above ___ on December 2?","Yes",0.92,557037.352866,100,8.00,https://polymarket.com/event/bitcoin-above-on-december-2
2025-12-02, 11:01:00 a.m.,"Bitcoin above ___ on December 2?","Yes",0.92,557037.352866,100,8.00,https://polymarket.com/event/bitcoin-above-on-december-2
2025-12-02, 11:01:00 a.m.,"Bitcoin above ___ on December 2?","Yes",0.92,557037.352866,100,8.00,https://polymarket.com/event/bitcoin-above-on-december-2
2025-12-02, 11:01:00 a.m.,"Bitcoin above ___ on December 2?","Yes",0.92,557037.352866,100,8.00,https://polymarket.com/event/bitcoin-above-on-december-2
2025-12-02, 11:01:00 a.m.,"Bitcoin above ___ on December 2?","Yes",0.92,557037.352866,100,8.00,https://polymarket.com/event/bitcoin-above-on-december-2
2025-12-02, 11:01:00 a.m.,"Bitcoin above ___ on December 2?","Yes",0.92,557037.352866,100,8.00,https://polymarket.com/event/bitcoin-above-on-december-2
2025-12-02, 11:01:00 a.m.,"Bitcoin above ___ on December 2?","Yes",0.92,557037.352866,100,8.00,https://polymarket.com/event/bitcoin-above-on-december-2
2025-12-02, 11:01:00 a.m.,"Bitcoin above ___ on December 2?","Yes",0.92,557037.352866,100,8.00,https://polymarket.com/event/bitcoin-above-on-december-2
2025-12-02, 11:01:00 a.m.,"Bitcoin above ___ on December 2?","Yes",0.92,557037.352866,100,8.00,https://polymarket.com/event/bitcoin-above-on-december-2
2025-12-02, 11:01:00 a.m.,"Bitcoin above ___ on December 2?","Yes",0.92,557037.352866,100,8.00,https://polymarket.com/event/bitcoin-above-on-december-2
2025-12-02, 11:01:00 a.m.,"Bitcoin above ___ on December 2?","Yes",0.92,557037.352866,100,8.00,https://polymarket.com/event/bitcoin-above-on-december-2
2025-12-02, 11:01:00 a.m.,"Bitcoin above ___ on December 2?","Yes",0.92,557037.352866,100,8.00,https://polymarket.com/event/bitcoin-above-on-december-2
2025-12-02, 11:01:00 a.m.,"Bitcoin above ___ on December 2?","Yes",0.92,557037.352866,100,8.00,https://polymarket.com/event/bitcoin-above-on-december-2
2025-12-02, 11:01:00 a.m.,"Bitcoin above ___ on December 2?","Yes",0.92,557037.352866,100,8.00,https://polymarket.com/event/bitcoin-above-on-december-2
2025-12-02, 11:01:00 a.m.,"Bitcoin above ___ on December 2?","Yes",0.92,557037.352866,100,8.00,https://polymarket.com/event/bitcoin-above-on-december-2
2025-12-02, 11:01:19 a.m.,"Bitcoin price on December 2?","No",0.93,53484.404752,100,7.00,https://polymarket.com/event/bitcoin-price-on-december-2
2025-12-02, 11:01:19 a.m.,"Bitcoin price on December 2?","No",0.93,53484.404752,100,7.00,https://polymarket.com/event/bitcoin-price-on-december-2
2025-12-02, 11:01:19 a.m.,"Bitcoin price on December 2?","No",0.93,53484.404752,100,7.00,https://polymarket.com/event/bitcoin-price-on-december-2
2025-12-02, 11:01:19 a.m.,"Bitcoin price on December 2?","No",0.93,53484.404752,100,7.00,https://polymarket.com/event/bitcoin-price-on-december-2
2025-12-02, 11:01:19 a.m.,"Bitcoin price on December 2?","No",0.93,53484.404752,100,7.00,https://polymarket.com/event/bitcoin-price-on-december-2
2025-12-02, 11:01:19 a.m.,"Bitcoin price on December 2?","No",0.93,53484.404752,100,7.00,https://polymarket.com/event/bitcoin-price-on-december-2
2025-12-02, 11:01:19 a.m.,"Bitcoin price on December 2?","No",0.93,53484.404752,100,7.00,https://polymarket.com/event/bitcoin-price-on-december-2
2025-12-02, 11:01:19 a.m.,"Bitcoin price on December 2?","No",0.93,53484.404752,100,7.00,https://polymarket.com/event/bitcoin-price-on-december-2
2025-12-02, 11:01:19 a.m.,"Bitcoin price on December 2?","No",0.93,53484.404752,100,7.00,https://polymarket.com/event/bitcoin-price-on-december-2
2025-12-02, 11:01:19 a.m.,"Bitcoin price on December 2?","No",0.93,53484.404752,100,7.00,https://polymarket.com/event/bitcoin-price-on-december-2
2025-12-02, 11:01:19 a.m.,"Bitcoin price on December 2?","No",0.93,53484.404752,100,7.00,https://polymarket.com/event/bitcoin-price-on-december-2
2025-12-02, 11:01:19 a.m.,"Bitcoin price on December 2?","No",0.93,53484.404752,100,7.00,https://polymarket.com/event/bitcoin-price-on-december-2
2025-12-02, 11:01:19 a.m.,"Bitcoin price on December 2?","No",0.93,53484.404752,100,7.00,https://polymarket.com/event/bitcoin-price-on-december-2
2025-12-02, 11:01:19 a.m.,"Bitcoin price on December 2?","No",0.93,53484.404752,100,7.00,https://polymarket.com/event/bitcoin-price-on-december-2
2025-12-02, 11:01:19 a.m.,"Bitcoin price on December 2?","No",0.93,53484.404752,100,7.00,https://polymarket.com/event/bitcoin-price-on-december-2
2025-12-02, 11:01:19 a.m.,"Bitcoin price on December 2?","No",0.93,53484.404752,100,7.00,https://polymarket.com/event/bitcoin-price-on-december-2
2025-12-02, 11:01:19 a.m.,"Bitcoin price on December 2?","No",0.93,53484.404752,100,7.00,https://polymarket.com/event/bitcoin-price-on-december-2
2025-12-02, 11:01:34 a.m.,"Bitcoin price on December 2?","No",0.979,104190.715792,100,2.10,https://polymarket.com/event/bitcoin-price-on-december-2
2025-12-02, 11:01:34 a.m.,"Bitcoin price on December 2?","No",0.979,104190.715792,100,2.10,https://polymarket.com/event/bitcoin-price-on-december-2
2025-12-02, 11:01:34 a.m.,"Bitcoin price on December 2?","No",0.979,104190.715792,100,2.10,https://polymarket.com/event/bitcoin-price-on-december-2
2025-12-02, 11:01:34 a.m.,"Bitcoin price on December 2?","No",0.979,104190.715792,100,2.10,https://polymarket.com/event/bitcoin-price-on-december-2
2025-12-02, 11:01:34 a.m.,"Bitcoin price on December 2?","No",0.979,104190.715792,100,2.10,https://polymarket.com/event/bitcoin-price-on-december-2
2025-12-02, 11:01:34 a.m.,"Bitcoin price on December 2?","No",0.979,104190.715792,100,2.10,https://polymarket.com/event/bitcoin-price-on-december-2
2025-12-02, 11:01:34 a.m.,"Bitcoin price on December 2?","No",0.979,104190.715792,100,2.10,https://polymarket.com/event/bitcoin-price-on-december-2
2025-12-02, 11:01:34 a.m.,"Bitcoin price on December 2?","No",0.979,104190.715792,100,2.10,https://polymarket.com/event/bitcoin-price-on-december-2
2025-12-02, 11:01:34 a.m.,"Bitcoin price on December 2?","No",0.979,104190.715792,100,2.10,https://polymarket.com/event/bitcoin-price-on-december-2
2025-12-02, 11:01:34 a.m.,"Bitcoin price on December 2?","No",0.979,104190.715792,100,2.10,https://polymarket.com/event/bitcoin-price-on-december-2
2025-12-02, 11:01:34 a.m.,"Bitcoin price on December 2?","No",0.979,104190.715792,100,2.10,https://polymarket.com/event/bitcoin-price-on-december-2
2025-12-02, 11:01:34 a.m.,"Bitcoin price on December 2?","No",0.979,104190.715792,100,2.10,https://polymarket.com/event/bitcoin-price-on-december-2
2025-12-02, 11:01:34 a.m.,"Bitcoin price on December 2?","No",0.979,104190.715792,100,2.10,https://polymarket.com/event/bitcoin-price-on-december-2
2025-12-02, 11:01:34 a.m.,"Bitcoin price on December 2?","No",0.979,104190.715792,100,2.10,https://polymarket.com/event/bitcoin-price-on-december-2
2025-12-02, 11:01:34 a.m.,"Bitcoin price on December 2?","No",0.979,104190.715792,100,2.10,https://polymarket.com/event/bitcoin-price-on-december-2
2025-12-02, 11:01:34 a.m.,"Bitcoin price on December 2?","No",0.979,104190.715792,100,2.10,https://polymarket.com/event/bitcoin-price-on-december-2
2025-12-02, 11:01:35 a.m.,"Bitcoin price on December 2?","No",0.979,104190.715792,100,2.10,https://polymarket.com/event/bitcoin-price-on-december-2
2025-12-02, 11:02:00 a.m.,"Bitcoin above ___ on December 2?","Yes",0.113,496051.287685,100,88.70,https://polymarket.com/event/bitcoin-above-on-december-2
2025-12-02, 11:02:00 a.m.,"Bitcoin above ___ on December 2?","Yes",0.113,496051.287685,100,88.70,https://polymarket.com/event/bitcoin-above-on-december-2
2025-12-02, 11:02:00 a.m.,"Bitcoin above ___ on December 2?","Yes",0.113,496051.287685,100,88.70,https://polymarket.com/event/bitcoin-above-on-december-2
2025-12-02, 11:02:00 a.m.,"Bitcoin above ___ on December 2?","Yes",0.113,496051.287685,100,88.70,https://polymarket.com/event/bitcoin-above-on-december-2
2025-12-02, 11:02:00 a.m.,"Bitcoin above ___ on December 2?","Yes",0.113,496051.287685,100,88.70,https://polymarket.com/event/bitcoin-above-on-december-2
2025-12-02, 11:02:00 a.m.,"Bitcoin above ___ on December 2?","Yes",0.113,496051.287685,100,88.70,https://polymarket.com/event/bitcoin-above-on-december-2
2025-12-02, 11:02:00 a.m.,"Bitcoin above ___ on December 2?","Yes",0.113,496051.287685,100,88.70,https://polymarket.com/event/bitcoin-above-on-december-2
2025-12-02, 11:02:00 a.m.,"Bitcoin above ___ on December 2?","Yes",0.113,496051.287685,100,88.70,https://polymarket.com/event/bitcoin-above-on-december-2
2025-12-02, 11:02:00 a.m.,"Bitcoin above ___ on December 2?","Yes",0.113,496051.287685,100,88.70,https://polymarket.com/event/bitcoin-above-on-december-2
2025-12-02, 11:02:00 a.m.,"Bitcoin above ___ on December 2?","Yes",0.113,496051.287685,100,88.70,https://polymarket.com/event/bitcoin-above-on-december-2
2025-12-02, 11:02:00 a.m.,"Bitcoin above ___ on December 2?","Yes",0.113,496051.287685,100,88.70,https://polymarket.com/event/bitcoin-above-on-december-2
2025-12-02, 11:02:01 a.m.,"Bitcoin above ___ on December 2?","Yes",0.113,496051.287685,100,88.70,https://polymarket.com/event/bitcoin-above-on-december-2
2025-12-02, 11:02:01 a.m.,"Bitcoin above ___ on December 2?","Yes",0.113,496051.287685,100,88.70,https://polymarket.com/event/bitcoin-above-on-december-2
2025-12-02, 11:02:01 a.m.,"Bitcoin above ___ on December 2?","Yes",0.113,496051.287685,100,88.70,https://polymarket.com/event/bitcoin-above-on-december-2
2025-12-02, 11:02:01 a.m.,"Bitcoin above ___ on December 2?","Yes",0.113,496051.287685,100,88.70,https://polymarket.com/event/bitcoin-above-on-december-2
2025-12-02, 11:02:01 a.m.,"Bitcoin above ___ on December 2?","Yes",0.113,496051.287685,100,88.70,https://polymarket.com/event/bitcoin-above-on-december-2
2025-12-02, 11:02:01 a.m.,"Bitcoin above ___ on December 2?","Yes",0.113,496051.287685,100,88.70,https://polymarket.com/event/bitcoin-above-on-december-2
2025-12-02, 11:02:11 a.m.,"Bitcoin above ___ on December 2?","No",0.91,496051.287685,100,9.00,https://polymarket.com/event/bitcoin-above-on-december-2
2025-12-02, 11:02:11 a.m.,"Bitcoin above ___ on December 2?","No",0.91,496051.287685,100,9.00,https://polymarket.com/event/bitcoin-above-on-december-2
2025-12-02, 11:02:11 a.m.,"Bitcoin above ___ on December 2?","No",0.91,496051.287685,100,9.00,https://polymarket.com/event/bitcoin-above-on-december-2
2025-12-02, 11:02:11 a.m.,"Bitcoin above ___ on December 2?","No",0.91,496051.287685,100,9.00,https://polymarket.com/event/bitcoin-above-on-december-2
2025-12-02, 11:02:11 a.m.,"Bitcoin above ___ on December 2?","No",0.91,496051.287685,100,9.00,https://polymarket.com/event/bitcoin-above-on-december-2
2025-12-02, 11:02:11 a.m.,"Bitcoin above ___ on December 2?","No",0.91,496051.287685,100,9.00,https://polymarket.com/event/bitcoin-above-on-december-2
2025-12-02, 11:02:11 a.m.,"Bitcoin above ___ on December 2?","No",0.91,496051.287685,100,9.00,https://polymarket.com/event/bitcoin-above-on-december-2
2025-12-02, 11:02:11 a.m.,"Bitcoin above ___ on December 2?","No",0.91,496051.287685,100,9.00,https://polymarket.com/event/bitcoin-above-on-december-2
2025-12-02, 11:02:11 a.m.,"Bitcoin above ___ on December 2?","No",0.91,496051.287685,100,9.00,https://polymarket.com/event/bitcoin-above-on-december-2
2025-12-02, 11:02:11 a.m.,"Bitcoin above ___ on December 2?","No",0.91,496051.287685,100,9.00,https://polymarket.com/event/bitcoin-above-on-december-2
2025-12-02, 11:02:11 a.m.,"Bitcoin above ___ on December 2?","No",0.91,496051.287685,100,9.00,https://polymarket.com/event/bitcoin-above-on-december-2
2025-12-02, 11:02:11 a.m.,"Bitcoin above ___ on December 2?","No",0.91,496051.287685,100,9.00,https://polymarket.com/event/bitcoin-above-on-december-2
2025-12-02, 11:02:11 a.m.,"Bitcoin above ___ on December 2?","No",0.91,496051.287685,100,9.00,https://polymarket.com/event/bitcoin-above-on-december-2
2025-12-02, 11:02:11 a.m.,"Bitcoin above ___ on December 2?","No",0.91,496051.287685,100,9.00,https://polymarket.com/event/bitcoin-above-on-december-2
2025-12-02, 11:02:11 a.m.,"Bitcoin above ___ on December 2?","No",0.91,496051.287685,100,9.00,https://polymarket.com/event/bitcoin-above-on-december-2
2025-12-02, 11:02:11 a.m.,"Bitcoin above ___ on December 2?","No",0.91,496051.287685,100,9.00,https://polymarket.com/event/bitcoin-above-on-december-2
2025-12-02, 11:02:11 a.m.,"Bitcoin above ___ on December 2?","No",0.91,496051.287685,100,9.00,https://polymarket.com/event/bitcoin-above-on-december-2
2025-12-02, 11:02:12 a.m.,"Ethereum above ___ on December 2?","Yes",0.977,268325.793715,100,2.30,https://polymarket.com/event/ethereum-above-on-december-2
2025-12-02, 11:02:12 a.m.,"Ethereum above ___ on December 2?","Yes",0.977,268325.793715,100,2.30,https://polymarket.com/event/ethereum-above-on-december-2
2025-12-02, 11:02:12 a.m.,"Ethereum above ___ on December 2?","Yes",0.977,268325.793715,100,2.30,https://polymarket.com/event/ethereum-above-on-december-2
2025-12-02, 11:02:12 a.m.,"Ethereum above ___ on December 2?","Yes",0.977,268325.793715,100,2.30,https://polymarket.com/event/ethereum-above-on-december-2
2025-12-02, 11:02:12 a.m.,"Ethereum above ___ on December 2?","Yes",0.977,268325.793715,100,2.30,https://polymarket.com/event/ethereum-above-on-december-2
2025-12-02, 11:02:12 a.m.,"Ethereum above ___ on December 2?","Yes",0.977,268325.793715,100,2.30,https://polymarket.com/event/ethereum-above-on-december-2
2025-12-02, 11:02:12 a.m.,"Ethereum above ___ on December 2?","Yes",0.977,268325.793715,100,2.30,https://polymarket.com/event/ethereum-above-on-december-2
2025-12-02, 11:02:12 a.m.,"Ethereum above ___ on December 2?","Yes",0.977,268325.793715,100,2.30,https://polymarket.com/event/ethereum-above-on-december-2
2025-12-02, 11:02:12 a.m.,"Ethereum above ___ on December 2?","Yes",0.977,268325.793715,100,2.30,https://polymarket.com/event/ethereum-above-on-december-2
2025-12-02, 11:02:12 a.m.,"Ethereum above ___ on December 2?","Yes",0.977,268325.793715,100,2.30,https://polymarket.com/event/ethereum-above-on-december-2
2025-12-02, 11:02:12 a.m.,"Ethereum above ___ on December 2?","Yes",0.977,268325.793715,100,2.30,https://polymarket.com/event/ethereum-above-on-december-2
2025-12-02, 11:02:12 a.m.,"Ethereum above ___ on December 2?","Yes",0.977,268325.793715,100,2.30,https://polymarket.com/event/ethereum-above-on-december-2
2025-12-02, 11:02:12 a.m.,"Ethereum above ___ on December 2?","Yes",0.977,268325.793715,100,2.30,https://polymarket.com/event/ethereum-above-on-december-2
2025-12-02, 11:02:12 a.m.,"Ethereum above ___ on December 2?","Yes",0.977,268325.793715,100,2.30,https://polymarket.com/event/ethereum-above-on-december-2
2025-12-02, 11:02:12 a.m.,"Ethereum above ___ on December 2?","Yes",0.977,268325.793715,100,2.30,https://polymarket.com/event/ethereum-above-on-december-2
2025-12-02, 11:02:12 a.m.,"Ethereum above ___ on December 2?","Yes",0.977,268325.793715,100,2.30,https://polymarket.com/event/ethereum-above-on-december-2
2025-12-02, 11:02:12 a.m.,"Ethereum above ___ on December 2?","Yes",0.977,268325.793715,100,2.30,https://polymarket.com/event/ethereum-above-on-december-2
2025-12-02, 11:02:19 a.m.,"Bitcoin price on December 2?","No",0.913,71470.978465,100,8.70,https://polymarket.com/event/bitcoin-price-on-december-2
2025-12-02, 11:02:19 a.m.,"Bitcoin price on December 2?","No",0.913,71470.978465,100,8.70,https://polymarket.com/event/bitcoin-price-on-december-2
2025-12-02, 11:02:19 a.m.,"Bitcoin price on December 2?","No",0.913,71470.978465,100,8.70,https://polymarket.com/event/bitcoin-price-on-december-2
2025-12-02, 11:02:19 a.m.,"Bitcoin price on December 2?","No",0.913,71470.978465,100,8.70,https://polymarket.com/event/bitcoin-price-on-december-2
2025-12-02, 11:02:19 a.m.,"Bitcoin price on December 2?","No",0.913,71470.978465,100,8.70,https://polymarket.com/event/bitcoin-price-on-december-2
2025-12-02, 11:02:19 a.m.,"Bitcoin price on December 2?","No",0.913,71470.978465,100,8.70,https://polymarket.com/event/bitcoin-price-on-december-2
2025-12-02, 11:02:19 a.m.,"Bitcoin price on December 2?","No",0.913,71470.978465,100,8.70,https://polymarket.com/event/bitcoin-price-on-december-2
2025-12-02, 11:02:19 a.m.,"Bitcoin price on December 2?","No",0.913,71470.978465,100,8.70,https://polymarket.com/event/bitcoin-price-on-december-2
2025-12-02, 11:02:19 a.m.,"Bitcoin price on December 2?","No",0.913,71470.978465,100,8.70,https://polymarket.com/event/bitcoin-price-on-december-2
2025-12-02, 11:02:19 a.m.,"Bitcoin price on December 2?","No",0.913,71470.978465,100,8.70,https://polymarket.com/event/bitcoin-price-on-december-2
2025-12-02, 11:02:19 a.m.,"Bitcoin price on December 2?","No",0.913,71470.978465,100,8.70,https://polymarket.com/event/bitcoin-price-on-december-2
2025-12-02, 11:02:19 a.m.,"Bitcoin price on December 2?","No",0.913,71470.978465,100,8.70,https://polymarket.com/event/bitcoin-price-on-december-2
2025-12-02, 11:02:19 a.m.,"Bitcoin price on December 2?","No",0.913,71470.978465,100,8.70,https://polymarket.com/event/bitcoin-price-on-december-2
2025-12-02, 11:02:19 a.m.,"Bitcoin price on December 2?","No",0.913,71470.978465,100,8.70,https://polymarket.com/event/bitcoin-price-on-december-2
2025-12-02, 11:02:19 a.m.,"Bitcoin price on December 2?","No",0.913,71470.978465,100,8.70,https://polymarket.com/event/bitcoin-price-on-december-2
2025-12-02, 11:02:19 a.m.,"Bitcoin price on December 2?","No",0.913,71470.978465,100,8.70,https://polymarket.com/event/bitcoin-price-on-december-2
2025-12-02, 11:02:19 a.m.,"Bitcoin price on December 2?","No",0.913,71470.978465,100,8.70,https://polymarket.com/event/bitcoin-price-on-december-2
2025-12-02, 11:02:27 a.m.,"Bitcoin price on December 2?","No",0.94,53484.404752,100,6.00,https://polymarket.com/event/bitcoin-price-on-december-2
2025-12-02, 11:02:27 a.m.,"Bitcoin price on December 2?","No",0.94,53484.404752,100,6.00,https://polymarket.com/event/bitcoin-price-on-december-2
2025-12-02, 11:02:27 a.m.,"Bitcoin price on December 2?","No",0.94,53484.404752,100,6.00,https://polymarket.com/event/bitcoin-price-on-december-2
2025-12-02, 11:02:27 a.m.,"Bitcoin price on December 2?","No",0.94,53484.404752,100,6.00,https://polymarket.com/event/bitcoin-price-on-december-2
2025-12-02, 11:02:27 a.m.,"Bitcoin price on December 2?","No",0.94,53484.404752,100,6.00,https://polymarket.com/event/bitcoin-price-on-december-2
2025-12-02, 11:02:27 a.m.,"Bitcoin price on December 2?","No",0.94,53484.404752,100,6.00,https://polymarket.com/event/bitcoin-price-on-december-2
2025-12-02, 11:02:27 a.m.,"Bitcoin price on December 2?","No",0.94,53484.404752,100,6.00,https://polymarket.com/event/bitcoin-price-on-december-2
2025-12-02, 11:02:27 a.m.,"Bitcoin price on December 2?","No",0.94,53484.404752,100,6.00,https://polymarket.com/event/bitcoin-price-on-december-2
2025-12-02, 11:02:27 a.m.,"Bitcoin price on December 2?","No",0.94,53484.404752,100,6.00,https://polymarket.com/event/bitcoin-price-on-december-2
2025-12-02, 11:02:27 a.m.,"Bitcoin price on December 2?","No",0.94,53484.404752,100,6.00,https://polymarket.com/event/bitcoin-price-on-december-2
2025-12-02, 11:02:27 a.m.,"Bitcoin price on December 2?","No",0.94,53484.404752,100,6.00,https://polymarket.com/event/bitcoin-price-on-december-2
2025-12-02, 11:02:27 a.m.,"Bitcoin price on December 2?","No",0.94,53484.404752,100,6.00,https://polymarket.com/event/bitcoin-price-on-december-2
2025-12-02, 11:02:27 a.m.,"Bitcoin price on December 2?","No",0.94,53484.404752,100,6.00,https://polymarket.com/event/bitcoin-price-on-december-2
2025-12-02, 11:02:27 a.m.,"Bitcoin price on December 2?","No",0.94,53484.404752,100,6.00,https://polymarket.com/event/bitcoin-price-on-december-2
2025-12-02, 11:02:27 a.m.,"Bitcoin price on December 2?","No",0.94,53484.404752,100,6.00,https://polymarket.com/event/bitcoin-price-on-december-2
2025-12-02, 11:02:27 a.m.,"Bitcoin price on December 2?","No",0.94,53484.404752,100,6.00,https://polymarket.com/event/bitcoin-price-on-december-2
2025-12-02, 11:02:27 a.m.,"Bitcoin price on December 2?","No",0.94,53484.404752,100,6.00,https://polymarket.com/event/bitcoin-price-on-december-2
2025-12-02, 11:02:27 a.m.,"Bitcoin above ___ on December 2?","Yes",0.93,557037.352866,100,7.00,https://polymarket.com/event/bitcoin-above-on-december-2
2025-12-02, 11:02:27 a.m.,"Bitcoin above ___ on December 2?","Yes",0.93,557037.352866,100,7.00,https://polymarket.com/event/bitcoin-above-on-december-2
2025-12-02, 11:02:27 a.m.,"Bitcoin above ___ on December 2?","Yes",0.93,557037.352866,100,7.00,https://polymarket.com/event/bitcoin-above-on-december-2
2025-12-02, 11:02:27 a.m.,"Bitcoin above ___ on December 2?","Yes",0.93,557037.352866,100,7.00,https://polymarket.com/event/bitcoin-above-on-december-2
2025-12-02, 11:02:27 a.m.,"Bitcoin above ___ on December 2?","Yes",0.93,557037.352866,100,7.00,https://polymarket.com/event/bitcoin-above-on-december-2
2025-12-02, 11:02:27 a.m.,"Bitcoin above ___ on December 2?","Yes",0.93,557037.352866,100,7.00,https://polymarket.com/event/bitcoin-above-on-december-2
2025-12-02, 11:02:27 a.m.,"Bitcoin above ___ on December 2?","Yes",0.93,557037.352866,100,7.00,https://polymarket.com/event/bitcoin-above-on-december-2
2025-12-02, 11:02:27 a.m.,"Bitcoin above ___ on December 2?","Yes",0.93,557037.352866,100,7.00,https://polymarket.com/event/bitcoin-above-on-december-2
2025-12-02, 11:02:27 a.m.,"Bitcoin above ___ on December 2?","Yes",0.93,557037.352866,100,7.00,https://polymarket.com/event/bitcoin-above-on-december-2
2025-12-02, 11:02:27 a.m.,"Bitcoin above ___ on December 2?","Yes",0.93,557037.352866,100,7.00,https://polymarket.com/event/bitcoin-above-on-december-2
2025-12-02, 11:02:27 a.m.,"Bitcoin above ___ on December 2?","Yes",0.93,557037.352866,100,7.00,https://polymarket.com/event/bitcoin-above-on-december-2
2025-12-02, 11:02:27 a.m.,"Bitcoin above ___ on December 2?","Yes",0.93,557037.352866,100,7.00,https://polymarket.com/event/bitcoin-above-on-december-2
2025-12-02, 11:02:27 a.m.,"Bitcoin above ___ on December 2?","Yes",0.93,557037.352866,100,7.00,https://polymarket.com/event/bitcoin-above-on-december-2
2025-12-02, 11:02:27 a.m.,"Bitcoin above ___ on December 2?","Yes",0.93,557037.352866,100,7.00,https://polymarket.com/event/bitcoin-above-on-december-2
2025-12-02, 11:02:27 a.m.,"Bitcoin above ___ on December 2?","Yes",0.93,557037.352866,100,7.00,https://polymarket.com/event/bitcoin-above-on-december-2
2025-12-02, 11:02:27 a.m.,"Bitcoin above ___ on December 2?","Yes",0.93,557037.352866,100,7.00,https://polymarket.com/event/bitcoin-above-on-december-2
2025-12-02, 11:02:27 a.m.,"Bitcoin above ___ on December 2?","Yes",0.93,557037.352866,100,7.00,https://polymarket.com/event/bitcoin-above-on-december-2
2025-12-02, 11:02:27 a.m.,"Bitcoin above ___ on December 2?","Yes",0.93,557037.352866,100,7.00,https://polymarket.com/event/bitcoin-above-on-december-2
2025-12-02, 11:02:27 a.m.,"Bitcoin above ___ on December 2?","Yes",0.93,557037.352866,100,7.00,https://polymarket.com/event/bitcoin-above-on-december-2
2025-12-02, 11:02:27 a.m.,"Bitcoin above ___ on December 2?","Yes",0.93,557037.352866,100,7.00,https://polymarket.com/event/bitcoin-above-on-december-2
2025-12-02, 11:02:27 a.m.,"Bitcoin above ___ on December 2?","Yes",0.93,557037.352866,100,7.00,https://polymarket.com/event/bitcoin-above-on-december-2
2025-12-02, 11:02:27 a.m.,"Bitcoin above ___ on December 2?","Yes",0.93,557037.352866,100,7.00,https://polymarket.com/event/bitcoin-above-on-december-2
2025-12-02, 11:02:27 a.m.,"Bitcoin above ___ on December 2?","Yes",0.93,557037.352866,100,7.00,https://polymarket.com/event/bitcoin-above-on-december-2
2025-12-02, 11:02:27 a.m.,"Bitcoin above ___ on December 2?","Yes",0.93,557037.352866,100,7.00,https://polymarket.com/event/bitcoin-above-on-december-2
2025-12-02, 11:02:27 a.m.,"Bitcoin above ___ on December 2?","Yes",0.93,557037.352866,100,7.00,https://polymarket.com/event/bitcoin-above-on-december-2
2025-12-02, 11:02:27 a.m.,"Bitcoin above ___ on December 2?","Yes",0.93,557037.352866,100,7.00,https://polymarket.com/event/bitcoin-above-on-december-2
2025-12-02, 11:02:27 a.m.,"Bitcoin above ___ on December 2?","Yes",0.93,557037.352866,100,7.00,https://polymarket.com/event/bitcoin-above-on-december-2
2025-12-02, 11:02:27 a.m.,"Bitcoin above ___ on December 2?","Yes",0.93,557037.352866,100,7.00,https://polymarket.com/event/bitcoin-above-on-december-2
2025-12-02, 11:02:27 a.m.,"Bitcoin above ___ on December 2?","Yes",0.93,557037.352866,100,7.00,https://polymarket.com/event/bitcoin-above-on-december-2
2025-12-02, 11:02:27 a.m.,"Bitcoin above ___ on December 2?","Yes",0.93,557037.352866,100,7.00,https://polymarket.com/event/bitcoin-above-on-december-2
2025-12-02, 11:02:27 a.m.,"Bitcoin above ___ on December 2?","Yes",0.93,557037.352866,100,7.00,https://polymarket.com/event/bitcoin-above-on-december-2
2025-12-02, 11:02:27 a.m.,"Bitcoin above ___ on December 2?","Yes",0.93,557037.352866,100,7.00,https://polymarket.com/event/bitcoin-above-on-december-2
2025-12-02, 11:02:27 a.m.,"Bitcoin above ___ on December 2?","Yes",0.93,557037.352866,100,7.00,https://polymarket.com/event/bitcoin-above-on-december-2
2025-12-02, 11:02:27 a.m.,"Bitcoin above ___ on December 2?","Yes",0.93,557037.352866,100,7.00,https://polymarket.com/event/bitcoin-above-on-december-2
2025-12-02, 11:02:27 a.m.,"Bitcoin price on December 2?","No",0.95,53484.404752,100,5.00,https://polymarket.com/event/bitcoin-price-on-december-2
2025-12-02, 11:02:27 a.m.,"Bitcoin price on December 2?","No",0.95,53484.404752,100,5.00,https://polymarket.com/event/bitcoin-price-on-december-2
2025-12-02, 11:02:27 a.m.,"Bitcoin price on December 2?","No",0.95,53484.404752,100,5.00,https://polymarket.com/event/bitcoin-price-on-december-2
2025-12-02, 11:02:27 a.m.,"Bitcoin price on December 2?","No",0.95,53484.404752,100,5.00,https://polymarket.com/event/bitcoin-price-on-december-2
2025-12-02, 11:02:27 a.m.,"Bitcoin price on December 2?","No",0.95,53484.404752,100,5.00,https://polymarket.com/event/bitcoin-price-on-december-2
2025-12-02, 11:02:27 a.m.,"Bitcoin price on December 2?","No",0.95,53484.404752,100,5.00,https://polymarket.com/event/bitcoin-price-on-december-2
2025-12-02, 11:02:27 a.m.,"Bitcoin price on December 2?","No",0.95,53484.404752,100,5.00,https://polymarket.com/event/bitcoin-price-on-december-2
2025-12-02, 11:02:27 a.m.,"Bitcoin price on December 2?","No",0.95,53484.404752,100,5.00,https://polymarket.com/event/bitcoin-price-on-december-2
2025-12-02, 11:02:27 a.m.,"Bitcoin price on December 2?","No",0.95,53484.404752,100,5.00,https://polymarket.com/event/bitcoin-price-on-december-2
2025-12-02, 11:02:27 a.m.,"Bitcoin price on December 2?","No",0.95,53484.404752,100,5.00,https://polymarket.com/event/bitcoin-price-on-december-2
2025-12-02, 11:02:27 a.m.,"Bitcoin price on December 2?","No",0.95,53484.404752,100,5.00,https://polymarket.com/event/bitcoin-price-on-december-2
2025-12-02, 11:02:27 a.m.,"Bitcoin price on December 2?","No",0.95,53484.404752,100,5.00,https://polymarket.com/event/bitcoin-price-on-december-2
2025-12-02, 11:02:27 a.m.,"Bitcoin price on December 2?","No",0.95,53484.404752,100,5.00,https://polymarket.com/event/bitcoin-price-on-december-2
2025-12-02, 11:02:27 a.m.,"Bitcoin price on December 2?","No",0.95,53484.404752,100,5.00,https://polymarket.com/event/bitcoin-price-on-december-2
2025-12-02, 11:02:27 a.m.,"Bitcoin price on December 2?","No",0.95,53484.404752,100,5.00,https://polymarket.com/event/bitcoin-price-on-december-2
2025-12-02, 11:02:27 a.m.,"Bitcoin price on December 2?","No",0.95,53484.404752,100,5.00,https://polymarket.com/event/bitcoin-price-on-december-2
2025-12-02, 11:02:27 a.m.,"Bitcoin price on December 2?","No",0.95,53484.404752,100,5.00,https://polymarket.com/event/bitcoin-price-on-december-2
2025-12-02, 11:02:27 a.m.,"Bitcoin above ___ on December 2?","Yes",0.939,557037.352866,100,6.10,https://polymarket.com/event/bitcoin-above-on-december-2
2025-12-02, 11:02:27 a.m.,"Bitcoin above ___ on December 2?","Yes",0.939,557037.352866,100,6.10,https://polymarket.com/event/bitcoin-above-on-december-2
2025-12-02, 11:02:27 a.m.,"Bitcoin above ___ on December 2?","Yes",0.939,557037.352866,100,6.10,https://polymarket.com/event/bitcoin-above-on-december-2
2025-12-02, 11:02:27 a.m.,"Bitcoin above ___ on December 2?","Yes",0.939,557037.352866,100,6.10,https://polymarket.com/event/bitcoin-above-on-december-2
2025-12-02, 11:02:27 a.m.,"Bitcoin above ___ on December 2?","Yes",0.939,557037.352866,100,6.10,https://polymarket.com/event/bitcoin-above-on-december-2
2025-12-02, 11:02:27 a.m.,"Bitcoin above ___ on December 2?","Yes",0.939,557037.352866,100,6.10,https://polymarket.com/event/bitcoin-above-on-december-2
2025-12-02, 11:02:27 a.m.,"Bitcoin above ___ on December 2?","Yes",0.939,557037.352866,100,6.10,https://polymarket.com/event/bitcoin-above-on-december-2
2025-12-02, 11:02:27 a.m.,"Bitcoin above ___ on December 2?","Yes",0.939,557037.352866,100,6.10,https://polymarket.com/event/bitcoin-above-on-december-2
2025-12-02, 11:02:27 a.m.,"Bitcoin above ___ on December 2?","Yes",0.939,557037.352866,100,6.10,https://polymarket.com/event/bitcoin-above-on-december-2
2025-12-02, 11:02:27 a.m.,"Bitcoin above ___ on December 2?","Yes",0.939,557037.352866,100,6.10,https://polymarket.com/event/bitcoin-above-on-december-2
2025-12-02, 11:02:27 a.m.,"Bitcoin above ___ on December 2?","Yes",0.939,557037.352866,100,6.10,https://polymarket.com/event/bitcoin-above-on-december-2
2025-12-02, 11:02:27 a.m.,"Bitcoin above ___ on December 2?","Yes",0.939,557037.352866,100,6.10,https://polymarket.com/event/bitcoin-above-on-december-2
2025-12-02, 11:02:27 a.m.,"Bitcoin above ___ on December 2?","Yes",0.939,557037.352866,100,6.10,https://polymarket.com/event/bitcoin-above-on-december-2
2025-12-02, 11:02:27 a.m.,"Bitcoin above ___ on December 2?","Yes",0.939,557037.352866,100,6.10,https://polymarket.com/event/bitcoin-above-on-december-2
2025-12-02, 11:02:27 a.m.,"Bitcoin above ___ on December 2?","Yes",0.939,557037.352866,100,6.10,https://polymarket.com/event/bitcoin-above-on-december-2
2025-12-02, 11:02:27 a.m.,"Bitcoin above ___ on December 2?","Yes",0.939,557037.352866,100,6.10,https://polymarket.com/event/bitcoin-above-on-december-2
2025-12-02, 11:02:27 a.m.,"Bitcoin above ___ on December 2?","Yes",0.939,557037.352866,100,6.10,https://polymarket.com/event/bitcoin-above-on-december-2
2025-12-02, 11:02:28 a.m.,"Ethereum above ___ on December 2?","Yes",0.974,155886.724389,100,2.60,https://polymarket.com/event/ethereum-above-on-december-2
2025-12-02, 11:02:28 a.m.,"Ethereum above ___ on December 2?","Yes",0.974,155886.724389,100,2.60,https://polymarket.com/event/ethereum-above-on-december-2
2025-12-02, 11:02:28 a.m.,"Ethereum above ___ on December 2?","Yes",0.974,155886.724389,100,2.60,https://polymarket.com/event/ethereum-above-on-december-2
2025-12-02, 11:02:28 a.m.,"Ethereum above ___ on December 2?","Yes",0.974,155886.724389,100,2.60,https://polymarket.com/event/ethereum-above-on-december-2
2025-12-02, 11:02:28 a.m.,"Ethereum above ___ on December 2?","Yes",0.974,155886.724389,100,2.60,https://polymarket.com/event/ethereum-above-on-december-2
2025-12-02, 11:02:28 a.m.,"Ethereum above ___ on December 2?","Yes",0.974,155886.724389,100,2.60,https://polymarket.com/event/ethereum-above-on-december-2
2025-12-02, 11:02:28 a.m.,"Ethereum above ___ on December 2?","Yes",0.974,155886.724389,100,2.60,https://polymarket.com/event/ethereum-above-on-december-2
2025-12-02, 11:02:28 a.m.,"Ethereum above ___ on December 2?","Yes",0.974,155886.724389,100,2.60,https://polymarket.com/event/ethereum-above-on-december-2
2025-12-02, 11:02:28 a.m.,"Ethereum above ___ on December 2?","Yes",0.974,155886.724389,100,2.60,https://polymarket.com/event/ethereum-above-on-december-2
2025-12-02, 11:02:28 a.m.,"Ethereum above ___ on December 2?","Yes",0.974,155886.724389,100,2.60,https://polymarket.com/event/ethereum-above-on-december-2
2025-12-02, 11:02:28 a.m.,"Ethereum above ___ on December 2?","Yes",0.974,155886.724389,100,2.60,https://polymarket.com/event/ethereum-above-on-december-2
2025-12-02, 11:02:28 a.m.,"Ethereum above ___ on December 2?","Yes",0.974,155886.724389,100,2.60,https://polymarket.com/event/ethereum-above-on-december-2
2025-12-02, 11:02:28 a.m.,"Ethereum above ___ on December 2?","Yes",0.974,155886.724389,100,2.60,https://polymarket.com/event/ethereum-above-on-december-2
2025-12-02, 11:02:28 a.m.,"Ethereum above ___ on December 2?","Yes",0.974,155886.724389,100,2.60,https://polymarket.com/event/ethereum-above-on-december-2
2025-12-02, 11:02:28 a.m.,"Ethereum above ___ on December 2?","Yes",0.974,155886.724389,100,2.60,https://polymarket.com/event/ethereum-above-on-december-2
2025-12-02, 11:02:28 a.m.,"Ethereum above ___ on December 2?","Yes",0.974,155886.724389,100,2.60,https://polymarket.com/event/ethereum-above-on-december-2
2025-12-02, 11:02:28 a.m.,"Ethereum above ___ on December 2?","Yes",0.974,155886.724389,100,2.60,https://polymarket.com/event/ethereum-above-on-december-2
2025-12-02, 11:03:32 a.m.,"Bitcoin above ___ on December 2?","Yes",0.93,557037.352866,100,7.00,https://polymarket.com/event/bitcoin-above-on-december-2
2025-12-02, 11:03:32 a.m.,"Bitcoin above ___ on December 2?","Yes",0.93,557037.352866,100,7.00,https://polymarket.com/event/bitcoin-above-on-december-2
2025-12-02, 11:03:32 a.m.,"Bitcoin above ___ on December 2?","Yes",0.93,557037.352866,100,7.00,https://polymarket.com/event/bitcoin-above-on-december-2
2025-12-02, 11:03:32 a.m.,"Bitcoin above ___ on December 2?","Yes",0.93,557037.352866,100,7.00,https://polymarket.com/event/bitcoin-above-on-december-2
2025-12-02, 11:03:32 a.m.,"Bitcoin above ___ on December 2?","Yes",0.93,557037.352866,100,7.00,https://polymarket.com/event/bitcoin-above-on-december-2
2025-12-02, 11:03:32 a.m.,"Bitcoin above ___ on December 2?","Yes",0.93,557037.352866,100,7.00,https://polymarket.com/event/bitcoin-above-on-december-2
2025-12-02, 11:03:32 a.m.,"Bitcoin above ___ on December 2?","Yes",0.93,557037.352866,100,7.00,https://polymarket.com/event/bitcoin-above-on-december-2
2025-12-02, 11:03:33 a.m.,"Bitcoin price on December 2?","No",0.93,53484.404752,100,7.00,https://polymarket.com/event/bitcoin-price-on-december-2
2025-12-02, 11:03:33 a.m.,"Bitcoin price on December 2?","No",0.93,53484.404752,100,7.00,https://polymarket.com/event/bitcoin-price-on-december-2
2025-12-02, 11:03:33 a.m.,"Bitcoin price on December 2?","No",0.93,53484.404752,100,7.00,https://polymarket.com/event/bitcoin-price-on-december-2
2025-12-02, 11:03:33 a.m.,"Bitcoin price on December 2?","No",0.93,53484.404752,100,7.00,https://polymarket.com/event/bitcoin-price-on-december-2
2025-12-02, 11:03:33 a.m.,"Bitcoin price on December 2?","No",0.93,53484.404752,100,7.00,https://polymarket.com/event/bitcoin-price-on-december-2
2025-12-02, 11:03:33 a.m.,"Bitcoin price on December 2?","No",0.93,53484.404752,100,7.00,https://polymarket.com/event/bitcoin-price-on-december-2
2025-12-02, 11:03:33 a.m.,"Bitcoin price on December 2?","No",0.93,53484.404752,100,7.00,https://polymarket.com/event/bitcoin-price-on-december-2
2025-12-02, 11:03:33 a.m.,"Bitcoin price on December 2?","No",0.93,53484.404752,100,7.00,https://polymarket.com/event/bitcoin-price-on-december-2
2025-12-02, 11:03:33 a.m.,"Bitcoin price on December 2?","No",0.93,53484.404752,100,7.00,https://polymarket.com/event/bitcoin-price-on-december-2
2025-12-02, 11:03:33 a.m.,"Bitcoin price on December 2?","No",0.93,53484.404752,100,7.00,https://polymarket.com/event/bitcoin-price-on-december-2
2025-12-02, 11:03:33 a.m.,"Bitcoin price on December 2?","No",0.93,53484.404752,100,7.00,https://polymarket.com/event/bitcoin-price-on-december-2
2025-12-02, 11:03:33 a.m.,"Bitcoin price on December 2?","No",0.93,53484.404752,100,7.00,https://polymarket.com/event/bitcoin-price-on-december-2
2025-12-02, 11:03:33 a.m.,"Bitcoin price on December 2?","No",0.93,53484.404752,100,7.00,https://polymarket.com/event/bitcoin-price-on-december-2
2025-12-02, 11:03:33 a.m.,"Bitcoin price on December 2?","No",0.93,53484.404752,100,7.00,https://polymarket.com/event/bitcoin-price-on-december-2
2025-12-02, 11:03:33 a.m.,"Bitcoin price on December 2?","No",0.93,53484.404752,100,7.00,https://polymarket.com/event/bitcoin-price-on-december-2
2025-12-02, 11:03:33 a.m.,"Bitcoin price on December 2?","No",0.93,53484.404752,100,7.00,https://polymarket.com/event/bitcoin-price-on-december-2
2025-12-02, 11:03:33 a.m.,"Bitcoin price on December 2?","No",0.93,53484.404752,100,7.00,https://polymarket.com/event/bitcoin-price-on-december-2
2025-12-02, 11:03:33 a.m.,"Bitcoin above ___ on December 2?","Yes",0.93,557037.352866,100,7.00,https://polymarket.com/event/bitcoin-above-on-december-2
2025-12-02, 11:03:33 a.m.,"Bitcoin above ___ on December 2?","Yes",0.93,557037.352866,100,7.00,https://polymarket.com/event/bitcoin-above-on-december-2
2025-12-02, 11:03:33 a.m.,"Bitcoin above ___ on December 2?","Yes",0.93,557037.352866,100,7.00,https://polymarket.com/event/bitcoin-above-on-december-2
2025-12-02, 11:03:33 a.m.,"Bitcoin above ___ on December 2?","Yes",0.93,557037.352866,100,7.00,https://polymarket.com/event/bitcoin-above-on-december-2
2025-12-02, 11:03:33 a.m.,"Bitcoin above ___ on December 2?","Yes",0.93,557037.352866,100,7.00,https://polymarket.com/event/bitcoin-above-on-december-2
2025-12-02, 11:03:33 a.m.,"Bitcoin above ___ on December 2?","Yes",0.93,557037.352866,100,7.00,https://polymarket.com/event/bitcoin-above-on-december-2
2025-12-02, 11:03:33 a.m.,"Bitcoin above ___ on December 2?","Yes",0.93,557037.352866,100,7.00,https://polymarket.com/event/bitcoin-above-on-december-2
2025-12-02, 11:03:33 a.m.,"Bitcoin above ___ on December 2?","Yes",0.93,557037.352866,100,7.00,https://polymarket.com/event/bitcoin-above-on-december-2
2025-12-02, 11:03:33 a.m.,"Bitcoin above ___ on December 2?","Yes",0.93,557037.352866,100,7.00,https://polymarket.com/event/bitcoin-above-on-december-2
2025-12-02, 11:03:33 a.m.,"Bitcoin above ___ on December 2?","Yes",0.93,557037.352866,100,7.00,https://polymarket.com/event/bitcoin-above-on-december-2
2025-12-02, 11:03:58 a.m.,"Bitcoin price on December 2?","No",0.895,71470.978465,100,10.50,https://polymarket.com/event/bitcoin-price-on-december-2
2025-12-02, 11:03:58 a.m.,"Bitcoin price on December 2?","No",0.895,71470.978465,100,10.50,https://polymarket.com/event/bitcoin-price-on-december-2
2025-12-02, 11:03:58 a.m.,"Bitcoin price on December 2?","No",0.895,71470.978465,100,10.50,https://polymarket.com/event/bitcoin-price-on-december-2
2025-12-02, 11:03:58 a.m.,"Bitcoin price on December 2?","No",0.895,71470.978465,100,10.50,https://polymarket.com/event/bitcoin-price-on-december-2
2025-12-02, 11:03:58 a.m.,"Bitcoin price on December 2?","No",0.895,71470.978465,100,10.50,https://polymarket.com/event/bitcoin-price-on-december-2
2025-12-02, 11:03:58 a.m.,"Bitcoin price on December 2?","No",0.895,71470.978465,100,10.50,https://polymarket.com/event/bitcoin-price-on-december-2
2025-12-02, 11:03:58 a.m.,"Bitcoin price on December 2?","No",0.895,71470.978465,100,10.50,https://polymarket.com/event/bitcoin-price-on-december-2
2025-12-02, 11:03:58 a.m.,"Bitcoin price on December 2?","No",0.895,71470.978465,100,10.50,https://polymarket.com/event/bitcoin-price-on-december-2
2025-12-02, 11:03:58 a.m.,"Bitcoin price on December 2?","No",0.895,71470.978465,100,10.50,https://polymarket.com/event/bitcoin-price-on-december-2
2025-12-02, 11:03:58 a.m.,"Bitcoin price on December 2?","No",0.895,71470.978465,100,10.50,https://polymarket.com/event/bitcoin-price-on-december-2
2025-12-02, 11:03:58 a.m.,"Bitcoin price on December 2?","No",0.895,71470.978465,100,10.50,https://polymarket.com/event/bitcoin-price-on-december-2
2025-12-02, 11:03:58 a.m.,"Bitcoin price on December 2?","No",0.895,71470.978465,100,10.50,https://polymarket.com/event/bitcoin-price-on-december-2
2025-12-02, 11:03:58 a.m.,"Bitcoin price on December 2?","No",0.895,71470.978465,100,10.50,https://polymarket.com/event/bitcoin-price-on-december-2
2025-12-02, 11:03:58 a.m.,"Bitcoin price on December 2?","No",0.895,71470.978465,100,10.50,https://polymarket.com/event/bitcoin-price-on-december-2
2025-12-02, 11:03:58 a.m.,"Bitcoin price on December 2?","No",0.895,71470.978465,100,10.50,https://polymarket.com/event/bitcoin-price-on-december-2
2025-12-02, 11:03:58 a.m.,"Bitcoin price on December 2?","No",0.895,71470.978465,100,10.50,https://polymarket.com/event/bitcoin-price-on-december-2
2025-12-02, 11:03:58 a.m.,"Bitcoin price on December 2?","No",0.895,71470.978465,100,10.50,https://polymarket.com/event/bitcoin-price-on-december-2
2025-12-02, 11:04:00 a.m.,"Bitcoin above ___ on December 2?","Yes",0.92,557037.352866,100,8.00,https://polymarket.com/event/bitcoin-above-on-december-2
2025-12-02, 11:04:00 a.m.,"Bitcoin above ___ on December 2?","Yes",0.92,557037.352866,100,8.00,https://polymarket.com/event/bitcoin-above-on-december-2
2025-12-02, 11:04:00 a.m.,"Bitcoin above ___ on December 2?","Yes",0.92,557037.352866,100,8.00,https://polymarket.com/event/bitcoin-above-on-december-2
2025-12-02, 11:04:00 a.m.,"Bitcoin above ___ on December 2?","Yes",0.92,557037.352866,100,8.00,https://polymarket.com/event/bitcoin-above-on-december-2
2025-12-02, 11:04:00 a.m.,"Bitcoin above ___ on December 2?","Yes",0.92,557037.352866,100,8.00,https://polymarket.com/event/bitcoin-above-on-december-2
2025-12-02, 11:04:00 a.m.,"Bitcoin above ___ on December 2?","Yes",0.92,557037.352866,100,8.00,https://polymarket.com/event/bitcoin-above-on-december-2
2025-12-02, 11:04:00 a.m.,"Bitcoin above ___ on December 2?","Yes",0.92,557037.352866,100,8.00,https://polymarket.com/event/bitcoin-above-on-december-2
2025-12-02, 11:04:00 a.m.,"Bitcoin above ___ on December 2?","Yes",0.92,557037.352866,100,8.00,https://polymarket.com/event/bitcoin-above-on-december-2
2025-12-02, 11:04:00 a.m.,"Bitcoin above ___ on December 2?","Yes",0.92,557037.352866,100,8.00,https://polymarket.com/event/bitcoin-above-on-december-2
2025-12-02, 11:04:00 a.m.,"Bitcoin above ___ on December 2?","Yes",0.92,557037.352866,100,8.00,https://polymarket.com/event/bitcoin-above-on-december-2
2025-12-02, 11:04:00 a.m.,"Bitcoin above ___ on December 2?","Yes",0.92,557037.352866,100,8.00,https://polymarket.com/event/bitcoin-above-on-december-2
2025-12-02, 11:04:00 a.m.,"Bitcoin above ___ on December 2?","Yes",0.92,557037.352866,100,8.00,https://polymarket.com/event/bitcoin-above-on-december-2
2025-12-02, 11:04:00 a.m.,"Bitcoin above ___ on December 2?","Yes",0.92,557037.352866,100,8.00,https://polymarket.com/event/bitcoin-above-on-december-2
2025-12-02, 11:04:00 a.m.,"Bitcoin above ___ on December 2?","Yes",0.92,557037.352866,100,8.00,https://polymarket.com/event/bitcoin-above-on-december-2
2025-12-02, 11:04:00 a.m.,"Bitcoin above ___ on December 2?","Yes",0.92,557037.352866,100,8.00,https://polymarket.com/event/bitcoin-above-on-december-2
2025-12-02, 11:04:00 a.m.,"Bitcoin above ___ on December 2?","Yes",0.92,557037.352866,100,8.00,https://polymarket.com/event/bitcoin-above-on-december-2
2025-12-02, 11:04:00 a.m.,"Bitcoin above ___ on December 2?","Yes",0.92,557037.352866,100,8.00,https://polymarket.com/event/bitcoin-above-on-december-2
2025-12-02, 11:04:02 a.m.,"Bitcoin price on December 2?","No",0.93,53484.404752,100,7.00,https://polymarket.com/event/bitcoin-price-on-december-2
2025-12-02, 11:04:02 a.m.,"Bitcoin price on December 2?","No",0.93,53484.404752,100,7.00,https://polymarket.com/event/bitcoin-price-on-december-2
2025-12-02, 11:04:02 a.m.,"Bitcoin price on December 2?","No",0.93,53484.404752,100,7.00,https://polymarket.com/event/bitcoin-price-on-december-2
2025-12-02, 11:04:02 a.m.,"Bitcoin price on December 2?","No",0.93,53484.404752,100,7.00,https://polymarket.com/event/bitcoin-price-on-december-2
2025-12-02, 11:04:02 a.m.,"Bitcoin price on December 2?","No",0.93,53484.404752,100,7.00,https://polymarket.com/event/bitcoin-price-on-december-2
2025-12-02, 11:04:02 a.m.,"Bitcoin price on December 2?","No",0.93,53484.404752,100,7.00,https://polymarket.com/event/bitcoin-price-on-december-2
2025-12-02, 11:04:02 a.m.,"Bitcoin price on December 2?","No",0.93,53484.404752,100,7.00,https://polymarket.com/event/bitcoin-price-on-december-2
2025-12-02, 11:04:02 a.m.,"Bitcoin price on December 2?","No",0.93,53484.404752,100,7.00,https://polymarket.com/event/bitcoin-price-on-december-2
2025-12-02, 11:04:02 a.m.,"Bitcoin price on December 2?","No",0.93,53484.404752,100,7.00,https://polymarket.com/event/bitcoin-price-on-december-2
2025-12-02, 11:04:02 a.m.,"Bitcoin price on December 2?","No",0.93,53484.404752,100,7.00,https://polymarket.com/event/bitcoin-price-on-december-2
2025-12-02, 11:04:02 a.m.,"Bitcoin price on December 2?","No",0.93,53484.404752,100,7.00,https://polymarket.com/event/bitcoin-price-on-december-2
2025-12-02, 11:04:02 a.m.,"Bitcoin price on December 2?","No",0.93,53484.404752,100,7.00,https://polymarket.com/event/bitcoin-price-on-december-2
2025-12-02, 11:04:02 a.m.,"Bitcoin price on December 2?","No",0.93,53484.404752,100,7.00,https://polymarket.com/event/bitcoin-price-on-december-2
2025-12-02, 11:04:02 a.m.,"Bitcoin price on December 2?","No",0.93,53484.404752,100,7.00,https://polymarket.com/event/bitcoin-price-on-december-2
2025-12-02, 11:04:02 a.m.,"Bitcoin price on December 2?","No",0.93,53484.404752,100,7.00,https://polymarket.com/event/bitcoin-price-on-december-2
2025-12-02, 11:04:02 a.m.,"Bitcoin price on December 2?","No",0.93,53484.404752,100,7.00,https://polymarket.com/event/bitcoin-price-on-december-2
2025-12-02, 11:04:02 a.m.,"Bitcoin price on December 2?","No",0.93,53484.404752,100,7.00,https://polymarket.com/event/bitcoin-price-on-december-2
2025-12-02, 11:04:33 a.m.,"Bitcoin above ___ on December 2?","Yes",0.109,496051.287685,100,89.10,https://polymarket.com/event/bitcoin-above-on-december-2
2025-12-02, 11:04:33 a.m.,"Bitcoin above ___ on December 2?","Yes",0.109,496051.287685,100,89.10,https://polymarket.com/event/bitcoin-above-on-december-2
2025-12-02, 11:04:33 a.m.,"Bitcoin above ___ on December 2?","Yes",0.109,496051.287685,100,89.10,https://polymarket.com/event/bitcoin-above-on-december-2
2025-12-02, 11:04:33 a.m.,"Bitcoin above ___ on December 2?","Yes",0.109,496051.287685,100,89.10,https://polymarket.com/event/bitcoin-above-on-december-2
2025-12-02, 11:04:33 a.m.,"Bitcoin above ___ on December 2?","Yes",0.109,496051.287685,100,89.10,https://polymarket.com/event/bitcoin-above-on-december-2
2025-12-02, 11:04:33 a.m.,"Bitcoin above ___ on December 2?","Yes",0.109,496051.287685,100,89.10,https://polymarket.com/event/bitcoin-above-on-december-2
2025-12-02, 11:04:33 a.m.,"Bitcoin above ___ on December 2?","Yes",0.109,496051.287685,100,89.10,https://polymarket.com/event/bitcoin-above-on-december-2
2025-12-02, 11:04:33 a.m.,"Bitcoin above ___ on December 2?","Yes",0.109,496051.287685,100,89.10,https://polymarket.com/event/bitcoin-above-on-december-2
2025-12-02, 11:04:33 a.m.,"Bitcoin above ___ on December 2?","Yes",0.109,496051.287685,100,89.10,https://polymarket.com/event/bitcoin-above-on-december-2
2025-12-02, 11:04:33 a.m.,"Bitcoin above ___ on December 2?","Yes",0.109,496051.287685,100,89.10,https://polymarket.com/event/bitcoin-above-on-december-2
2025-12-02, 11:04:33 a.m.,"Bitcoin above ___ on December 2?","Yes",0.109,496051.287685,100,89.10,https://polymarket.com/event/bitcoin-above-on-december-2
2025-12-02, 11:04:33 a.m.,"Bitcoin above ___ on December 2?","Yes",0.109,496051.287685,100,89.10,https://polymarket.com/event/bitcoin-above-on-december-2
2025-12-02, 11:04:33 a.m.,"Bitcoin above ___ on December 2?","Yes",0.109,496051.287685,100,89.10,https://polymarket.com/event/bitcoin-above-on-december-2
2025-12-02, 11:04:33 a.m.,"Bitcoin above ___ on December 2?","Yes",0.109,496051.287685,100,89.10,https://polymarket.com/event/bitcoin-above-on-december-2
2025-12-02, 11:04:33 a.m.,"Bitcoin above ___ on December 2?","Yes",0.109,496051.287685,100,89.10,https://polymarket.com/event/bitcoin-above-on-december-2
2025-12-02, 11:04:33 a.m.,"Bitcoin above ___ on December 2?","Yes",0.109,496051.287685,100,89.10,https://polymarket.com/event/bitcoin-above-on-december-2
2025-12-02, 11:04:33 a.m.,"Bitcoin above ___ on December 2?","Yes",0.109,496051.287685,100,89.10,https://polymarket.com/event/bitcoin-above-on-december-2
2025-12-02, 11:05:03 a.m.,"Bitcoin above ___ on December 2?","Yes",0.916,557037.352866,100,8.40,https://polymarket.com/event/bitcoin-above-on-december-2
2025-12-02, 11:05:03 a.m.,"Bitcoin above ___ on December 2?","Yes",0.916,557037.352866,100,8.40,https://polymarket.com/event/bitcoin-above-on-december-2
2025-12-02, 11:05:03 a.m.,"Bitcoin above ___ on December 2?","Yes",0.916,557037.352866,100,8.40,https://polymarket.com/event/bitcoin-above-on-december-2
2025-12-02, 11:05:03 a.m.,"Bitcoin above ___ on December 2?","Yes",0.916,557037.352866,100,8.40,https://polymarket.com/event/bitcoin-above-on-december-2
2025-12-02, 11:05:03 a.m.,"Bitcoin above ___ on December 2?","Yes",0.916,557037.352866,100,8.40,https://polymarket.com/event/bitcoin-above-on-december-2
2025-12-02, 11:05:03 a.m.,"Bitcoin above ___ on December 2?","Yes",0.916,557037.352866,100,8.40,https://polymarket.com/event/bitcoin-above-on-december-2
2025-12-02, 11:05:03 a.m.,"Bitcoin above ___ on December 2?","Yes",0.916,557037.352866,100,8.40,https://polymarket.com/event/bitcoin-above-on-december-2
2025-12-02, 11:05:03 a.m.,"Bitcoin above ___ on December 2?","Yes",0.916,557037.352866,100,8.40,https://polymarket.com/event/bitcoin-above-on-december-2
2025-12-02, 11:05:03 a.m.,"Bitcoin above ___ on December 2?","Yes",0.916,557037.352866,100,8.40,https://polymarket.com/event/bitcoin-above-on-december-2
2025-12-02, 11:05:03 a.m.,"Bitcoin above ___ on December 2?","Yes",0.916,557037.352866,100,8.40,https://polymarket.com/event/bitcoin-above-on-december-2
2025-12-02, 11:05:03 a.m.,"Bitcoin above ___ on December 2?","Yes",0.916,557037.352866,100,8.40,https://polymarket.com/event/bitcoin-above-on-december-2
2025-12-02, 11:05:03 a.m.,"Bitcoin above ___ on December 2?","Yes",0.916,557037.352866,100,8.40,https://polymarket.com/event/bitcoin-above-on-december-2
2025-12-02, 11:05:03 a.m.,"Bitcoin above ___ on December 2?","Yes",0.916,557037.352866,100,8.40,https://polymarket.com/event/bitcoin-above-on-december-2
2025-12-02, 11:05:03 a.m.,"Bitcoin above ___ on December 2?","Yes",0.916,557037.352866,100,8.40,https://polymarket.com/event/bitcoin-above-on-december-2
2025-12-02, 11:05:03 a.m.,"Bitcoin above ___ on December 2?","Yes",0.916,557037.352866,100,8.40,https://polymarket.com/event/bitcoin-above-on-december-2
2025-12-02, 11:05:03 a.m.,"Bitcoin above ___ on December 2?","Yes",0.916,557037.352866,100,8.40,https://polymarket.com/event/bitcoin-above-on-december-2
2025-12-02, 11:05:03 a.m.,"Bitcoin above ___ on December 2?","Yes",0.916,557037.352866,100,8.40,https://polymarket.com/event/bitcoin-above-on-december-2
2025-12-02, 11:05:32 a.m.,"Bitcoin price on December 2?","No",0.94,53484.404752,100,6.00,https://polymarket.com/event/bitcoin-price-on-december-2
2025-12-02, 11:05:32 a.m.,"Bitcoin price on December 2?","No",0.94,53484.404752,100,6.00,https://polymarket.com/event/bitcoin-price-on-december-2
2025-12-02, 11:05:32 a.m.,"Bitcoin price on December 2?","No",0.94,53484.404752,100,6.00,https://polymarket.com/event/bitcoin-price-on-december-2
2025-12-02, 11:05:32 a.m.,"Bitcoin price on December 2?","No",0.94,53484.404752,100,6.00,https://polymarket.com/event/bitcoin-price-on-december-2
2025-12-02, 11:05:32 a.m.,"Bitcoin price on December 2?","No",0.94,53484.404752,100,6.00,https://polymarket.com/event/bitcoin-price-on-december-2
2025-12-02, 11:05:32 a.m.,"Bitcoin price on December 2?","No",0.94,53484.404752,100,6.00,https://polymarket.com/event/bitcoin-price-on-december-2
2025-12-02, 11:05:32 a.m.,"Bitcoin price on December 2?","No",0.94,53484.404752,100,6.00,https://polymarket.com/event/bitcoin-price-on-december-2
2025-12-02, 11:05:32 a.m.,"Bitcoin price on December 2?","No",0.94,53484.404752,100,6.00,https://polymarket.com/event/bitcoin-price-on-december-2
2025-12-02, 11:05:32 a.m.,"Bitcoin price on December 2?","No",0.94,53484.404752,100,6.00,https://polymarket.com/event/bitcoin-price-on-december-2
2025-12-02, 11:05:32 a.m.,"Bitcoin price on December 2?","No",0.94,53484.404752,100,6.00,https://polymarket.com/event/bitcoin-price-on-december-2
2025-12-02, 11:05:32 a.m.,"Bitcoin price on December 2?","No",0.94,53484.404752,100,6.00,https://polymarket.com/event/bitcoin-price-on-december-2
2025-12-02, 11:05:32 a.m.,"Bitcoin price on December 2?","No",0.94,53484.404752,100,6.00,https://polymarket.com/event/bitcoin-price-on-december-2
2025-12-02, 11:05:32 a.m.,"Bitcoin price on December 2?","No",0.94,53484.404752,100,6.00,https://polymarket.com/event/bitcoin-price-on-december-2
2025-12-02, 11:05:32 a.m.,"Bitcoin price on December 2?","No",0.94,53484.404752,100,6.00,https://polymarket.com/event/bitcoin-price-on-december-2
2025-12-02, 11:05:32 a.m.,"Bitcoin price on December 2?","No",0.94,53484.404752,100,6.00,https://polymarket.com/event/bitcoin-price-on-december-2
2025-12-02, 11:05:32 a.m.,"Bitcoin price on December 2?","No",0.94,53484.404752,100,6.00,https://polymarket.com/event/bitcoin-price-on-december-2
2025-12-02, 11:05:32 a.m.,"Bitcoin price on December 2?","No",0.94,53484.404752,100,6.00,https://polymarket.com/event/bitcoin-price-on-december-2
2025-12-02, 11:06:09 a.m.,"Bitcoin above ___ on December 2?","Yes",0.936,557037.352866,100,6.40,https://polymarket.com/event/bitcoin-above-on-december-2
2025-12-02, 11:06:09 a.m.,"Bitcoin above ___ on December 2?","Yes",0.936,557037.352866,100,6.40,https://polymarket.com/event/bitcoin-above-on-december-2
2025-12-02, 11:06:09 a.m.,"Bitcoin above ___ on December 2?","Yes",0.936,557037.352866,100,6.40,https://polymarket.com/event/bitcoin-above-on-december-2
2025-12-02, 11:06:09 a.m.,"Bitcoin above ___ on December 2?","Yes",0.936,557037.352866,100,6.40,https://polymarket.com/event/bitcoin-above-on-december-2
2025-12-02, 11:06:09 a.m.,"Bitcoin above ___ on December 2?","Yes",0.936,557037.352866,100,6.40,https://polymarket.com/event/bitcoin-above-on-december-2
2025-12-02, 11:06:09 a.m.,"Bitcoin above ___ on December 2?","Yes",0.936,557037.352866,100,6.40,https://polymarket.com/event/bitcoin-above-on-december-2
2025-12-02, 11:06:09 a.m.,"Bitcoin above ___ on December 2?","Yes",0.936,557037.352866,100,6.40,https://polymarket.com/event/bitcoin-above-on-december-2
2025-12-02, 11:06:09 a.m.,"Bitcoin above ___ on December 2?","Yes",0.936,557037.352866,100,6.40,https://polymarket.com/event/bitcoin-above-on-december-2
2025-12-02, 11:06:09 a.m.,"Bitcoin above ___ on December 2?","Yes",0.936,557037.352866,100,6.40,https://polymarket.com/event/bitcoin-above-on-december-2
2025-12-02, 11:06:09 a.m.,"Bitcoin above ___ on December 2?","Yes",0.936,557037.352866,100,6.40,https://polymarket.com/event/bitcoin-above-on-december-2
2025-12-02, 11:06:09 a.m.,"Bitcoin above ___ on December 2?","Yes",0.936,557037.352866,100,6.40,https://polymarket.com/event/bitcoin-above-on-december-2
2025-12-02, 11:06:09 a.m.,"Bitcoin above ___ on December 2?","Yes",0.936,557037.352866,100,6.40,https://polymarket.com/event/bitcoin-above-on-december-2
2025-12-02, 11:06:09 a.m.,"Bitcoin above ___ on December 2?","Yes",0.936,557037.352866,100,6.40,https://polymarket.com/event/bitcoin-above-on-december-2
2025-12-02, 11:06:09 a.m.,"Bitcoin above ___ on December 2?","Yes",0.936,557037.352866,100,6.40,https://polymarket.com/event/bitcoin-above-on-december-2
2025-12-02, 11:06:09 a.m.,"Bitcoin above ___ on December 2?","Yes",0.936,557037.352866,100,6.40,https://polymarket.com/event/bitcoin-above-on-december-2
2025-12-02, 11:06:09 a.m.,"Bitcoin above ___ on December 2?","Yes",0.936,557037.352866,100,6.40,https://polymarket.com/event/bitcoin-above-on-december-2
2025-12-02, 11:06:09 a.m.,"Bitcoin above ___ on December 2?","Yes",0.936,557037.352866,100,6.40,https://polymarket.com/event/bitcoin-above-on-december-2
2025-12-02, 11:06:27 a.m.,"Bitcoin above ___ on December 2?","No",0.9,496051.287685,100,10.00,https://polymarket.com/event/bitcoin-above-on-december-2
2025-12-02, 11:06:27 a.m.,"Bitcoin above ___ on December 2?","No",0.9,496051.287685,100,10.00,https://polymarket.com/event/bitcoin-above-on-december-2
2025-12-02, 11:06:27 a.m.,"Bitcoin above ___ on December 2?","No",0.9,496051.287685,100,10.00,https://polymarket.com/event/bitcoin-above-on-december-2
2025-12-02, 11:06:27 a.m.,"Bitcoin above ___ on December 2?","No",0.9,496051.287685,100,10.00,https://polymarket.com/event/bitcoin-above-on-december-2
2025-12-02, 11:06:27 a.m.,"Bitcoin above ___ on December 2?","No",0.9,496051.287685,100,10.00,https://polymarket.com/event/bitcoin-above-on-december-2
2025-12-02, 11:06:27 a.m.,"Bitcoin above ___ on December 2?","No",0.9,496051.287685,100,10.00,https://polymarket.com/event/bitcoin-above-on-december-2
2025-12-02, 11:06:27 a.m.,"Bitcoin above ___ on December 2?","No",0.9,496051.287685,100,10.00,https://polymarket.com/event/bitcoin-above-on-december-2
2025-12-02, 11:06:27 a.m.,"Bitcoin above ___ on December 2?","No",0.9,496051.287685,100,10.00,https://polymarket.com/event/bitcoin-above-on-december-2
2025-12-02, 11:06:27 a.m.,"Bitcoin above ___ on December 2?","No",0.9,496051.287685,100,10.00,https://polymarket.com/event/bitcoin-above-on-december-2
2025-12-02, 11:06:27 a.m.,"Bitcoin above ___ on December 2?","No",0.9,496051.287685,100,10.00,https://polymarket.com/event/bitcoin-above-on-december-2
2025-12-02, 11:06:27 a.m.,"Bitcoin above ___ on December 2?","No",0.9,496051.287685,100,10.00,https://polymarket.com/event/bitcoin-above-on-december-2
2025-12-02, 11:06:27 a.m.,"Bitcoin above ___ on December 2?","No",0.9,496051.287685,100,10.00,https://polymarket.com/event/bitcoin-above-on-december-2
2025-12-02, 11:06:27 a.m.,"Bitcoin above ___ on December 2?","No",0.9,496051.287685,100,10.00,https://polymarket.com/event/bitcoin-above-on-december-2
2025-12-02, 11:06:27 a.m.,"Bitcoin above ___ on December 2?","No",0.9,496051.287685,100,10.00,https://polymarket.com/event/bitcoin-above-on-december-2
2025-12-02, 11:06:27 a.m.,"Bitcoin above ___ on December 2?","No",0.9,496051.287685,100,10.00,https://polymarket.com/event/bitcoin-above-on-december-2
2025-12-02, 11:06:27 a.m.,"Bitcoin above ___ on December 2?","No",0.9,496051.287685,100,10.00,https://polymarket.com/event/bitcoin-above-on-december-2
2025-12-02, 11:06:27 a.m.,"Bitcoin above ___ on December 2?","No",0.9,496051.287685,100,10.00,https://polymarket.com/event/bitcoin-above-on-december-2
2025-12-02, 11:07:02 a.m.,"Bitcoin price on December 2?","No",0.917,71470.978465,100,8.30,https://polymarket.com/event/bitcoin-price-on-december-2
2025-12-02, 11:07:02 a.m.,"Bitcoin price on December 2?","No",0.917,71470.978465,100,8.30,https://polymarket.com/event/bitcoin-price-on-december-2
2025-12-02, 11:07:02 a.m.,"Bitcoin price on December 2?","No",0.917,71470.978465,100,8.30,https://polymarket.com/event/bitcoin-price-on-december-2
2025-12-02, 11:07:02 a.m.,"Bitcoin price on December 2?","No",0.917,71470.978465,100,8.30,https://polymarket.com/event/bitcoin-price-on-december-2
2025-12-02, 11:07:02 a.m.,"Bitcoin price on December 2?","No",0.917,71470.978465,100,8.30,https://polymarket.com/event/bitcoin-price-on-december-2
2025-12-02, 11:07:02 a.m.,"Bitcoin price on December 2?","No",0.917,71470.978465,100,8.30,https://polymarket.com/event/bitcoin-price-on-december-2
2025-12-02, 11:07:02 a.m.,"Bitcoin price on December 2?","No",0.917,71470.978465,100,8.30,https://polymarket.com/event/bitcoin-price-on-december-2
2025-12-02, 11:07:02 a.m.,"Bitcoin price on December 2?","No",0.917,71470.978465,100,8.30,https://polymarket.com/event/bitcoin-price-on-december-2
2025-12-02, 11:07:02 a.m.,"Bitcoin price on December 2?","No",0.917,71470.978465,100,8.30,https://polymarket.com/event/bitcoin-price-on-december-2
2025-12-02, 11:07:02 a.m.,"Bitcoin price on December 2?","No",0.917,71470.978465,100,8.30,https://polymarket.com/event/bitcoin-price-on-december-2
2025-12-02, 11:07:02 a.m.,"Bitcoin price on December 2?","No",0.917,71470.978465,100,8.30,https://polymarket.com/event/bitcoin-price-on-december-2
2025-12-02, 11:07:02 a.m.,"Bitcoin price on December 2?","No",0.917,71470.978465,100,8.30,https://polymarket.com/event/bitcoin-price-on-december-2
2025-12-02, 11:07:02 a.m.,"Bitcoin price on December 2?","No",0.917,71470.978465,100,8.30,https://polymarket.com/event/bitcoin-price-on-december-2
2025-12-02, 11:07:02 a.m.,"Bitcoin price on December 2?","No",0.917,71470.978465,100,8.30,https://polymarket.com/event/bitcoin-price-on-december-2
2025-12-02, 11:07:02 a.m.,"Bitcoin price on December 2?","No",0.917,71470.978465,100,8.30,https://polymarket.com/event/bitcoin-price-on-december-2
2025-12-02, 11:07:02 a.m.,"Bitcoin price on December 2?","No",0.917,71470.978465,100,8.30,https://polymarket.com/event/bitcoin-price-on-december-2
2025-12-02, 11:07:02 a.m.,"Bitcoin price on December 2?","No",0.917,71470.978465,100,8.30,https://polymarket.com/event/bitcoin-price-on-december-2
2025-12-02, 11:07:13 a.m.,"Bitcoin above ___ on December 2?","Yes",0.925,557037.352866,100,7.50,https://polymarket.com/event/bitcoin-above-on-december-2
2025-12-02, 11:07:13 a.m.,"Bitcoin above ___ on December 2?","Yes",0.925,557037.352866,100,7.50,https://polymarket.com/event/bitcoin-above-on-december-2
2025-12-02, 11:07:13 a.m.,"Bitcoin above ___ on December 2?","Yes",0.925,557037.352866,100,7.50,https://polymarket.com/event/bitcoin-above-on-december-2
2025-12-02, 11:07:13 a.m.,"Bitcoin above ___ on December 2?","Yes",0.925,557037.352866,100,7.50,https://polymarket.com/event/bitcoin-above-on-december-2
2025-12-02, 11:07:13 a.m.,"Bitcoin above ___ on December 2?","Yes",0.925,557037.352866,100,7.50,https://polymarket.com/event/bitcoin-above-on-december-2
2025-12-02, 11:07:13 a.m.,"Bitcoin above ___ on December 2?","Yes",0.925,557037.352866,100,7.50,https://polymarket.com/event/bitcoin-above-on-december-2
2025-12-02, 11:07:13 a.m.,"Bitcoin above ___ on December 2?","Yes",0.925,557037.352866,100,7.50,https://polymarket.com/event/bitcoin-above-on-december-2
2025-12-02, 11:07:13 a.m.,"Bitcoin above ___ on December 2?","Yes",0.925,557037.352866,100,7.50,https://polymarket.com/event/bitcoin-above-on-december-2
2025-12-02, 11:07:13 a.m.,"Bitcoin above ___ on December 2?","Yes",0.925,557037.352866,100,7.50,https://polymarket.com/event/bitcoin-above-on-december-2
2025-12-02, 11:07:13 a.m.,"Bitcoin above ___ on December 2?","Yes",0.925,557037.352866,100,7.50,https://polymarket.com/event/bitcoin-above-on-december-2
2025-12-02, 11:07:13 a.m.,"Bitcoin above ___ on December 2?","Yes",0.925,557037.352866,100,7.50,https://polymarket.com/event/bitcoin-above-on-december-2
2025-12-02, 11:07:13 a.m.,"Bitcoin above ___ on December 2?","Yes",0.925,557037.352866,100,7.50,https://polymarket.com/event/bitcoin-above-on-december-2
2025-12-02, 11:07:13 a.m.,"Bitcoin above ___ on December 2?","Yes",0.925,557037.352866,100,7.50,https://polymarket.com/event/bitcoin-above-on-december-2
2025-12-02, 11:07:13 a.m.,"Bitcoin above ___ on December 2?","Yes",0.925,557037.352866,100,7.50,https://polymarket.com/event/bitcoin-above-on-december-2
2025-12-02, 11:07:13 a.m.,"Bitcoin above ___ on December 2?","Yes",0.925,557037.352866,100,7.50,https://polymarket.com/event/bitcoin-above-on-december-2
2025-12-02, 11:07:13 a.m.,"Bitcoin above ___ on December 2?","Yes",0.925,557037.352866,100,7.50,https://polymarket.com/event/bitcoin-above-on-december-2
2025-12-02, 11:07:13 a.m.,"Bitcoin above ___ on December 2?","Yes",0.925,557037.352866,100,7.50,https://polymarket.com/event/bitcoin-above-on-december-2
2025-12-02, 11:07:26 a.m.,"Bitcoin above ___ on December 2?","No",0.932,496051.287685,100,6.80,https://polymarket.com/event/bitcoin-above-on-december-2
2025-12-02, 11:07:26 a.m.,"Bitcoin above ___ on December 2?","No",0.932,496051.287685,100,6.80,https://polymarket.com/event/bitcoin-above-on-december-2
2025-12-02, 11:07:26 a.m.,"Bitcoin above ___ on December 2?","No",0.932,496051.287685,100,6.80,https://polymarket.com/event/bitcoin-above-on-december-2
2025-12-02, 11:07:26 a.m.,"Bitcoin above ___ on December 2?","No",0.932,496051.287685,100,6.80,https://polymarket.com/event/bitcoin-above-on-december-2
2025-12-02, 11:07:26 a.m.,"Bitcoin above ___ on December 2?","No",0.932,496051.287685,100,6.80,https://polymarket.com/event/bitcoin-above-on-december-2
2025-12-02, 11:07:26 a.m.,"Bitcoin above ___ on December 2?","No",0.932,496051.287685,100,6.80,https://polymarket.com/event/bitcoin-above-on-december-2
2025-12-02, 11:07:26 a.m.,"Bitcoin above ___ on December 2?","No",0.932,496051.287685,100,6.80,https://polymarket.com/event/bitcoin-above-on-december-2
2025-12-02, 11:07:27 a.m.,"Bitcoin above ___ on December 2?","No",0.932,496051.287685,100,6.80,https://polymarket.com/event/bitcoin-above-on-december-2
2025-12-02, 11:07:27 a.m.,"Bitcoin above ___ on December 2?","No",0.932,496051.287685,100,6.80,https://polymarket.com/event/bitcoin-above-on-december-2
2025-12-02, 11:07:27 a.m.,"Bitcoin above ___ on December 2?","No",0.932,496051.287685,100,6.80,https://polymarket.com/event/bitcoin-above-on-december-2
2025-12-02, 11:07:27 a.m.,"Bitcoin above ___ on December 2?","No",0.932,496051.287685,100,6.80,https://polymarket.com/event/bitcoin-above-on-december-2
2025-12-02, 11:07:27 a.m.,"Bitcoin above ___ on December 2?","No",0.932,496051.287685,100,6.80,https://polymarket.com/event/bitcoin-above-on-december-2
2025-12-02, 11:07:27 a.m.,"Bitcoin above ___ on December 2?","No",0.932,496051.287685,100,6.80,https://polymarket.com/event/bitcoin-above-on-december-2
2025-12-02, 11:07:27 a.m.,"Bitcoin above ___ on December 2?","No",0.932,496051.287685,100,6.80,https://polymarket.com/event/bitcoin-above-on-december-2
2025-12-02, 11:07:27 a.m.,"Bitcoin above ___ on December 2?","No",0.932,496051.287685,100,6.80,https://polymarket.com/event/bitcoin-above-on-december-2
2025-12-02, 11:07:27 a.m.,"Bitcoin above ___ on December 2?","No",0.932,496051.287685,100,6.80,https://polymarket.com/event/bitcoin-above-on-december-2
2025-12-02, 11:07:27 a.m.,"Bitcoin above ___ on December 2?","No",0.932,496051.287685,100,6.80,https://polymarket.com/event/bitcoin-above-on-december-2
2025-12-02, 11:08:00 a.m.,"Bitcoin price on December 2?","No",0.91,53484.404752,100,9.00,https://polymarket.com/event/bitcoin-price-on-december-2
2025-12-02, 11:08:00 a.m.,"Bitcoin price on December 2?","No",0.91,53484.404752,100,9.00,https://polymarket.com/event/bitcoin-price-on-december-2
2025-12-02, 11:08:00 a.m.,"Bitcoin price on December 2?","No",0.91,53484.404752,100,9.00,https://polymarket.com/event/bitcoin-price-on-december-2
2025-12-02, 11:08:00 a.m.,"Bitcoin price on December 2?","No",0.91,53484.404752,100,9.00,https://polymarket.com/event/bitcoin-price-on-december-2
2025-12-02, 11:08:00 a.m.,"Bitcoin price on December 2?","No",0.91,53484.404752,100,9.00,https://polymarket.com/event/bitcoin-price-on-december-2
2025-12-02, 11:08:00 a.m.,"Bitcoin price on December 2?","No",0.91,53484.404752,100,9.00,https://polymarket.com/event/bitcoin-price-on-december-2
2025-12-02, 11:08:00 a.m.,"Bitcoin price on December 2?","No",0.91,53484.404752,100,9.00,https://polymarket.com/event/bitcoin-price-on-december-2
2025-12-02, 11:08:00 a.m.,"Bitcoin price on December 2?","No",0.91,53484.404752,100,9.00,https://polymarket.com/event/bitcoin-price-on-december-2
2025-12-02, 11:08:00 a.m.,"Bitcoin price on December 2?","No",0.91,53484.404752,100,9.00,https://polymarket.com/event/bitcoin-price-on-december-2
2025-12-02, 11:08:00 a.m.,"Bitcoin price on December 2?","No",0.91,53484.404752,100,9.00,https://polymarket.com/event/bitcoin-price-on-december-2
2025-12-02, 11:08:00 a.m.,"Bitcoin price on December 2?","No",0.91,53484.404752,100,9.00,https://polymarket.com/event/bitcoin-price-on-december-2
2025-12-02, 11:08:00 a.m.,"Bitcoin price on December 2?","No",0.91,53484.404752,100,9.00,https://polymarket.com/event/bitcoin-price-on-december-2
2025-12-02, 11:08:00 a.m.,"Bitcoin price on December 2?","No",0.91,53484.404752,100,9.00,https://polymarket.com/event/bitcoin-price-on-december-2
2025-12-02, 11:08:00 a.m.,"Bitcoin price on December 2?","No",0.91,53484.404752,100,9.00,https://polymarket.com/event/bitcoin-price-on-december-2
2025-12-02, 11:08:00 a.m.,"Bitcoin price on December 2?","No",0.91,53484.404752,100,9.00,https://polymarket.com/event/bitcoin-price-on-december-2
2025-12-02, 11:08:00 a.m.,"Bitcoin price on December 2?","No",0.91,53484.404752,100,9.00,https://polymarket.com/event/bitcoin-price-on-december-2
2025-12-02, 11:08:00 a.m.,"Bitcoin price on December 2?","No",0.91,53484.404752,100,9.00,https://polymarket.com/event/bitcoin-price-on-december-2
2025-12-02, 11:08:04 a.m.,"Bitcoin above ___ on December 2?","Yes",0.925,557037.352866,100,7.50,https://polymarket.com/event/bitcoin-above-on-december-2
2025-12-02, 11:08:04 a.m.,"Bitcoin above ___ on December 2?","Yes",0.925,557037.352866,100,7.50,https://polymarket.com/event/bitcoin-above-on-december-2
2025-12-02, 11:08:04 a.m.,"Bitcoin above ___ on December 2?","Yes",0.925,557037.352866,100,7.50,https://polymarket.com/event/bitcoin-above-on-december-2
2025-12-02, 11:08:04 a.m.,"Bitcoin above ___ on December 2?","Yes",0.925,557037.352866,100,7.50,https://polymarket.com/event/bitcoin-above-on-december-2
2025-12-02, 11:08:04 a.m.,"Bitcoin above ___ on December 2?","Yes",0.925,557037.352866,100,7.50,https://polymarket.com/event/bitcoin-above-on-december-2
2025-12-02, 11:08:04 a.m.,"Bitcoin above ___ on December 2?","Yes",0.925,557037.352866,100,7.50,https://polymarket.com/event/bitcoin-above-on-december-2
2025-12-02, 11:08:04 a.m.,"Bitcoin above ___ on December 2?","Yes",0.925,557037.352866,100,7.50,https://polymarket.com/event/bitcoin-above-on-december-2
2025-12-02, 11:08:04 a.m.,"Bitcoin above ___ on December 2?","Yes",0.925,557037.352866,100,7.50,https://polymarket.com/event/bitcoin-above-on-december-2
2025-12-02, 11:08:04 a.m.,"Bitcoin above ___ on December 2?","Yes",0.925,557037.352866,100,7.50,https://polymarket.com/event/bitcoin-above-on-december-2
2025-12-02, 11:08:04 a.m.,"Bitcoin above ___ on December 2?","Yes",0.925,557037.352866,100,7.50,https://polymarket.com/event/bitcoin-above-on-december-2
2025-12-02, 11:08:04 a.m.,"Bitcoin above ___ on December 2?","Yes",0.925,557037.352866,100,7.50,https://polymarket.com/event/bitcoin-above-on-december-2
2025-12-02, 11:08:04 a.m.,"Bitcoin above ___ on December 2?","Yes",0.925,557037.352866,100,7.50,https://polymarket.com/event/bitcoin-above-on-december-2
2025-12-02, 11:08:04 a.m.,"Bitcoin above ___ on December 2?","Yes",0.925,557037.352866,100,7.50,https://polymarket.com/event/bitcoin-above-on-december-2
2025-12-02, 11:08:04 a.m.,"Bitcoin above ___ on December 2?","Yes",0.925,557037.352866,100,7.50,https://polymarket.com/event/bitcoin-above-on-december-2
2025-12-02, 11:08:04 a.m.,"Bitcoin above ___ on December 2?","Yes",0.925,557037.352866,100,7.50,https://polymarket.com/event/bitcoin-above-on-december-2
2025-12-02, 11:08:04 a.m.,"Bitcoin above ___ on December 2?","Yes",0.925,557037.352866,100,7.50,https://polymarket.com/event/bitcoin-above-on-december-2
2025-12-02, 11:08:04 a.m.,"Bitcoin above ___ on December 2?","Yes",0.925,557037.352866,100,7.50,https://polymarket.com/event/bitcoin-above-on-december-2
2025-12-02, 11:08:11 a.m.,"Bitcoin above ___ on December 2?","No",0.92,496051.287685,100,8.00,https://polymarket.com/event/bitcoin-above-on-december-2
2025-12-02, 11:08:11 a.m.,"Bitcoin above ___ on December 2?","No",0.92,496051.287685,100,8.00,https://polymarket.com/event/bitcoin-above-on-december-2
2025-12-02, 11:08:11 a.m.,"Bitcoin above ___ on December 2?","No",0.92,496051.287685,100,8.00,https://polymarket.com/event/bitcoin-above-on-december-2
2025-12-02, 11:08:11 a.m.,"Bitcoin above ___ on December 2?","No",0.92,496051.287685,100,8.00,https://polymarket.com/event/bitcoin-above-on-december-2
2025-12-02, 11:08:11 a.m.,"Bitcoin above ___ on December 2?","No",0.92,496051.287685,100,8.00,https://polymarket.com/event/bitcoin-above-on-december-2
2025-12-02, 11:08:11 a.m.,"Bitcoin above ___ on December 2?","No",0.92,496051.287685,100,8.00,https://polymarket.com/event/bitcoin-above-on-december-2
2025-12-02, 11:08:11 a.m.,"Bitcoin above ___ on December 2?","No",0.92,496051.287685,100,8.00,https://polymarket.com/event/bitcoin-above-on-december-2
2025-12-02, 11:08:11 a.m.,"Bitcoin above ___ on December 2?","No",0.92,496051.287685,100,8.00,https://polymarket.com/event/bitcoin-above-on-december-2
2025-12-02, 11:08:11 a.m.,"Bitcoin above ___ on December 2?","No",0.92,496051.287685,100,8.00,https://polymarket.com/event/bitcoin-above-on-december-2
2025-12-02, 11:08:11 a.m.,"Bitcoin above ___ on December 2?","No",0.92,496051.287685,100,8.00,https://polymarket.com/event/bitcoin-above-on-december-2
2025-12-02, 11:08:11 a.m.,"Bitcoin above ___ on December 2?","No",0.92,496051.287685,100,8.00,https://polymarket.com/event/bitcoin-above-on-december-2
2025-12-02, 11:08:11 a.m.,"Bitcoin above ___ on December 2?","No",0.92,496051.287685,100,8.00,https://polymarket.com/event/bitcoin-above-on-december-2
2025-12-02, 11:08:11 a.m.,"Bitcoin above ___ on December 2?","No",0.92,496051.287685,100,8.00,https://polymarket.com/event/bitcoin-above-on-december-2
2025-12-02, 11:08:11 a.m.,"Bitcoin above ___ on December 2?","No",0.92,496051.287685,100,8.00,https://polymarket.com/event/bitcoin-above-on-december-2
2025-12-02, 11:08:11 a.m.,"Bitcoin above ___ on December 2?","No",0.92,496051.287685,100,8.00,https://polymarket.com/event/bitcoin-above-on-december-2
2025-12-02, 11:08:11 a.m.,"Bitcoin above ___ on December 2?","No",0.92,496051.287685,100,8.00,https://polymarket.com/event/bitcoin-above-on-december-2
2025-12-02, 11:08:11 a.m.,"Bitcoin above ___ on December 2?","No",0.92,496051.287685,100,8.00,https://polymarket.com/event/bitcoin-above-on-december-2
2025-12-02, 11:08:45 a.m.,"Bitcoin price on December 2?","No",0.927,71470.978465,100,7.30,https://polymarket.com/event/bitcoin-price-on-december-2
2025-12-02, 11:08:45 a.m.,"Bitcoin price on December 2?","No",0.927,71470.978465,100,7.30,https://polymarket.com/event/bitcoin-price-on-december-2
2025-12-02, 11:08:45 a.m.,"Bitcoin price on December 2?","No",0.927,71470.978465,100,7.30,https://polymarket.com/event/bitcoin-price-on-december-2
2025-12-02, 11:08:45 a.m.,"Bitcoin price on December 2?","No",0.927,71470.978465,100,7.30,https://polymarket.com/event/bitcoin-price-on-december-2
2025-12-02, 11:08:45 a.m.,"Bitcoin price on December 2?","No",0.927,71470.978465,100,7.30,https://polymarket.com/event/bitcoin-price-on-december-2
2025-12-02, 11:08:45 a.m.,"Bitcoin price on December 2?","No",0.927,71470.978465,100,7.30,https://polymarket.com/event/bitcoin-price-on-december-2
2025-12-02, 11:08:45 a.m.,"Bitcoin price on December 2?","No",0.927,71470.978465,100,7.30,https://polymarket.com/event/bitcoin-price-on-december-2
2025-12-02, 11:08:45 a.m.,"Bitcoin price on December 2?","No",0.927,71470.978465,100,7.30,https://polymarket.com/event/bitcoin-price-on-december-2
2025-12-02, 11:08:45 a.m.,"Bitcoin price on December 2?","No",0.927,71470.978465,100,7.30,https://polymarket.com/event/bitcoin-price-on-december-2
2025-12-02, 11:08:45 a.m.,"Bitcoin price on December 2?","No",0.927,71470.978465,100,7.30,https://polymarket.com/event/bitcoin-price-on-december-2
2025-12-02, 11:08:45 a.m.,"Bitcoin price on December 2?","No",0.927,71470.978465,100,7.30,https://polymarket.com/event/bitcoin-price-on-december-2
2025-12-02, 11:08:45 a.m.,"Bitcoin price on December 2?","No",0.927,71470.978465,100,7.30,https://polymarket.com/event/bitcoin-price-on-december-2
2025-12-02, 11:08:45 a.m.,"Bitcoin price on December 2?","No",0.927,71470.978465,100,7.30,https://polymarket.com/event/bitcoin-price-on-december-2
2025-12-02, 11:08:45 a.m.,"Bitcoin price on December 2?","No",0.927,71470.978465,100,7.30,https://polymarket.com/event/bitcoin-price-on-december-2
2025-12-02, 11:08:45 a.m.,"Bitcoin price on December 2?","No",0.927,71470.978465,100,7.30,https://polymarket.com/event/bitcoin-price-on-december-2
2025-12-02, 11:08:45 a.m.,"Bitcoin price on December 2?","No",0.927,71470.978465,100,7.30,https://polymarket.com/event/bitcoin-price-on-december-2
2025-12-02, 11:08:45 a.m.,"Bitcoin price on December 2?","No",0.927,71470.978465,100,7.30,https://polymarket.com/event/bitcoin-price-on-december-2
2025-12-02, 11:09:03 a.m.,"Bitcoin price on December 2?","No",0.95,53484.404752,100,5.00,https://polymarket.com/event/bitcoin-price-on-december-2
2025-12-02, 11:09:03 a.m.,"Bitcoin price on December 2?","No",0.95,53484.404752,100,5.00,https://polymarket.com/event/bitcoin-price-on-december-2
2025-12-02, 11:09:03 a.m.,"Bitcoin price on December 2?","No",0.95,53484.404752,100,5.00,https://polymarket.com/event/bitcoin-price-on-december-2
2025-12-02, 11:09:03 a.m.,"Bitcoin price on December 2?","No",0.95,53484.404752,100,5.00,https://polymarket.com/event/bitcoin-price-on-december-2
2025-12-02, 11:09:03 a.m.,"Bitcoin price on December 2?","No",0.95,53484.404752,100,5.00,https://polymarket.com/event/bitcoin-price-on-december-2
2025-12-02, 11:09:03 a.m.,"Bitcoin price on December 2?","No",0.95,53484.404752,100,5.00,https://polymarket.com/event/bitcoin-price-on-december-2
2025-12-02, 11:09:03 a.m.,"Bitcoin price on December 2?","No",0.95,53484.404752,100,5.00,https://polymarket.com/event/bitcoin-price-on-december-2
2025-12-02, 11:09:03 a.m.,"Bitcoin price on December 2?","No",0.95,53484.404752,100,5.00,https://polymarket.com/event/bitcoin-price-on-december-2
2025-12-02, 11:09:03 a.m.,"Bitcoin price on December 2?","No",0.95,53484.404752,100,5.00,https://polymarket.com/event/bitcoin-price-on-december-2
2025-12-02, 11:09:03 a.m.,"Bitcoin price on December 2?","No",0.95,53484.404752,100,5.00,https://polymarket.com/event/bitcoin-price-on-december-2
2025-12-02, 11:09:03 a.m.,"Bitcoin price on December 2?","No",0.95,53484.404752,100,5.00,https://polymarket.com/event/bitcoin-price-on-december-2
2025-12-02, 11:09:03 a.m.,"Bitcoin price on December 2?","No",0.95,53484.404752,100,5.00,https://polymarket.com/event/bitcoin-price-on-december-2
2025-12-02, 11:09:03 a.m.,"Bitcoin price on December 2?","No",0.95,53484.404752,100,5.00,https://polymarket.com/event/bitcoin-price-on-december-2
2025-12-02, 11:09:03 a.m.,"Bitcoin price on December 2?","No",0.95,53484.404752,100,5.00,https://polymarket.com/event/bitcoin-price-on-december-2
2025-12-02, 11:09:03 a.m.,"Bitcoin price on December 2?","No",0.95,53484.404752,100,5.00,https://polymarket.com/event/bitcoin-price-on-december-2
2025-12-02, 11:09:03 a.m.,"Bitcoin price on December 2?","No",0.95,53484.404752,100,5.00,https://polymarket.com/event/bitcoin-price-on-december-2
2025-12-02, 11:09:03 a.m.,"Bitcoin price on December 2?","No",0.95,53484.404752,100,5.00,https://polymarket.com/event/bitcoin-price-on-december-2
2025-12-02, 11:09:03 a.m.,"Bitcoin price on December 2?","No",0.95,53484.404752,100,5.00,https://polymarket.com/event/bitcoin-price-on-december-2
2025-12-02, 11:09:03 a.m.,"Bitcoin price on December 2?","No",0.95,53484.404752,100,5.00,https://polymarket.com/event/bitcoin-price-on-december-2
2025-12-02, 11:09:03 a.m.,"Bitcoin price on December 2?","No",0.95,53484.404752,100,5.00,https://polymarket.com/event/bitcoin-price-on-december-2
2025-12-02, 11:09:03 a.m.,"Bitcoin price on December 2?","No",0.95,53484.404752,100,5.00,https://polymarket.com/event/bitcoin-price-on-december-2
2025-12-02, 11:09:03 a.m.,"Bitcoin price on December 2?","No",0.95,53484.404752,100,5.00,https://polymarket.com/event/bitcoin-price-on-december-2
2025-12-02, 11:09:03 a.m.,"Bitcoin price on December 2?","No",0.95,53484.404752,100,5.00,https://polymarket.com/event/bitcoin-price-on-december-2
2025-12-02, 11:09:03 a.m.,"Bitcoin price on December 2?","No",0.95,53484.404752,100,5.00,https://polymarket.com/event/bitcoin-price-on-december-2
2025-12-02, 11:09:03 a.m.,"Bitcoin price on December 2?","No",0.95,53484.404752,100,5.00,https://polymarket.com/event/bitcoin-price-on-december-2
2025-12-02, 11:09:03 a.m.,"Bitcoin price on December 2?","No",0.95,53484.404752,100,5.00,https://polymarket.com/event/bitcoin-price-on-december-2
2025-12-02, 11:09:03 a.m.,"Bitcoin price on December 2?","No",0.95,53484.404752,100,5.00,https://polymarket.com/event/bitcoin-price-on-december-2
2025-12-02, 11:09:03 a.m.,"Bitcoin price on December 2?","No",0.95,53484.404752,100,5.00,https://polymarket.com/event/bitcoin-price-on-december-2
2025-12-02, 11:09:03 a.m.,"Bitcoin price on December 2?","No",0.95,53484.404752,100,5.00,https://polymarket.com/event/bitcoin-price-on-december-2
2025-12-02, 11:09:03 a.m.,"Bitcoin price on December 2?","No",0.95,53484.404752,100,5.00,https://polymarket.com/event/bitcoin-price-on-december-2
2025-12-02, 11:09:03 a.m.,"Bitcoin price on December 2?","No",0.95,53484.404752,100,5.00,https://polymarket.com/event/bitcoin-price-on-december-2
2025-12-02, 11:09:03 a.m.,"Bitcoin price on December 2?","No",0.95,53484.404752,100,5.00,https://polymarket.com/event/bitcoin-price-on-december-2
2025-12-02, 11:09:03 a.m.,"Bitcoin price on December 2?","No",0.95,53484.404752,100,5.00,https://polymarket.com/event/bitcoin-price-on-december-2
2025-12-02, 11:09:03 a.m.,"Bitcoin price on December 2?","No",0.95,53484.404752,100,5.00,https://polymarket.com/event/bitcoin-price-on-december-2
2025-12-02, 11:09:32 a.m.,"Ethereum above ___ on December 2?","Yes",0.967,268325.793715,100,3.30,https://polymarket.com/event/ethereum-above-on-december-2
2025-12-02, 11:09:32 a.m.,"Ethereum above ___ on December 2?","Yes",0.967,268325.793715,100,3.30,https://polymarket.com/event/ethereum-above-on-december-2
2025-12-02, 11:09:32 a.m.,"Ethereum above ___ on December 2?","Yes",0.967,268325.793715,100,3.30,https://polymarket.com/event/ethereum-above-on-december-2
2025-12-02, 11:09:32 a.m.,"Ethereum above ___ on December 2?","Yes",0.967,268325.793715,100,3.30,https://polymarket.com/event/ethereum-above-on-december-2
2025-12-02, 11:09:32 a.m.,"Ethereum above ___ on December 2?","Yes",0.967,268325.793715,100,3.30,https://polymarket.com/event/ethereum-above-on-december-2
2025-12-02, 11:09:32 a.m.,"Ethereum above ___ on December 2?","Yes",0.967,268325.793715,100,3.30,https://polymarket.com/event/ethereum-above-on-december-2
2025-12-02, 11:09:32 a.m.,"Ethereum above ___ on December 2?","Yes",0.967,268325.793715,100,3.30,https://polymarket.com/event/ethereum-above-on-december-2
2025-12-02, 11:09:32 a.m.,"Ethereum above ___ on December 2?","Yes",0.967,268325.793715,100,3.30,https://polymarket.com/event/ethereum-above-on-december-2
2025-12-02, 11:09:32 a.m.,"Ethereum above ___ on December 2?","Yes",0.967,268325.793715,100,3.30,https://polymarket.com/event/ethereum-above-on-december-2
2025-12-02, 11:09:32 a.m.,"Ethereum above ___ on December 2?","Yes",0.967,268325.793715,100,3.30,https://polymarket.com/event/ethereum-above-on-december-2
2025-12-02, 11:09:32 a.m.,"Ethereum above ___ on December 2?","Yes",0.967,268325.793715,100,3.30,https://polymarket.com/event/ethereum-above-on-december-2
2025-12-02, 11:09:32 a.m.,"Ethereum above ___ on December 2?","Yes",0.967,268325.793715,100,3.30,https://polymarket.com/event/ethereum-above-on-december-2
2025-12-02, 11:09:32 a.m.,"Ethereum above ___ on December 2?","Yes",0.967,268325.793715,100,3.30,https://polymarket.com/event/ethereum-above-on-december-2
2025-12-02, 11:09:32 a.m.,"Ethereum above ___ on December 2?","Yes",0.967,268325.793715,100,3.30,https://polymarket.com/event/ethereum-above-on-december-2
2025-12-02, 11:09:32 a.m.,"Ethereum above ___ on December 2?","Yes",0.967,268325.793715,100,3.30,https://polymarket.com/event/ethereum-above-on-december-2
2025-12-02, 11:09:32 a.m.,"Ethereum above ___ on December 2?","Yes",0.967,268325.793715,100,3.30,https://polymarket.com/event/ethereum-above-on-december-2
2025-12-02, 11:09:32 a.m.,"Ethereum above ___ on December 2?","Yes",0.967,268325.793715,100,3.30,https://polymarket.com/event/ethereum-above-on-december-2
2025-12-02, 11:09:40 a.m.,"Bitcoin above ___ on December 2?","Yes",0.938,557037.352866,100,6.20,https://polymarket.com/event/bitcoin-above-on-december-2
2025-12-02, 11:09:40 a.m.,"Bitcoin above ___ on December 2?","Yes",0.938,557037.352866,100,6.20,https://polymarket.com/event/bitcoin-above-on-december-2
2025-12-02, 11:09:40 a.m.,"Bitcoin above ___ on December 2?","Yes",0.938,557037.352866,100,6.20,https://polymarket.com/event/bitcoin-above-on-december-2
2025-12-02, 11:09:40 a.m.,"Bitcoin above ___ on December 2?","Yes",0.938,557037.352866,100,6.20,https://polymarket.com/event/bitcoin-above-on-december-2
2025-12-02, 11:09:40 a.m.,"Bitcoin above ___ on December 2?","Yes",0.938,557037.352866,100,6.20,https://polymarket.com/event/bitcoin-above-on-december-2
2025-12-02, 11:09:40 a.m.,"Bitcoin above ___ on December 2?","Yes",0.938,557037.352866,100,6.20,https://polymarket.com/event/bitcoin-above-on-december-2
2025-12-02, 11:09:40 a.m.,"Bitcoin above ___ on December 2?","Yes",0.938,557037.352866,100,6.20,https://polymarket.com/event/bitcoin-above-on-december-2
2025-12-02, 11:09:40 a.m.,"Bitcoin above ___ on December 2?","Yes",0.938,557037.352866,100,6.20,https://polymarket.com/event/bitcoin-above-on-december-2
2025-12-02, 11:09:40 a.m.,"Bitcoin above ___ on December 2?","Yes",0.938,557037.352866,100,6.20,https://polymarket.com/event/bitcoin-above-on-december-2
2025-12-02, 11:09:40 a.m.,"Bitcoin above ___ on December 2?","Yes",0.938,557037.352866,100,6.20,https://polymarket.com/event/bitcoin-above-on-december-2
2025-12-02, 11:09:40 a.m.,"Bitcoin above ___ on December 2?","Yes",0.938,557037.352866,100,6.20,https://polymarket.com/event/bitcoin-above-on-december-2
2025-12-02, 11:09:40 a.m.,"Bitcoin above ___ on December 2?","Yes",0.938,557037.352866,100,6.20,https://polymarket.com/event/bitcoin-above-on-december-2
2025-12-02, 11:09:40 a.m.,"Bitcoin above ___ on December 2?","Yes",0.938,557037.352866,100,6.20,https://polymarket.com/event/bitcoin-above-on-december-2
2025-12-02, 11:09:40 a.m.,"Bitcoin above ___ on December 2?","Yes",0.938,557037.352866,100,6.20,https://polymarket.com/event/bitcoin-above-on-december-2
2025-12-02, 11:09:40 a.m.,"Bitcoin above ___ on December 2?","Yes",0.938,557037.352866,100,6.20,https://polymarket.com/event/bitcoin-above-on-december-2
2025-12-02, 11:09:40 a.m.,"Bitcoin above ___ on December 2?","Yes",0.938,557037.352866,100,6.20,https://polymarket.com/event/bitcoin-above-on-december-2
2025-12-02, 11:09:40 a.m.,"Bitcoin above ___ on December 2?","Yes",0.938,557037.352866,100,6.20,https://polymarket.com/event/bitcoin-above-on-december-2
2025-12-02, 11:09:57 a.m.,"Bitcoin above ___ on December 2?","No",0.911,496051.287685,100,8.90,https://polymarket.com/event/bitcoin-above-on-december-2
2025-12-02, 11:09:57 a.m.,"Bitcoin above ___ on December 2?","No",0.911,496051.287685,100,8.90,https://polymarket.com/event/bitcoin-above-on-december-2
2025-12-02, 11:09:57 a.m.,"Bitcoin above ___ on December 2?","No",0.911,496051.287685,100,8.90,https://polymarket.com/event/bitcoin-above-on-december-2
2025-12-02, 11:09:57 a.m.,"Bitcoin above ___ on December 2?","No",0.911,496051.287685,100,8.90,https://polymarket.com/event/bitcoin-above-on-december-2
2025-12-02, 11:09:57 a.m.,"Bitcoin above ___ on December 2?","No",0.911,496051.287685,100,8.90,https://polymarket.com/event/bitcoin-above-on-december-2
2025-12-02, 11:09:57 a.m.,"Bitcoin above ___ on December 2?","No",0.911,496051.287685,100,8.90,https://polymarket.com/event/bitcoin-above-on-december-2
2025-12-02, 11:09:57 a.m.,"Bitcoin above ___ on December 2?","No",0.911,496051.287685,100,8.90,https://polymarket.com/event/bitcoin-above-on-december-2
2025-12-02, 11:09:57 a.m.,"Bitcoin above ___ on December 2?","No",0.911,496051.287685,100,8.90,https://polymarket.com/event/bitcoin-above-on-december-2
2025-12-02, 11:09:57 a.m.,"Bitcoin above ___ on December 2?","No",0.911,496051.287685,100,8.90,https://polymarket.com/event/bitcoin-above-on-december-2
2025-12-02, 11:09:57 a.m.,"Bitcoin above ___ on December 2?","No",0.911,496051.287685,100,8.90,https://polymarket.com/event/bitcoin-above-on-december-2
2025-12-02, 11:09:57 a.m.,"Bitcoin above ___ on December 2?","No",0.911,496051.287685,100,8.90,https://polymarket.com/event/bitcoin-above-on-december-2
2025-12-02, 11:09:57 a.m.,"Bitcoin above ___ on December 2?","No",0.911,496051.287685,100,8.90,https://polymarket.com/event/bitcoin-above-on-december-2
2025-12-02, 11:09:57 a.m.,"Bitcoin above ___ on December 2?","No",0.911,496051.287685,100,8.90,https://polymarket.com/event/bitcoin-above-on-december-2
2025-12-02, 11:09:57 a.m.,"Bitcoin above ___ on December 2?","No",0.911,496051.287685,100,8.90,https://polymarket.com/event/bitcoin-above-on-december-2
2025-12-02, 11:09:57 a.m.,"Bitcoin above ___ on December 2?","No",0.911,496051.287685,100,8.90,https://polymarket.com/event/bitcoin-above-on-december-2
2025-12-02, 11:09:57 a.m.,"Bitcoin above ___ on December 2?","No",0.911,496051.287685,100,8.90,https://polymarket.com/event/bitcoin-above-on-december-2
2025-12-02, 11:09:57 a.m.,"Bitcoin above ___ on December 2?","No",0.911,496051.287685,100,8.90,https://polymarket.com/event/bitcoin-above-on-december-2
2025-12-02, 11:10:03 a.m.,"Bitcoin above ___ on December 2?","No",0.911,496051.287685,100,8.90,https://polymarket.com/event/bitcoin-above-on-december-2
2025-12-02, 11:10:03 a.m.,"Bitcoin above ___ on December 2?","No",0.911,496051.287685,100,8.90,https://polymarket.com/event/bitcoin-above-on-december-2
2025-12-02, 11:10:03 a.m.,"Bitcoin above ___ on December 2?","No",0.911,496051.287685,100,8.90,https://polymarket.com/event/bitcoin-above-on-december-2
2025-12-02, 11:10:03 a.m.,"Bitcoin above ___ on December 2?","No",0.911,496051.287685,100,8.90,https://polymarket.com/event/bitcoin-above-on-december-2
2025-12-02, 11:10:03 a.m.,"Bitcoin above ___ on December 2?","No",0.911,496051.287685,100,8.90,https://polymarket.com/event/bitcoin-above-on-december-2
2025-12-02, 11:10:03 a.m.,"Bitcoin above ___ on December 2?","No",0.911,496051.287685,100,8.90,https://polymarket.com/event/bitcoin-above-on-december-2
2025-12-02, 11:10:03 a.m.,"Bitcoin above ___ on December 2?","No",0.911,496051.287685,100,8.90,https://polymarket.com/event/bitcoin-above-on-december-2
2025-12-02, 11:10:03 a.m.,"Bitcoin above ___ on December 2?","No",0.911,496051.287685,100,8.90,https://polymarket.com/event/bitcoin-above-on-december-2
2025-12-02, 11:10:03 a.m.,"Bitcoin above ___ on December 2?","No",0.911,496051.287685,100,8.90,https://polymarket.com/event/bitcoin-above-on-december-2
2025-12-02, 11:10:03 a.m.,"Bitcoin above ___ on December 2?","No",0.911,496051.287685,100,8.90,https://polymarket.com/event/bitcoin-above-on-december-2
2025-12-02, 11:10:03 a.m.,"Bitcoin above ___ on December 2?","No",0.911,496051.287685,100,8.90,https://polymarket.com/event/bitcoin-above-on-december-2
2025-12-02, 11:10:03 a.m.,"Bitcoin above ___ on December 2?","No",0.911,496051.287685,100,8.90,https://polymarket.com/event/bitcoin-above-on-december-2
2025-12-02, 11:10:03 a.m.,"Bitcoin above ___ on December 2?","No",0.911,496051.287685,100,8.90,https://polymarket.com/event/bitcoin-above-on-december-2
2025-12-02, 11:10:03 a.m.,"Bitcoin above ___ on December 2?","No",0.911,496051.287685,100,8.90,https://polymarket.com/event/bitcoin-above-on-december-2
2025-12-02, 11:10:03 a.m.,"Bitcoin above ___ on December 2?","No",0.911,496051.287685,100,8.90,https://polymarket.com/event/bitcoin-above-on-december-2
2025-12-02, 11:10:03 a.m.,"Bitcoin above ___ on December 2?","No",0.911,496051.287685,100,8.90,https://polymarket.com/event/bitcoin-above-on-december-2
2025-12-02, 11:10:04 a.m.,"Bitcoin above ___ on December 2?","No",0.911,496051.287685,100,8.90,https://polymarket.com/event/bitcoin-above-on-december-2
2025-12-02, 11:10:12 a.m.,"Bitcoin above ___ on December 2?","Yes",0.92,557037.352866,100,8.00,https://polymarket.com/event/bitcoin-above-on-december-2
2025-12-02, 11:10:12 a.m.,"Bitcoin above ___ on December 2?","Yes",0.92,557037.352866,100,8.00,https://polymarket.com/event/bitcoin-above-on-december-2
2025-12-02, 11:10:12 a.m.,"Bitcoin above ___ on December 2?","Yes",0.92,557037.352866,100,8.00,https://polymarket.com/event/bitcoin-above-on-december-2
2025-12-02, 11:10:12 a.m.,"Bitcoin above ___ on December 2?","Yes",0.92,557037.352866,100,8.00,https://polymarket.com/event/bitcoin-above-on-december-2
2025-12-02, 11:10:12 a.m.,"Bitcoin above ___ on December 2?","Yes",0.92,557037.352866,100,8.00,https://polymarket.com/event/bitcoin-above-on-december-2
2025-12-02, 11:10:12 a.m.,"Bitcoin above ___ on December 2?","Yes",0.92,557037.352866,100,8.00,https://polymarket.com/event/bitcoin-above-on-december-2
2025-12-02, 11:10:12 a.m.,"Bitcoin above ___ on December 2?","Yes",0.92,557037.352866,100,8.00,https://polymarket.com/event/bitcoin-above-on-december-2
2025-12-02, 11:10:12 a.m.,"Bitcoin above ___ on December 2?","Yes",0.92,557037.352866,100,8.00,https://polymarket.com/event/bitcoin-above-on-december-2
2025-12-02, 11:10:12 a.m.,"Bitcoin above ___ on December 2?","Yes",0.92,557037.352866,100,8.00,https://polymarket.com/event/bitcoin-above-on-december-2
2025-12-02, 11:10:12 a.m.,"Bitcoin above ___ on December 2?","Yes",0.92,557037.352866,100,8.00,https://polymarket.com/event/bitcoin-above-on-december-2
2025-12-02, 11:10:12 a.m.,"Bitcoin above ___ on December 2?","Yes",0.92,557037.352866,100,8.00,https://polymarket.com/event/bitcoin-above-on-december-2
2025-12-02, 11:10:12 a.m.,"Bitcoin above ___ on December 2?","Yes",0.92,557037.352866,100,8.00,https://polymarket.com/event/bitcoin-above-on-december-2
2025-12-02, 11:10:12 a.m.,"Bitcoin above ___ on December 2?","Yes",0.92,557037.352866,100,8.00,https://polymarket.com/event/bitcoin-above-on-december-2
2025-12-02, 11:10:12 a.m.,"Bitcoin above ___ on December 2?","Yes",0.92,557037.352866,100,8.00,https://polymarket.com/event/bitcoin-above-on-december-2
2025-12-02, 11:10:12 a.m.,"Bitcoin above ___ on December 2?","Yes",0.92,557037.352866,100,8.00,https://polymarket.com/event/bitcoin-above-on-december-2
2025-12-02, 11:10:12 a.m.,"Bitcoin above ___ on December 2?","Yes",0.92,557037.352866,100,8.00,https://polymarket.com/event/bitcoin-above-on-december-2
2025-12-02, 11:10:12 a.m.,"Bitcoin above ___ on December 2?","Yes",0.92,557037.352866,100,8.00,https://polymarket.com/event/bitcoin-above-on-december-2
2025-12-02, 11:10:16 a.m.,"Bitcoin price on December 2?","No",0.936,71470.978465,100,6.40,https://polymarket.com/event/bitcoin-price-on-december-2
2025-12-02, 11:10:16 a.m.,"Bitcoin price on December 2?","No",0.936,71470.978465,100,6.40,https://polymarket.com/event/bitcoin-price-on-december-2
2025-12-02, 11:10:16 a.m.,"Bitcoin price on December 2?","No",0.936,71470.978465,100,6.40,https://polymarket.com/event/bitcoin-price-on-december-2
2025-12-02, 11:10:16 a.m.,"Bitcoin price on December 2?","No",0.936,71470.978465,100,6.40,https://polymarket.com/event/bitcoin-price-on-december-2
2025-12-02, 11:10:16 a.m.,"Bitcoin price on December 2?","No",0.936,71470.978465,100,6.40,https://polymarket.com/event/bitcoin-price-on-december-2
2025-12-02, 11:10:16 a.m.,"Bitcoin price on December 2?","No",0.936,71470.978465,100,6.40,https://polymarket.com/event/bitcoin-price-on-december-2
2025-12-02, 11:10:16 a.m.,"Bitcoin price on December 2?","No",0.936,71470.978465,100,6.40,https://polymarket.com/event/bitcoin-price-on-december-2
2025-12-02, 11:10:16 a.m.,"Bitcoin price on December 2?","No",0.936,71470.978465,100,6.40,https://polymarket.com/event/bitcoin-price-on-december-2
2025-12-02, 11:10:16 a.m.,"Bitcoin price on December 2?","No",0.936,71470.978465,100,6.40,https://polymarket.com/event/bitcoin-price-on-december-2
2025-12-02, 11:10:16 a.m.,"Bitcoin price on December 2?","No",0.936,71470.978465,100,6.40,https://polymarket.com/event/bitcoin-price-on-december-2
2025-12-02, 11:10:16 a.m.,"Bitcoin price on December 2?","No",0.936,71470.978465,100,6.40,https://polymarket.com/event/bitcoin-price-on-december-2
2025-12-02, 11:10:16 a.m.,"Bitcoin price on December 2?","No",0.936,71470.978465,100,6.40,https://polymarket.com/event/bitcoin-price-on-december-2
2025-12-02, 11:10:16 a.m.,"Bitcoin price on December 2?","No",0.936,71470.978465,100,6.40,https://polymarket.com/event/bitcoin-price-on-december-2
2025-12-02, 11:10:16 a.m.,"Bitcoin price on December 2?","No",0.936,71470.978465,100,6.40,https://polymarket.com/event/bitcoin-price-on-december-2
2025-12-02, 11:10:16 a.m.,"Bitcoin price on December 2?","No",0.936,71470.978465,100,6.40,https://polymarket.com/event/bitcoin-price-on-december-2
2025-12-02, 11:10:16 a.m.,"Bitcoin price on December 2?","No",0.936,71470.978465,100,6.40,https://polymarket.com/event/bitcoin-price-on-december-2
2025-12-02, 11:10:16 a.m.,"Bitcoin price on December 2?","No",0.936,71470.978465,100,6.40,https://polymarket.com/event/bitcoin-price-on-december-2
2025-12-02, 11:10:37 a.m.,"Bitcoin price on December 2?","No",0.94,53484.404752,100,6.00,https://polymarket.com/event/bitcoin-price-on-december-2
2025-12-02, 11:10:37 a.m.,"Bitcoin price on December 2?","No",0.94,53484.404752,100,6.00,https://polymarket.com/event/bitcoin-price-on-december-2
2025-12-02, 11:10:37 a.m.,"Bitcoin price on December 2?","No",0.94,53484.404752,100,6.00,https://polymarket.com/event/bitcoin-price-on-december-2
2025-12-02, 11:10:37 a.m.,"Bitcoin price on December 2?","No",0.94,53484.404752,100,6.00,https://polymarket.com/event/bitcoin-price-on-december-2
2025-12-02, 11:10:37 a.m.,"Bitcoin price on December 2?","No",0.94,53484.404752,100,6.00,https://polymarket.com/event/bitcoin-price-on-december-2
2025-12-02, 11:10:37 a.m.,"Bitcoin price on December 2?","No",0.94,53484.404752,100,6.00,https://polymarket.com/event/bitcoin-price-on-december-2
2025-12-02, 11:10:37 a.m.,"Bitcoin price on December 2?","No",0.94,53484.404752,100,6.00,https://polymarket.com/event/bitcoin-price-on-december-2
2025-12-02, 11:10:37 a.m.,"Bitcoin price on December 2?","No",0.94,53484.404752,100,6.00,https://polymarket.com/event/bitcoin-price-on-december-2
2025-12-02, 11:10:37 a.m.,"Bitcoin price on December 2?","No",0.94,53484.404752,100,6.00,https://polymarket.com/event/bitcoin-price-on-december-2
2025-12-02, 11:10:37 a.m.,"Bitcoin price on December 2?","No",0.94,53484.404752,100,6.00,https://polymarket.com/event/bitcoin-price-on-december-2
2025-12-02, 11:10:37 a.m.,"Bitcoin price on December 2?","No",0.94,53484.404752,100,6.00,https://polymarket.com/event/bitcoin-price-on-december-2
2025-12-02, 11:10:37 a.m.,"Bitcoin price on December 2?","No",0.94,53484.404752,100,6.00,https://polymarket.com/event/bitcoin-price-on-december-2
2025-12-02, 11:10:37 a.m.,"Bitcoin price on December 2?","No",0.94,53484.404752,100,6.00,https://polymarket.com/event/bitcoin-price-on-december-2
2025-12-02, 11:10:37 a.m.,"Bitcoin price on December 2?","No",0.94,53484.404752,100,6.00,https://polymarket.com/event/bitcoin-price-on-december-2
2025-12-02, 11:10:37 a.m.,"Bitcoin price on December 2?","No",0.94,53484.404752,100,6.00,https://polymarket.com/event/bitcoin-price-on-december-2
2025-12-02, 11:10:37 a.m.,"Bitcoin price on December 2?","No",0.94,53484.404752,100,6.00,https://polymarket.com/event/bitcoin-price-on-december-2
2025-12-02, 11:10:37 a.m.,"Bitcoin price on December 2?","No",0.94,53484.404752,100,6.00,https://polymarket.com/event/bitcoin-price-on-december-2
2025-12-02, 11:11:01 a.m.,"Bitcoin above ___ on December 2?","No",0.919,496051.287685,100,8.10,https://polymarket.com/event/bitcoin-above-on-december-2
2025-12-02, 11:11:01 a.m.,"Bitcoin above ___ on December 2?","No",0.919,496051.287685,100,8.10,https://polymarket.com/event/bitcoin-above-on-december-2
2025-12-02, 11:11:01 a.m.,"Bitcoin above ___ on December 2?","No",0.919,496051.287685,100,8.10,https://polymarket.com/event/bitcoin-above-on-december-2
2025-12-02, 11:11:01 a.m.,"Bitcoin above ___ on December 2?","No",0.919,496051.287685,100,8.10,https://polymarket.com/event/bitcoin-above-on-december-2
2025-12-02, 11:11:01 a.m.,"Bitcoin above ___ on December 2?","No",0.919,496051.287685,100,8.10,https://polymarket.com/event/bitcoin-above-on-december-2
2025-12-02, 11:11:01 a.m.,"Bitcoin above ___ on December 2?","No",0.919,496051.287685,100,8.10,https://polymarket.com/event/bitcoin-above-on-december-2
2025-12-02, 11:11:01 a.m.,"Bitcoin above ___ on December 2?","No",0.919,496051.287685,100,8.10,https://polymarket.com/event/bitcoin-above-on-december-2
2025-12-02, 11:11:01 a.m.,"Bitcoin above ___ on December 2?","No",0.919,496051.287685,100,8.10,https://polymarket.com/event/bitcoin-above-on-december-2
2025-12-02, 11:11:01 a.m.,"Bitcoin above ___ on December 2?","No",0.919,496051.287685,100,8.10,https://polymarket.com/event/bitcoin-above-on-december-2
2025-12-02, 11:11:01 a.m.,"Bitcoin above ___ on December 2?","No",0.919,496051.287685,100,8.10,https://polymarket.com/event/bitcoin-above-on-december-2
2025-12-02, 11:11:01 a.m.,"Bitcoin above ___ on December 2?","No",0.919,496051.287685,100,8.10,https://polymarket.com/event/bitcoin-above-on-december-2
2025-12-02, 11:11:01 a.m.,"Bitcoin above ___ on December 2?","No",0.919,496051.287685,100,8.10,https://polymarket.com/event/bitcoin-above-on-december-2
2025-12-02, 11:11:01 a.m.,"Bitcoin above ___ on December 2?","No",0.919,496051.287685,100,8.10,https://polymarket.com/event/bitcoin-above-on-december-2
2025-12-02, 11:11:01 a.m.,"Bitcoin above ___ on December 2?","No",0.919,496051.287685,100,8.10,https://polymarket.com/event/bitcoin-above-on-december-2
2025-12-02, 11:11:01 a.m.,"Bitcoin above ___ on December 2?","No",0.919,496051.287685,100,8.10,https://polymarket.com/event/bitcoin-above-on-december-2
2025-12-02, 11:11:01 a.m.,"Bitcoin above ___ on December 2?","No",0.919,496051.287685,100,8.10,https://polymarket.com/event/bitcoin-above-on-december-2
2025-12-02, 11:11:01 a.m.,"Bitcoin above ___ on December 2?","No",0.919,496051.287685,100,8.10,https://polymarket.com/event/bitcoin-above-on-december-2
2025-12-02, 11:11:03 a.m.,"Bitcoin price on December 2?","No",0.93,53484.404752,100,7.00,https://polymarket.com/event/bitcoin-price-on-december-2
2025-12-02, 11:11:03 a.m.,"Bitcoin price on December 2?","No",0.93,53484.404752,100,7.00,https://polymarket.com/event/bitcoin-price-on-december-2
2025-12-02, 11:11:03 a.m.,"Bitcoin price on December 2?","No",0.93,53484.404752,100,7.00,https://polymarket.com/event/bitcoin-price-on-december-2
2025-12-02, 11:11:03 a.m.,"Bitcoin price on December 2?","No",0.93,53484.404752,100,7.00,https://polymarket.com/event/bitcoin-price-on-december-2
2025-12-02, 11:11:03 a.m.,"Bitcoin price on December 2?","No",0.93,53484.404752,100,7.00,https://polymarket.com/event/bitcoin-price-on-december-2
2025-12-02, 11:11:03 a.m.,"Bitcoin price on December 2?","No",0.93,53484.404752,100,7.00,https://polymarket.com/event/bitcoin-price-on-december-2
2025-12-02, 11:11:03 a.m.,"Bitcoin price on December 2?","No",0.93,53484.404752,100,7.00,https://polymarket.com/event/bitcoin-price-on-december-2
2025-12-02, 11:11:03 a.m.,"Bitcoin price on December 2?","No",0.93,53484.404752,100,7.00,https://polymarket.com/event/bitcoin-price-on-december-2
2025-12-02, 11:11:03 a.m.,"Bitcoin price on December 2?","No",0.93,53484.404752,100,7.00,https://polymarket.com/event/bitcoin-price-on-december-2
2025-12-02, 11:11:03 a.m.,"Bitcoin price on December 2?","No",0.93,53484.404752,100,7.00,https://polymarket.com/event/bitcoin-price-on-december-2
2025-12-02, 11:11:03 a.m.,"Bitcoin price on December 2?","No",0.93,53484.404752,100,7.00,https://polymarket.com/event/bitcoin-price-on-december-2
2025-12-02, 11:11:03 a.m.,"Bitcoin price on December 2?","No",0.93,53484.404752,100,7.00,https://polymarket.com/event/bitcoin-price-on-december-2
2025-12-02, 11:11:03 a.m.,"Bitcoin price on December 2?","No",0.93,53484.404752,100,7.00,https://polymarket.com/event/bitcoin-price-on-december-2
2025-12-02, 11:11:03 a.m.,"Bitcoin price on December 2?","No",0.93,53484.404752,100,7.00,https://polymarket.com/event/bitcoin-price-on-december-2
2025-12-02, 11:11:03 a.m.,"Bitcoin price on December 2?","No",0.93,53484.404752,100,7.00,https://polymarket.com/event/bitcoin-price-on-december-2
2025-12-02, 11:11:03 a.m.,"Bitcoin price on December 2?","No",0.93,53484.404752,100,7.00,https://polymarket.com/event/bitcoin-price-on-december-2
2025-12-02, 11:11:03 a.m.,"Bitcoin price on December 2?","No",0.93,53484.404752,100,7.00,https://polymarket.com/event/bitcoin-price-on-december-2
2025-12-02, 11:11:07 a.m.,"Bitcoin price on December 2?","No",0.936,71470.978465,100,6.40,https://polymarket.com/event/bitcoin-price-on-december-2
2025-12-02, 11:11:07 a.m.,"Bitcoin price on December 2?","No",0.936,71470.978465,100,6.40,https://polymarket.com/event/bitcoin-price-on-december-2
2025-12-02, 11:11:07 a.m.,"Bitcoin price on December 2?","No",0.936,71470.978465,100,6.40,https://polymarket.com/event/bitcoin-price-on-december-2
2025-12-02, 11:11:07 a.m.,"Bitcoin price on December 2?","No",0.936,71470.978465,100,6.40,https://polymarket.com/event/bitcoin-price-on-december-2
2025-12-02, 11:11:07 a.m.,"Bitcoin price on December 2?","No",0.936,71470.978465,100,6.40,https://polymarket.com/event/bitcoin-price-on-december-2
2025-12-02, 11:11:07 a.m.,"Bitcoin price on December 2?","No",0.936,71470.978465,100,6.40,https://polymarket.com/event/bitcoin-price-on-december-2
2025-12-02, 11:11:07 a.m.,"Bitcoin price on December 2?","No",0.936,71470.978465,100,6.40,https://polymarket.com/event/bitcoin-price-on-december-2
2025-12-02, 11:11:07 a.m.,"Bitcoin price on December 2?","No",0.936,71470.978465,100,6.40,https://polymarket.com/event/bitcoin-price-on-december-2
2025-12-02, 11:11:07 a.m.,"Bitcoin price on December 2?","No",0.936,71470.978465,100,6.40,https://polymarket.com/event/bitcoin-price-on-december-2
2025-12-02, 11:11:07 a.m.,"Bitcoin price on December 2?","No",0.936,71470.978465,100,6.40,https://polymarket.com/event/bitcoin-price-on-december-2
2025-12-02, 11:11:07 a.m.,"Bitcoin price on December 2?","No",0.936,71470.978465,100,6.40,https://polymarket.com/event/bitcoin-price-on-december-2
2025-12-02, 11:11:07 a.m.,"Bitcoin price on December 2?","No",0.936,71470.978465,100,6.40,https://polymarket.com/event/bitcoin-price-on-december-2
2025-12-02, 11:11:07 a.m.,"Bitcoin price on December 2?","No",0.936,71470.978465,100,6.40,https://polymarket.com/event/bitcoin-price-on-december-2
2025-12-02, 11:11:07 a.m.,"Bitcoin price on December 2?","No",0.936,71470.978465,100,6.40,https://polymarket.com/event/bitcoin-price-on-december-2
2025-12-02, 11:11:07 a.m.,"Bitcoin price on December 2?","No",0.936,71470.978465,100,6.40,https://polymarket.com/event/bitcoin-price-on-december-2
2025-12-02, 11:11:07 a.m.,"Bitcoin price on December 2?","No",0.936,71470.978465,100,6.40,https://polymarket.com/event/bitcoin-price-on-december-2
2025-12-02, 11:11:07 a.m.,"Bitcoin price on December 2?","No",0.936,71470.978465,100,6.40,https://polymarket.com/event/bitcoin-price-on-december-2
2025-12-02, 11:11:58 a.m.,"Ethereum above ___ on December 2?","No",0.97,123437.848212,100,3.00,https://polymarket.com/event/ethereum-above-on-december-2
2025-12-02, 11:11:58 a.m.,"Ethereum above ___ on December 2?","No",0.97,123437.848212,100,3.00,https://polymarket.com/event/ethereum-above-on-december-2
2025-12-02, 11:11:58 a.m.,"Ethereum above ___ on December 2?","No",0.97,123437.848212,100,3.00,https://polymarket.com/event/ethereum-above-on-december-2
2025-12-02, 11:11:58 a.m.,"Ethereum above ___ on December 2?","No",0.97,123437.848212,100,3.00,https://polymarket.com/event/ethereum-above-on-december-2
2025-12-02, 11:11:58 a.m.,"Ethereum above ___ on December 2?","No",0.97,123437.848212,100,3.00,https://polymarket.com/event/ethereum-above-on-december-2
2025-12-02, 11:11:58 a.m.,"Ethereum above ___ on December 2?","No",0.97,123437.848212,100,3.00,https://polymarket.com/event/ethereum-above-on-december-2
2025-12-02, 11:11:58 a.m.,"Ethereum above ___ on December 2?","No",0.97,123437.848212,100,3.00,https://polymarket.com/event/ethereum-above-on-december-2
2025-12-02, 11:11:58 a.m.,"Ethereum above ___ on December 2?","No",0.97,123437.848212,100,3.00,https://polymarket.com/event/ethereum-above-on-december-2
2025-12-02, 11:11:58 a.m.,"Ethereum above ___ on December 2?","No",0.97,123437.848212,100,3.00,https://polymarket.com/event/ethereum-above-on-december-2
2025-12-02, 11:11:58 a.m.,"Ethereum above ___ on December 2?","No",0.97,123437.848212,100,3.00,https://polymarket.com/event/ethereum-above-on-december-2
2025-12-02, 11:11:58 a.m.,"Ethereum above ___ on December 2?","No",0.97,123437.848212,100,3.00,https://polymarket.com/event/ethereum-above-on-december-2
2025-12-02, 11:11:58 a.m.,"Ethereum above ___ on December 2?","No",0.97,123437.848212,100,3.00,https://polymarket.com/event/ethereum-above-on-december-2
2025-12-02, 11:11:58 a.m.,"Ethereum above ___ on December 2?","No",0.97,123437.848212,100,3.00,https://polymarket.com/event/ethereum-above-on-december-2
2025-12-02, 11:11:58 a.m.,"Ethereum above ___ on December 2?","No",0.97,123437.848212,100,3.00,https://polymarket.com/event/ethereum-above-on-december-2
2025-12-02, 11:11:58 a.m.,"Ethereum above ___ on December 2?","No",0.97,123437.848212,100,3.00,https://polymarket.com/event/ethereum-above-on-december-2
2025-12-02, 11:11:58 a.m.,"Ethereum above ___ on December 2?","No",0.97,123437.848212,100,3.00,https://polymarket.com/event/ethereum-above-on-december-2
2025-12-02, 11:11:58 a.m.,"Ethereum above ___ on December 2?","No",0.97,123437.848212,100,3.00,https://polymarket.com/event/ethereum-above-on-december-2
2025-12-02, 11:11:58 a.m.,"Ethereum above ___ on December 2?","No",0.97,123437.848212,100,3.00,https://polymarket.com/event/ethereum-above-on-december-2
2025-12-02, 11:12:00 a.m.,"Bitcoin above ___ on December 2?","No",0.952,563800.721131,100,4.80,https://polymarket.com/event/bitcoin-above-on-december-2
2025-12-02, 11:12:00 a.m.,"Bitcoin above ___ on December 2?","No",0.952,563800.721131,100,4.80,https://polymarket.com/event/bitcoin-above-on-december-2
2025-12-02, 11:12:00 a.m.,"Bitcoin above ___ on December 2?","No",0.952,563800.721131,100,4.80,https://polymarket.com/event/bitcoin-above-on-december-2
2025-12-02, 11:12:00 a.m.,"Bitcoin above ___ on December 2?","No",0.952,563800.721131,100,4.80,https://polymarket.com/event/bitcoin-above-on-december-2
2025-12-02, 11:12:00 a.m.,"Bitcoin above ___ on December 2?","No",0.952,563800.721131,100,4.80,https://polymarket.com/event/bitcoin-above-on-december-2
2025-12-02, 11:12:00 a.m.,"Bitcoin above ___ on December 2?","No",0.952,563800.721131,100,4.80,https://polymarket.com/event/bitcoin-above-on-december-2
2025-12-02, 11:12:00 a.m.,"Bitcoin above ___ on December 2?","No",0.952,563800.721131,100,4.80,https://polymarket.com/event/bitcoin-above-on-december-2
2025-12-02, 11:12:00 a.m.,"Bitcoin above ___ on December 2?","No",0.952,563800.721131,100,4.80,https://polymarket.com/event/bitcoin-above-on-december-2
2025-12-02, 11:12:00 a.m.,"Bitcoin above ___ on December 2?","No",0.952,563800.721131,100,4.80,https://polymarket.com/event/bitcoin-above-on-december-2
2025-12-02, 11:12:00 a.m.,"Bitcoin above ___ on December 2?","No",0.952,563800.721131,100,4.80,https://polymarket.com/event/bitcoin-above-on-december-2
2025-12-02, 11:12:00 a.m.,"Bitcoin above ___ on December 2?","No",0.952,563800.721131,100,4.80,https://polymarket.com/event/bitcoin-above-on-december-2
2025-12-02, 11:12:00 a.m.,"Bitcoin above ___ on December 2?","No",0.952,563800.721131,100,4.80,https://polymarket.com/event/bitcoin-above-on-december-2
2025-12-02, 11:12:00 a.m.,"Bitcoin above ___ on December 2?","No",0.952,563800.721131,100,4.80,https://polymarket.com/event/bitcoin-above-on-december-2
2025-12-02, 11:12:00 a.m.,"Bitcoin above ___ on December 2?","No",0.952,563800.721131,100,4.80,https://polymarket.com/event/bitcoin-above-on-december-2
2025-12-02, 11:12:00 a.m.,"Bitcoin above ___ on December 2?","No",0.952,563800.721131,100,4.80,https://polymarket.com/event/bitcoin-above-on-december-2
2025-12-02, 11:12:00 a.m.,"Bitcoin above ___ on December 2?","No",0.952,563800.721131,100,4.80,https://polymarket.com/event/bitcoin-above-on-december-2
2025-12-02, 11:12:00 a.m.,"Bitcoin above ___ on December 2?","No",0.952,563800.721131,100,4.80,https://polymarket.com/event/bitcoin-above-on-december-2
2025-12-02, 11:12:00 a.m.,"Bitcoin above ___ on December 2?","No",0.952,563800.721131,100,4.80,https://polymarket.com/event/bitcoin-above-on-december-2
2025-12-02, 11:12:21 a.m.,"Bitcoin price on December 2?","No",0.95,56785.445746,100,5.00,https://polymarket.com/event/bitcoin-price-on-december-2
2025-12-02, 11:12:21 a.m.,"Bitcoin price on December 2?","No",0.95,56785.445746,100,5.00,https://polymarket.com/event/bitcoin-price-on-december-2
2025-12-02, 11:12:21 a.m.,"Bitcoin price on December 2?","No",0.95,56785.445746,100,5.00,https://polymarket.com/event/bitcoin-price-on-december-2
2025-12-02, 11:12:21 a.m.,"Bitcoin price on December 2?","No",0.95,56785.445746,100,5.00,https://polymarket.com/event/bitcoin-price-on-december-2
2025-12-02, 11:12:21 a.m.,"Bitcoin price on December 2?","No",0.95,56785.445746,100,5.00,https://polymarket.com/event/bitcoin-price-on-december-2
2025-12-02, 11:12:21 a.m.,"Bitcoin price on December 2?","No",0.95,56785.445746,100,5.00,https://polymarket.com/event/bitcoin-price-on-december-2
2025-12-02, 11:12:21 a.m.,"Bitcoin price on December 2?","No",0.95,56785.445746,100,5.00,https://polymarket.com/event/bitcoin-price-on-december-2
2025-12-02, 11:12:21 a.m.,"Bitcoin price on December 2?","No",0.95,56785.445746,100,5.00,https://polymarket.com/event/bitcoin-price-on-december-2
2025-12-02, 11:12:21 a.m.,"Bitcoin price on December 2?","No",0.95,56785.445746,100,5.00,https://polymarket.com/event/bitcoin-price-on-december-2
2025-12-02, 11:12:21 a.m.,"Bitcoin price on December 2?","No",0.95,56785.445746,100,5.00,https://polymarket.com/event/bitcoin-price-on-december-2
2025-12-02, 11:12:21 a.m.,"Bitcoin price on December 2?","No",0.95,56785.445746,100,5.00,https://polymarket.com/event/bitcoin-price-on-december-2
2025-12-02, 11:12:21 a.m.,"Bitcoin price on December 2?","No",0.95,56785.445746,100,5.00,https://polymarket.com/event/bitcoin-price-on-december-2
2025-12-02, 11:12:21 a.m.,"Bitcoin price on December 2?","No",0.95,56785.445746,100,5.00,https://polymarket.com/event/bitcoin-price-on-december-2
2025-12-02, 11:12:21 a.m.,"Bitcoin price on December 2?","No",0.95,56785.445746,100,5.00,https://polymarket.com/event/bitcoin-price-on-december-2
2025-12-02, 11:12:21 a.m.,"Bitcoin price on December 2?","No",0.95,56785.445746,100,5.00,https://polymarket.com/event/bitcoin-price-on-december-2
2025-12-02, 11:12:21 a.m.,"Bitcoin price on December 2?","No",0.95,56785.445746,100,5.00,https://polymarket.com/event/bitcoin-price-on-december-2
2025-12-02, 11:12:21 a.m.,"Bitcoin price on December 2?","No",0.95,56785.445746,100,5.00,https://polymarket.com/event/bitcoin-price-on-december-2
2025-12-02, 11:12:21 a.m.,"Bitcoin price on December 2?","No",0.95,56785.445746,100,5.00,https://polymarket.com/event/bitcoin-price-on-december-2
2025-12-02, 11:12:29 a.m.,"Bitcoin above ___ on December 2?","Yes",0.942,619948.932711,100,5.80,https://polymarket.com/event/bitcoin-above-on-december-2
2025-12-02, 11:12:29 a.m.,"Bitcoin above ___ on December 2?","Yes",0.942,619948.932711,100,5.80,https://polymarket.com/event/bitcoin-above-on-december-2
2025-12-02, 11:12:29 a.m.,"Bitcoin above ___ on December 2?","Yes",0.942,619948.932711,100,5.80,https://polymarket.com/event/bitcoin-above-on-december-2
2025-12-02, 11:12:29 a.m.,"Bitcoin above ___ on December 2?","Yes",0.942,619948.932711,100,5.80,https://polymarket.com/event/bitcoin-above-on-december-2
2025-12-02, 11:12:29 a.m.,"Bitcoin above ___ on December 2?","Yes",0.942,619948.932711,100,5.80,https://polymarket.com/event/bitcoin-above-on-december-2
2025-12-02, 11:12:29 a.m.,"Bitcoin above ___ on December 2?","Yes",0.942,619948.932711,100,5.80,https://polymarket.com/event/bitcoin-above-on-december-2
2025-12-02, 11:12:29 a.m.,"Bitcoin above ___ on December 2?","Yes",0.942,619948.932711,100,5.80,https://polymarket.com/event/bitcoin-above-on-december-2
2025-12-02, 11:12:29 a.m.,"Bitcoin above ___ on December 2?","Yes",0.942,619948.932711,100,5.80,https://polymarket.com/event/bitcoin-above-on-december-2
2025-12-02, 11:12:29 a.m.,"Bitcoin above ___ on December 2?","Yes",0.942,619948.932711,100,5.80,https://polymarket.com/event/bitcoin-above-on-december-2
2025-12-02, 11:12:29 a.m.,"Bitcoin above ___ on December 2?","Yes",0.942,619948.932711,100,5.80,https://polymarket.com/event/bitcoin-above-on-december-2
2025-12-02, 11:12:29 a.m.,"Bitcoin above ___ on December 2?","Yes",0.942,619948.932711,100,5.80,https://polymarket.com/event/bitcoin-above-on-december-2
2025-12-02, 11:12:29 a.m.,"Bitcoin above ___ on December 2?","Yes",0.942,619948.932711,100,5.80,https://polymarket.com/event/bitcoin-above-on-december-2
2025-12-02, 11:12:29 a.m.,"Bitcoin above ___ on December 2?","Yes",0.942,619948.932711,100,5.80,https://polymarket.com/event/bitcoin-above-on-december-2
2025-12-02, 11:12:29 a.m.,"Bitcoin above ___ on December 2?","Yes",0.942,619948.932711,100,5.80,https://polymarket.com/event/bitcoin-above-on-december-2
2025-12-02, 11:12:29 a.m.,"Bitcoin above ___ on December 2?","Yes",0.942,619948.932711,100,5.80,https://polymarket.com/event/bitcoin-above-on-december-2
2025-12-02, 11:12:29 a.m.,"Bitcoin above ___ on December 2?","Yes",0.942,619948.932711,100,5.80,https://polymarket.com/event/bitcoin-above-on-december-2
2025-12-02, 11:12:29 a.m.,"Bitcoin above ___ on December 2?","Yes",0.942,619948.932711,100,5.80,https://polymarket.com/event/bitcoin-above-on-december-2
2025-12-02, 11:12:29 a.m.,"Bitcoin above ___ on December 2?","Yes",0.942,619948.932711,100,5.80,https://polymarket.com/event/bitcoin-above-on-december-2
2025-12-02, 11:12:37 a.m.,"Ethereum above ___ on December 2?","No",0.97,123437.848212,100,3.00,https://polymarket.com/event/ethereum-above-on-december-2
2025-12-02, 11:12:37 a.m.,"Ethereum above ___ on December 2?","No",0.97,123437.848212,100,3.00,https://polymarket.com/event/ethereum-above-on-december-2
2025-12-02, 11:12:37 a.m.,"Ethereum above ___ on December 2?","No",0.97,123437.848212,100,3.00,https://polymarket.com/event/ethereum-above-on-december-2
2025-12-02, 11:12:37 a.m.,"Ethereum above ___ on December 2?","No",0.97,123437.848212,100,3.00,https://polymarket.com/event/ethereum-above-on-december-2
2025-12-02, 11:12:37 a.m.,"Ethereum above ___ on December 2?","No",0.97,123437.848212,100,3.00,https://polymarket.com/event/ethereum-above-on-december-2
2025-12-02, 11:12:37 a.m.,"Ethereum above ___ on December 2?","No",0.97,123437.848212,100,3.00,https://polymarket.com/event/ethereum-above-on-december-2
2025-12-02, 11:12:37 a.m.,"Ethereum above ___ on December 2?","No",0.97,123437.848212,100,3.00,https://polymarket.com/event/ethereum-above-on-december-2
2025-12-02, 11:12:37 a.m.,"Ethereum above ___ on December 2?","No",0.97,123437.848212,100,3.00,https://polymarket.com/event/ethereum-above-on-december-2
2025-12-02, 11:12:37 a.m.,"Ethereum above ___ on December 2?","No",0.97,123437.848212,100,3.00,https://polymarket.com/event/ethereum-above-on-december-2
2025-12-02, 11:12:37 a.m.,"Ethereum above ___ on December 2?","No",0.97,123437.848212,100,3.00,https://polymarket.com/event/ethereum-above-on-december-2
2025-12-02, 11:12:37 a.m.,"Ethereum above ___ on December 2?","No",0.97,123437.848212,100,3.00,https://polymarket.com/event/ethereum-above-on-december-2
2025-12-02, 11:12:37 a.m.,"Ethereum above ___ on December 2?","No",0.97,123437.848212,100,3.00,https://polymarket.com/event/ethereum-above-on-december-2
2025-12-02, 11:12:37 a.m.,"Ethereum above ___ on December 2?","No",0.97,123437.848212,100,3.00,https://polymarket.com/event/ethereum-above-on-december-2
2025-12-02, 11:12:37 a.m.,"Ethereum above ___ on December 2?","No",0.97,123437.848212,100,3.00,https://polymarket.com/event/ethereum-above-on-december-2
2025-12-02, 11:12:37 a.m.,"Ethereum above ___ on December 2?","No",0.97,123437.848212,100,3.00,https://polymarket.com/event/ethereum-above-on-december-2
2025-12-02, 11:12:37 a.m.,"Ethereum above ___ on December 2?","No",0.97,123437.848212,100,3.00,https://polymarket.com/event/ethereum-above-on-december-2
2025-12-02, 11:12:37 a.m.,"Ethereum above ___ on December 2?","No",0.97,123437.848212,100,3.00,https://polymarket.com/event/ethereum-above-on-december-2
2025-12-02, 11:12:37 a.m.,"Ethereum above ___ on December 2?","No",0.97,123437.848212,100,3.00,https://polymarket.com/event/ethereum-above-on-december-2
2025-12-02, 11:13:15 a.m.,"Ethereum above ___ on December 2?","Yes",0.977,275447.371661,100,2.30,https://polymarket.com/event/ethereum-above-on-december-2
2025-12-02, 11:13:15 a.m.,"Ethereum above ___ on December 2?","Yes",0.977,275447.371661,100,2.30,https://polymarket.com/event/ethereum-above-on-december-2
2025-12-02, 11:13:15 a.m.,"Ethereum above ___ on December 2?","Yes",0.977,275447.371661,100,2.30,https://polymarket.com/event/ethereum-above-on-december-2
2025-12-02, 11:13:15 a.m.,"Ethereum above ___ on December 2?","Yes",0.977,275447.371661,100,2.30,https://polymarket.com/event/ethereum-above-on-december-2
2025-12-02, 11:13:15 a.m.,"Ethereum above ___ on December 2?","Yes",0.977,275447.371661,100,2.30,https://polymarket.com/event/ethereum-above-on-december-2
2025-12-02, 11:13:15 a.m.,"Ethereum above ___ on December 2?","Yes",0.977,275447.371661,100,2.30,https://polymarket.com/event/ethereum-above-on-december-2
2025-12-02, 11:13:15 a.m.,"Ethereum above ___ on December 2?","Yes",0.977,275447.371661,100,2.30,https://polymarket.com/event/ethereum-above-on-december-2
2025-12-02, 11:13:15 a.m.,"Ethereum above ___ on December 2?","Yes",0.977,275447.371661,100,2.30,https://polymarket.com/event/ethereum-above-on-december-2
2025-12-02, 11:13:15 a.m.,"Ethereum above ___ on December 2?","Yes",0.977,275447.371661,100,2.30,https://polymarket.com/event/ethereum-above-on-december-2
2025-12-02, 11:13:15 a.m.,"Ethereum above ___ on December 2?","Yes",0.977,275447.371661,100,2.30,https://polymarket.com/event/ethereum-above-on-december-2
2025-12-02, 11:13:15 a.m.,"Ethereum above ___ on December 2?","Yes",0.977,275447.371661,100,2.30,https://polymarket.com/event/ethereum-above-on-december-2
2025-12-02, 11:13:15 a.m.,"Ethereum above ___ on December 2?","Yes",0.977,275447.371661,100,2.30,https://polymarket.com/event/ethereum-above-on-december-2
2025-12-02, 11:13:15 a.m.,"Ethereum above ___ on December 2?","Yes",0.977,275447.371661,100,2.30,https://polymarket.com/event/ethereum-above-on-december-2
2025-12-02, 11:13:15 a.m.,"Ethereum above ___ on December 2?","Yes",0.977,275447.371661,100,2.30,https://polymarket.com/event/ethereum-above-on-december-2
2025-12-02, 11:13:15 a.m.,"Ethereum above ___ on December 2?","Yes",0.977,275447.371661,100,2.30,https://polymarket.com/event/ethereum-above-on-december-2
2025-12-02, 11:13:15 a.m.,"Ethereum above ___ on December 2?","Yes",0.977,275447.371661,100,2.30,https://polymarket.com/event/ethereum-above-on-december-2
2025-12-02, 11:13:15 a.m.,"Ethereum above ___ on December 2?","Yes",0.977,275447.371661,100,2.30,https://polymarket.com/event/ethereum-above-on-december-2
2025-12-02, 11:13:17 a.m.,"Bitcoin price on December 2?","No",0.93,56785.445746,100,7.00,https://polymarket.com/event/bitcoin-price-on-december-2
2025-12-02, 11:13:17 a.m.,"Bitcoin price on December 2?","No",0.93,56785.445746,100,7.00,https://polymarket.com/event/bitcoin-price-on-december-2
2025-12-02, 11:13:17 a.m.,"Bitcoin price on December 2?","No",0.93,56785.445746,100,7.00,https://polymarket.com/event/bitcoin-price-on-december-2
2025-12-02, 11:13:17 a.m.,"Bitcoin price on December 2?","No",0.93,56785.445746,100,7.00,https://polymarket.com/event/bitcoin-price-on-december-2
2025-12-02, 11:13:17 a.m.,"Bitcoin price on December 2?","No",0.93,56785.445746,100,7.00,https://polymarket.com/event/bitcoin-price-on-december-2
2025-12-02, 11:13:17 a.m.,"Bitcoin price on December 2?","No",0.93,56785.445746,100,7.00,https://polymarket.com/event/bitcoin-price-on-december-2
2025-12-02, 11:13:17 a.m.,"Bitcoin price on December 2?","No",0.93,56785.445746,100,7.00,https://polymarket.com/event/bitcoin-price-on-december-2
2025-12-02, 11:13:17 a.m.,"Bitcoin price on December 2?","No",0.93,56785.445746,100,7.00,https://polymarket.com/event/bitcoin-price-on-december-2
2025-12-02, 11:13:17 a.m.,"Bitcoin price on December 2?","No",0.93,56785.445746,100,7.00,https://polymarket.com/event/bitcoin-price-on-december-2
2025-12-02, 11:13:17 a.m.,"Bitcoin price on December 2?","No",0.93,56785.445746,100,7.00,https://polymarket.com/event/bitcoin-price-on-december-2
2025-12-02, 11:13:17 a.m.,"Bitcoin price on December 2?","No",0.93,56785.445746,100,7.00,https://polymarket.com/event/bitcoin-price-on-december-2
2025-12-02, 11:13:17 a.m.,"Bitcoin price on December 2?","No",0.93,56785.445746,100,7.00,https://polymarket.com/event/bitcoin-price-on-december-2
2025-12-02, 11:13:17 a.m.,"Bitcoin price on December 2?","No",0.93,56785.445746,100,7.00,https://polymarket.com/event/bitcoin-price-on-december-2
2025-12-02, 11:13:17 a.m.,"Bitcoin price on December 2?","No",0.93,56785.445746,100,7.00,https://polymarket.com/event/bitcoin-price-on-december-2
2025-12-02, 11:13:17 a.m.,"Bitcoin price on December 2?","No",0.93,56785.445746,100,7.00,https://polymarket.com/event/bitcoin-price-on-december-2
2025-12-02, 11:13:17 a.m.,"Bitcoin price on December 2?","No",0.93,56785.445746,100,7.00,https://polymarket.com/event/bitcoin-price-on-december-2
2025-12-02, 11:13:17 a.m.,"Bitcoin price on December 2?","No",0.93,56785.445746,100,7.00,https://polymarket.com/event/bitcoin-price-on-december-2
2025-12-02, 11:13:19 a.m.,"Bitcoin price on December 2?","No",0.942,78873.851699,100,5.80,https://polymarket.com/event/bitcoin-price-on-december-2
2025-12-02, 11:13:19 a.m.,"Bitcoin price on December 2?","No",0.942,78873.851699,100,5.80,https://polymarket.com/event/bitcoin-price-on-december-2
2025-12-02, 11:13:19 a.m.,"Bitcoin price on December 2?","No",0.942,78873.851699,100,5.80,https://polymarket.com/event/bitcoin-price-on-december-2
2025-12-02, 11:13:19 a.m.,"Bitcoin price on December 2?","No",0.942,78873.851699,100,5.80,https://polymarket.com/event/bitcoin-price-on-december-2
2025-12-02, 11:13:19 a.m.,"Bitcoin price on December 2?","No",0.942,78873.851699,100,5.80,https://polymarket.com/event/bitcoin-price-on-december-2
2025-12-02, 11:13:19 a.m.,"Bitcoin price on December 2?","No",0.942,78873.851699,100,5.80,https://polymarket.com/event/bitcoin-price-on-december-2
2025-12-02, 11:13:19 a.m.,"Bitcoin price on December 2?","No",0.942,78873.851699,100,5.80,https://polymarket.com/event/bitcoin-price-on-december-2
2025-12-02, 11:13:19 a.m.,"Bitcoin price on December 2?","No",0.942,78873.851699,100,5.80,https://polymarket.com/event/bitcoin-price-on-december-2
2025-12-02, 11:13:20 a.m.,"Bitcoin price on December 2?","No",0.942,78873.851699,100,5.80,https://polymarket.com/event/bitcoin-price-on-december-2
2025-12-02, 11:13:20 a.m.,"Bitcoin price on December 2?","No",0.942,78873.851699,100,5.80,https://polymarket.com/event/bitcoin-price-on-december-2
2025-12-02, 11:13:20 a.m.,"Bitcoin price on December 2?","No",0.942,78873.851699,100,5.80,https://polymarket.com/event/bitcoin-price-on-december-2
2025-12-02, 11:13:20 a.m.,"Bitcoin price on December 2?","No",0.942,78873.851699,100,5.80,https://polymarket.com/event/bitcoin-price-on-december-2
2025-12-02, 11:13:20 a.m.,"Bitcoin price on December 2?","No",0.942,78873.851699,100,5.80,https://polymarket.com/event/bitcoin-price-on-december-2
2025-12-02, 11:13:20 a.m.,"Bitcoin price on December 2?","No",0.942,78873.851699,100,5.80,https://polymarket.com/event/bitcoin-price-on-december-2
2025-12-02, 11:13:20 a.m.,"Bitcoin price on December 2?","No",0.942,78873.851699,100,5.80,https://polymarket.com/event/bitcoin-price-on-december-2
2025-12-02, 11:13:20 a.m.,"Bitcoin price on December 2?","No",0.942,78873.851699,100,5.80,https://polymarket.com/event/bitcoin-price-on-december-2
2025-12-02, 11:13:20 a.m.,"Bitcoin price on December 2?","No",0.942,78873.851699,100,5.80,https://polymarket.com/event/bitcoin-price-on-december-2
2025-12-02, 11:13:20 a.m.,"Bitcoin price on December 2?","No",0.942,78873.851699,100,5.80,https://polymarket.com/event/bitcoin-price-on-december-2
2025-12-02, 11:13:22 a.m.,"Bitcoin above ___ on December 2?","Yes",0.93,619948.932711,100,7.00,https://polymarket.com/event/bitcoin-above-on-december-2
2025-12-02, 11:13:22 a.m.,"Bitcoin above ___ on December 2?","Yes",0.93,619948.932711,100,7.00,https://polymarket.com/event/bitcoin-above-on-december-2
2025-12-02, 11:13:22 a.m.,"Bitcoin above ___ on December 2?","Yes",0.93,619948.932711,100,7.00,https://polymarket.com/event/bitcoin-above-on-december-2
2025-12-02, 11:13:22 a.m.,"Bitcoin above ___ on December 2?","Yes",0.93,619948.932711,100,7.00,https://polymarket.com/event/bitcoin-above-on-december-2
2025-12-02, 11:13:22 a.m.,"Bitcoin above ___ on December 2?","Yes",0.93,619948.932711,100,7.00,https://polymarket.com/event/bitcoin-above-on-december-2
2025-12-02, 11:13:22 a.m.,"Bitcoin above ___ on December 2?","Yes",0.93,619948.932711,100,7.00,https://polymarket.com/event/bitcoin-above-on-december-2
2025-12-02, 11:13:22 a.m.,"Bitcoin above ___ on December 2?","Yes",0.93,619948.932711,100,7.00,https://polymarket.com/event/bitcoin-above-on-december-2
2025-12-02, 11:13:22 a.m.,"Bitcoin above ___ on December 2?","Yes",0.93,619948.932711,100,7.00,https://polymarket.com/event/bitcoin-above-on-december-2
2025-12-02, 11:13:22 a.m.,"Bitcoin above ___ on December 2?","Yes",0.93,619948.932711,100,7.00,https://polymarket.com/event/bitcoin-above-on-december-2
2025-12-02, 11:13:22 a.m.,"Bitcoin above ___ on December 2?","Yes",0.93,619948.932711,100,7.00,https://polymarket.com/event/bitcoin-above-on-december-2
2025-12-02, 11:13:22 a.m.,"Bitcoin above ___ on December 2?","Yes",0.93,619948.932711,100,7.00,https://polymarket.com/event/bitcoin-above-on-december-2
2025-12-02, 11:13:22 a.m.,"Bitcoin above ___ on December 2?","Yes",0.93,619948.932711,100,7.00,https://polymarket.com/event/bitcoin-above-on-december-2
2025-12-02, 11:13:22 a.m.,"Bitcoin above ___ on December 2?","Yes",0.93,619948.932711,100,7.00,https://polymarket.com/event/bitcoin-above-on-december-2
2025-12-02, 11:13:22 a.m.,"Bitcoin above ___ on December 2?","Yes",0.93,619948.932711,100,7.00,https://polymarket.com/event/bitcoin-above-on-december-2
2025-12-02, 11:13:22 a.m.,"Bitcoin above ___ on December 2?","Yes",0.93,619948.932711,100,7.00,https://polymarket.com/event/bitcoin-above-on-december-2
2025-12-02, 11:13:22 a.m.,"Bitcoin above ___ on December 2?","Yes",0.93,619948.932711,100,7.00,https://polymarket.com/event/bitcoin-above-on-december-2
2025-12-02, 11:13:22 a.m.,"Bitcoin above ___ on December 2?","Yes",0.93,619948.932711,100,7.00,https://polymarket.com/event/bitcoin-above-on-december-2
2025-12-02, 11:13:22 a.m.,"Bitcoin above ___ on December 2?","Yes",0.93,619948.932711,100,7.00,https://polymarket.com/event/bitcoin-above-on-december-2
2025-12-02, 11:14:39 a.m.,"Bitcoin above ___ on December 2?","No",0.967,563800.721131,100,3.30,https://polymarket.com/event/bitcoin-above-on-december-2
2025-12-02, 11:14:39 a.m.,"Bitcoin above ___ on December 2?","No",0.967,563800.721131,100,3.30,https://polymarket.com/event/bitcoin-above-on-december-2
2025-12-02, 11:14:39 a.m.,"Bitcoin above ___ on December 2?","No",0.967,563800.721131,100,3.30,https://polymarket.com/event/bitcoin-above-on-december-2
2025-12-02, 11:14:39 a.m.,"Bitcoin above ___ on December 2?","No",0.967,563800.721131,100,3.30,https://polymarket.com/event/bitcoin-above-on-december-2
2025-12-02, 11:14:39 a.m.,"Bitcoin above ___ on December 2?","No",0.967,563800.721131,100,3.30,https://polymarket.com/event/bitcoin-above-on-december-2
2025-12-02, 11:14:39 a.m.,"Bitcoin above ___ on December 2?","No",0.967,563800.721131,100,3.30,https://polymarket.com/event/bitcoin-above-on-december-2
2025-12-02, 11:14:39 a.m.,"Bitcoin above ___ on December 2?","No",0.967,563800.721131,100,3.30,https://polymarket.com/event/bitcoin-above-on-december-2
2025-12-02, 11:14:39 a.m.,"Bitcoin above ___ on December 2?","No",0.967,563800.721131,100,3.30,https://polymarket.com/event/bitcoin-above-on-december-2
2025-12-02, 11:14:39 a.m.,"Bitcoin above ___ on December 2?","No",0.967,563800.721131,100,3.30,https://polymarket.com/event/bitcoin-above-on-december-2
2025-12-02, 11:14:39 a.m.,"Bitcoin above ___ on December 2?","No",0.967,563800.721131,100,3.30,https://polymarket.com/event/bitcoin-above-on-december-2
2025-12-02, 11:14:39 a.m.,"Bitcoin above ___ on December 2?","No",0.967,563800.721131,100,3.30,https://polymarket.com/event/bitcoin-above-on-december-2
2025-12-02, 11:14:39 a.m.,"Bitcoin above ___ on December 2?","No",0.967,563800.721131,100,3.30,https://polymarket.com/event/bitcoin-above-on-december-2
2025-12-02, 11:14:39 a.m.,"Bitcoin above ___ on December 2?","No",0.967,563800.721131,100,3.30,https://polymarket.com/event/bitcoin-above-on-december-2
2025-12-02, 11:14:39 a.m.,"Bitcoin above ___ on December 2?","No",0.967,563800.721131,100,3.30,https://polymarket.com/event/bitcoin-above-on-december-2
2025-12-02, 11:14:39 a.m.,"Bitcoin above ___ on December 2?","No",0.967,563800.721131,100,3.30,https://polymarket.com/event/bitcoin-above-on-december-2
2025-12-02, 11:14:39 a.m.,"Bitcoin above ___ on December 2?","No",0.967,563800.721131,100,3.30,https://polymarket.com/event/bitcoin-above-on-december-2
2025-12-02, 11:14:39 a.m.,"Bitcoin above ___ on December 2?","No",0.967,563800.721131,100,3.30,https://polymarket.com/event/bitcoin-above-on-december-2
2025-12-02, 11:14:39 a.m.,"Bitcoin above ___ on December 2?","No",0.967,563800.721131,100,3.30,https://polymarket.com/event/bitcoin-above-on-december-2
2025-12-02, 11:15:17 a.m.,"Bitcoin above ___ on December 2?","No",0.967,563800.721131,100,3.30,https://polymarket.com/event/bitcoin-above-on-december-2
2025-12-02, 11:15:17 a.m.,"Bitcoin above ___ on December 2?","No",0.967,563800.721131,100,3.30,https://polymarket.com/event/bitcoin-above-on-december-2
2025-12-02, 11:15:17 a.m.,"Bitcoin above ___ on December 2?","No",0.967,563800.721131,100,3.30,https://polymarket.com/event/bitcoin-above-on-december-2
2025-12-02, 11:15:17 a.m.,"Bitcoin above ___ on December 2?","No",0.967,563800.721131,100,3.30,https://polymarket.com/event/bitcoin-above-on-december-2
2025-12-02, 11:15:17 a.m.,"Bitcoin above ___ on December 2?","No",0.967,563800.721131,100,3.30,https://polymarket.com/event/bitcoin-above-on-december-2
2025-12-02, 11:15:17 a.m.,"Bitcoin above ___ on December 2?","No",0.967,563800.721131,100,3.30,https://polymarket.com/event/bitcoin-above-on-december-2
2025-12-02, 11:15:17 a.m.,"Bitcoin above ___ on December 2?","No",0.967,563800.721131,100,3.30,https://polymarket.com/event/bitcoin-above-on-december-2
2025-12-02, 11:15:17 a.m.,"Bitcoin above ___ on December 2?","No",0.967,563800.721131,100,3.30,https://polymarket.com/event/bitcoin-above-on-december-2
2025-12-02, 11:15:17 a.m.,"Bitcoin above ___ on December 2?","No",0.967,563800.721131,100,3.30,https://polymarket.com/event/bitcoin-above-on-december-2
2025-12-02, 11:15:17 a.m.,"Bitcoin above ___ on December 2?","No",0.967,563800.721131,100,3.30,https://polymarket.com/event/bitcoin-above-on-december-2
2025-12-02, 11:15:17 a.m.,"Bitcoin above ___ on December 2?","No",0.967,563800.721131,100,3.30,https://polymarket.com/event/bitcoin-above-on-december-2
2025-12-02, 11:15:17 a.m.,"Bitcoin above ___ on December 2?","No",0.967,563800.721131,100,3.30,https://polymarket.com/event/bitcoin-above-on-december-2
2025-12-02, 11:15:17 a.m.,"Bitcoin above ___ on December 2?","No",0.967,563800.721131,100,3.30,https://polymarket.com/event/bitcoin-above-on-december-2
2025-12-02, 11:15:17 a.m.,"Bitcoin above ___ on December 2?","No",0.967,563800.721131,100,3.30,https://polymarket.com/event/bitcoin-above-on-december-2
2025-12-02, 11:15:17 a.m.,"Bitcoin above ___ on December 2?","No",0.967,563800.721131,100,3.30,https://polymarket.com/event/bitcoin-above-on-december-2
2025-12-02, 11:15:17 a.m.,"Bitcoin above ___ on December 2?","No",0.967,563800.721131,100,3.30,https://polymarket.com/event/bitcoin-above-on-december-2
2025-12-02, 11:15:17 a.m.,"Bitcoin above ___ on December 2?","No",0.967,563800.721131,100,3.30,https://polymarket.com/event/bitcoin-above-on-december-2
2025-12-02, 11:15:17 a.m.,"Bitcoin above ___ on December 2?","No",0.967,563800.721131,100,3.30,https://polymarket.com/event/bitcoin-above-on-december-2
2025-12-02, 11:15:55 a.m.,"Bitcoin price on December 2?","No",0.961,78873.851699,100,3.90,https://polymarket.com/event/bitcoin-price-on-december-2
2025-12-02, 11:15:55 a.m.,"Bitcoin price on December 2?","No",0.961,78873.851699,100,3.90,https://polymarket.com/event/bitcoin-price-on-december-2
2025-12-02, 11:15:55 a.m.,"Bitcoin price on December 2?","No",0.961,78873.851699,100,3.90,https://polymarket.com/event/bitcoin-price-on-december-2
2025-12-02, 11:15:55 a.m.,"Bitcoin price on December 2?","No",0.961,78873.851699,100,3.90,https://polymarket.com/event/bitcoin-price-on-december-2
2025-12-02, 11:15:55 a.m.,"Bitcoin price on December 2?","No",0.961,78873.851699,100,3.90,https://polymarket.com/event/bitcoin-price-on-december-2
2025-12-02, 11:15:56 a.m.,"Bitcoin price on December 2?","No",0.961,78873.851699,100,3.90,https://polymarket.com/event/bitcoin-price-on-december-2
2025-12-02, 11:15:56 a.m.,"Bitcoin price on December 2?","No",0.961,78873.851699,100,3.90,https://polymarket.com/event/bitcoin-price-on-december-2
2025-12-02, 11:15:56 a.m.,"Bitcoin price on December 2?","No",0.961,78873.851699,100,3.90,https://polymarket.com/event/bitcoin-price-on-december-2
2025-12-02, 11:15:56 a.m.,"Bitcoin price on December 2?","No",0.961,78873.851699,100,3.90,https://polymarket.com/event/bitcoin-price-on-december-2
2025-12-02, 11:15:56 a.m.,"Bitcoin price on December 2?","No",0.961,78873.851699,100,3.90,https://polymarket.com/event/bitcoin-price-on-december-2
2025-12-02, 11:15:56 a.m.,"Bitcoin price on December 2?","No",0.961,78873.851699,100,3.90,https://polymarket.com/event/bitcoin-price-on-december-2
2025-12-02, 11:15:56 a.m.,"Bitcoin price on December 2?","No",0.961,78873.851699,100,3.90,https://polymarket.com/event/bitcoin-price-on-december-2
2025-12-02, 11:15:56 a.m.,"Bitcoin price on December 2?","No",0.961,78873.851699,100,3.90,https://polymarket.com/event/bitcoin-price-on-december-2
2025-12-02, 11:15:56 a.m.,"Bitcoin price on December 2?","No",0.961,78873.851699,100,3.90,https://polymarket.com/event/bitcoin-price-on-december-2
2025-12-02, 11:15:56 a.m.,"Bitcoin price on December 2?","No",0.961,78873.851699,100,3.90,https://polymarket.com/event/bitcoin-price-on-december-2
2025-12-02, 11:15:56 a.m.,"Bitcoin price on December 2?","No",0.961,78873.851699,100,3.90,https://polymarket.com/event/bitcoin-price-on-december-2
2025-12-02, 11:15:56 a.m.,"Bitcoin price on December 2?","No",0.961,78873.851699,100,3.90,https://polymarket.com/event/bitcoin-price-on-december-2
2025-12-02, 11:15:56 a.m.,"Bitcoin price on December 2?","No",0.961,78873.851699,100,3.90,https://polymarket.com/event/bitcoin-price-on-december-2
2025-12-02, 11:16:47 a.m.,"Bitcoin above ___ on December 2?","No",0.97,563800.721131,100,3.00,https://polymarket.com/event/bitcoin-above-on-december-2
2025-12-02, 11:16:47 a.m.,"Bitcoin above ___ on December 2?","No",0.97,563800.721131,100,3.00,https://polymarket.com/event/bitcoin-above-on-december-2
2025-12-02, 11:16:47 a.m.,"Bitcoin above ___ on December 2?","No",0.97,563800.721131,100,3.00,https://polymarket.com/event/bitcoin-above-on-december-2
2025-12-02, 11:16:47 a.m.,"Bitcoin above ___ on December 2?","No",0.97,563800.721131,100,3.00,https://polymarket.com/event/bitcoin-above-on-december-2
2025-12-02, 11:16:47 a.m.,"Bitcoin above ___ on December 2?","No",0.97,563800.721131,100,3.00,https://polymarket.com/event/bitcoin-above-on-december-2
2025-12-02, 11:16:47 a.m.,"Bitcoin above ___ on December 2?","No",0.97,563800.721131,100,3.00,https://polymarket.com/event/bitcoin-above-on-december-2
2025-12-02, 11:16:47 a.m.,"Bitcoin above ___ on December 2?","No",0.97,563800.721131,100,3.00,https://polymarket.com/event/bitcoin-above-on-december-2
2025-12-02, 11:16:47 a.m.,"Bitcoin above ___ on December 2?","No",0.97,563800.721131,100,3.00,https://polymarket.com/event/bitcoin-above-on-december-2
2025-12-02, 11:16:47 a.m.,"Bitcoin above ___ on December 2?","No",0.97,563800.721131,100,3.00,https://polymarket.com/event/bitcoin-above-on-december-2
2025-12-02, 11:16:47 a.m.,"Bitcoin above ___ on December 2?","No",0.97,563800.721131,100,3.00,https://polymarket.com/event/bitcoin-above-on-december-2
2025-12-02, 11:16:47 a.m.,"Bitcoin above ___ on December 2?","No",0.97,563800.721131,100,3.00,https://polymarket.com/event/bitcoin-above-on-december-2
2025-12-02, 11:16:47 a.m.,"Bitcoin above ___ on December 2?","No",0.97,563800.721131,100,3.00,https://polymarket.com/event/bitcoin-above-on-december-2
2025-12-02, 11:16:47 a.m.,"Bitcoin above ___ on December 2?","No",0.97,563800.721131,100,3.00,https://polymarket.com/event/bitcoin-above-on-december-2
2025-12-02, 11:16:47 a.m.,"Bitcoin above ___ on December 2?","No",0.97,563800.721131,100,3.00,https://polymarket.com/event/bitcoin-above-on-december-2
2025-12-02, 11:16:47 a.m.,"Bitcoin above ___ on December 2?","No",0.97,563800.721131,100,3.00,https://polymarket.com/event/bitcoin-above-on-december-2
2025-12-02, 11:16:47 a.m.,"Bitcoin above ___ on December 2?","No",0.97,563800.721131,100,3.00,https://polymarket.com/event/bitcoin-above-on-december-2
2025-12-02, 11:16:47 a.m.,"Bitcoin above ___ on December 2?","No",0.97,563800.721131,100,3.00,https://polymarket.com/event/bitcoin-above-on-december-2
2025-12-02, 11:16:47 a.m.,"Bitcoin above ___ on December 2?","No",0.97,563800.721131,100,3.00,https://polymarket.com/event/bitcoin-above-on-december-2
2025-12-02, 11:16:49 a.m.,"Ethereum above ___ on December 2?","Yes",0.973,165666.811245,100,2.70,https://polymarket.com/event/ethereum-above-on-december-2
2025-12-02, 11:16:49 a.m.,"Ethereum above ___ on December 2?","Yes",0.973,165666.811245,100,2.70,https://polymarket.com/event/ethereum-above-on-december-2
2025-12-02, 11:16:49 a.m.,"Ethereum above ___ on December 2?","Yes",0.973,165666.811245,100,2.70,https://polymarket.com/event/ethereum-above-on-december-2
2025-12-02, 11:16:49 a.m.,"Ethereum above ___ on December 2?","Yes",0.973,165666.811245,100,2.70,https://polymarket.com/event/ethereum-above-on-december-2
2025-12-02, 11:16:49 a.m.,"Ethereum above ___ on December 2?","Yes",0.973,165666.811245,100,2.70,https://polymarket.com/event/ethereum-above-on-december-2
2025-12-02, 11:16:49 a.m.,"Ethereum above ___ on December 2?","Yes",0.973,165666.811245,100,2.70,https://polymarket.com/event/ethereum-above-on-december-2
2025-12-02, 11:16:49 a.m.,"Ethereum above ___ on December 2?","Yes",0.973,165666.811245,100,2.70,https://polymarket.com/event/ethereum-above-on-december-2
2025-12-02, 11:16:49 a.m.,"Ethereum above ___ on December 2?","Yes",0.973,165666.811245,100,2.70,https://polymarket.com/event/ethereum-above-on-december-2
2025-12-02, 11:16:49 a.m.,"Ethereum above ___ on December 2?","Yes",0.973,165666.811245,100,2.70,https://polymarket.com/event/ethereum-above-on-december-2
2025-12-02, 11:16:49 a.m.,"Ethereum above ___ on December 2?","Yes",0.973,165666.811245,100,2.70,https://polymarket.com/event/ethereum-above-on-december-2
2025-12-02, 11:16:49 a.m.,"Ethereum above ___ on December 2?","Yes",0.973,165666.811245,100,2.70,https://polymarket.com/event/ethereum-above-on-december-2
2025-12-02, 11:16:49 a.m.,"Ethereum above ___ on December 2?","Yes",0.973,165666.811245,100,2.70,https://polymarket.com/event/ethereum-above-on-december-2
2025-12-02, 11:16:49 a.m.,"Ethereum above ___ on December 2?","Yes",0.973,165666.811245,100,2.70,https://polymarket.com/event/ethereum-above-on-december-2
2025-12-02, 11:16:49 a.m.,"Ethereum above ___ on December 2?","Yes",0.973,165666.811245,100,2.70,https://polymarket.com/event/ethereum-above-on-december-2
2025-12-02, 11:16:49 a.m.,"Ethereum above ___ on December 2?","Yes",0.973,165666.811245,100,2.70,https://polymarket.com/event/ethereum-above-on-december-2
2025-12-02, 11:16:49 a.m.,"Ethereum above ___ on December 2?","Yes",0.973,165666.811245,100,2.70,https://polymarket.com/event/ethereum-above-on-december-2
2025-12-02, 11:16:49 a.m.,"Ethereum above ___ on December 2?","Yes",0.973,165666.811245,100,2.70,https://polymarket.com/event/ethereum-above-on-december-2
2025-12-02, 11:16:49 a.m.,"Ethereum above ___ on December 2?","Yes",0.973,165666.811245,100,2.70,https://polymarket.com/event/ethereum-above-on-december-2
2025-12-02, 11:17:00 a.m.,"Bitcoin above ___ on December 2?","No",0.973,563800.721131,100,2.70,https://polymarket.com/event/bitcoin-above-on-december-2
2025-12-02, 11:17:00 a.m.,"Bitcoin above ___ on December 2?","No",0.973,563800.721131,100,2.70,https://polymarket.com/event/bitcoin-above-on-december-2
2025-12-02, 11:17:00 a.m.,"Bitcoin above ___ on December 2?","No",0.973,563800.721131,100,2.70,https://polymarket.com/event/bitcoin-above-on-december-2
2025-12-02, 11:17:00 a.m.,"Bitcoin above ___ on December 2?","No",0.973,563800.721131,100,2.70,https://polymarket.com/event/bitcoin-above-on-december-2
2025-12-02, 11:17:00 a.m.,"Bitcoin above ___ on December 2?","No",0.973,563800.721131,100,2.70,https://polymarket.com/event/bitcoin-above-on-december-2
2025-12-02, 11:17:00 a.m.,"Bitcoin above ___ on December 2?","No",0.973,563800.721131,100,2.70,https://polymarket.com/event/bitcoin-above-on-december-2
2025-12-02, 11:17:00 a.m.,"Bitcoin above ___ on December 2?","No",0.973,563800.721131,100,2.70,https://polymarket.com/event/bitcoin-above-on-december-2
2025-12-02, 11:17:00 a.m.,"Bitcoin above ___ on December 2?","No",0.973,563800.721131,100,2.70,https://polymarket.com/event/bitcoin-above-on-december-2
2025-12-02, 11:17:00 a.m.,"Bitcoin above ___ on December 2?","No",0.973,563800.721131,100,2.70,https://polymarket.com/event/bitcoin-above-on-december-2
2025-12-02, 11:17:00 a.m.,"Bitcoin above ___ on December 2?","No",0.973,563800.721131,100,2.70,https://polymarket.com/event/bitcoin-above-on-december-2
2025-12-02, 11:17:00 a.m.,"Bitcoin above ___ on December 2?","No",0.973,563800.721131,100,2.70,https://polymarket.com/event/bitcoin-above-on-december-2
2025-12-02, 11:17:00 a.m.,"Bitcoin above ___ on December 2?","No",0.973,563800.721131,100,2.70,https://polymarket.com/event/bitcoin-above-on-december-2
2025-12-02, 11:17:00 a.m.,"Bitcoin above ___ on December 2?","No",0.973,563800.721131,100,2.70,https://polymarket.com/event/bitcoin-above-on-december-2
2025-12-02, 11:17:00 a.m.,"Bitcoin above ___ on December 2?","No",0.973,563800.721131,100,2.70,https://polymarket.com/event/bitcoin-above-on-december-2
2025-12-02, 11:17:00 a.m.,"Bitcoin above ___ on December 2?","No",0.973,563800.721131,100,2.70,https://polymarket.com/event/bitcoin-above-on-december-2
2025-12-02, 11:17:00 a.m.,"Bitcoin above ___ on December 2?","No",0.973,563800.721131,100,2.70,https://polymarket.com/event/bitcoin-above-on-december-2
2025-12-02, 11:17:00 a.m.,"Bitcoin above ___ on December 2?","No",0.973,563800.721131,100,2.70,https://polymarket.com/event/bitcoin-above-on-december-2
2025-12-02, 11:17:00 a.m.,"Bitcoin above ___ on December 2?","No",0.973,563800.721131,100,2.70,https://polymarket.com/event/bitcoin-above-on-december-2
2025-12-02, 11:18:11 a.m.,"Bitcoin above ___ on December 2?","No",0.97,563800.721131,100,3.00,https://polymarket.com/event/bitcoin-above-on-december-2
2025-12-02, 11:18:11 a.m.,"Bitcoin above ___ on December 2?","No",0.97,563800.721131,100,3.00,https://polymarket.com/event/bitcoin-above-on-december-2
2025-12-02, 11:18:11 a.m.,"Bitcoin above ___ on December 2?","No",0.97,563800.721131,100,3.00,https://polymarket.com/event/bitcoin-above-on-december-2
2025-12-02, 11:18:11 a.m.,"Bitcoin above ___ on December 2?","No",0.97,563800.721131,100,3.00,https://polymarket.com/event/bitcoin-above-on-december-2
2025-12-02, 11:18:11 a.m.,"Bitcoin above ___ on December 2?","No",0.97,563800.721131,100,3.00,https://polymarket.com/event/bitcoin-above-on-december-2
2025-12-02, 11:18:11 a.m.,"Bitcoin above ___ on December 2?","No",0.97,563800.721131,100,3.00,https://polymarket.com/event/bitcoin-above-on-december-2
2025-12-02, 11:18:11 a.m.,"Bitcoin above ___ on December 2?","No",0.97,563800.721131,100,3.00,https://polymarket.com/event/bitcoin-above-on-december-2
2025-12-02, 11:18:11 a.m.,"Bitcoin above ___ on December 2?","No",0.97,563800.721131,100,3.00,https://polymarket.com/event/bitcoin-above-on-december-2
2025-12-02, 11:18:11 a.m.,"Bitcoin above ___ on December 2?","No",0.97,563800.721131,100,3.00,https://polymarket.com/event/bitcoin-above-on-december-2
2025-12-02, 11:18:11 a.m.,"Bitcoin above ___ on December 2?","No",0.97,563800.721131,100,3.00,https://polymarket.com/event/bitcoin-above-on-december-2
2025-12-02, 11:18:11 a.m.,"Bitcoin above ___ on December 2?","No",0.97,563800.721131,100,3.00,https://polymarket.com/event/bitcoin-above-on-december-2
2025-12-02, 11:18:11 a.m.,"Bitcoin above ___ on December 2?","No",0.97,563800.721131,100,3.00,https://polymarket.com/event/bitcoin-above-on-december-2
2025-12-02, 11:18:11 a.m.,"Bitcoin above ___ on December 2?","No",0.97,563800.721131,100,3.00,https://polymarket.com/event/bitcoin-above-on-december-2
2025-12-02, 11:18:11 a.m.,"Bitcoin above ___ on December 2?","No",0.97,563800.721131,100,3.00,https://polymarket.com/event/bitcoin-above-on-december-2
2025-12-02, 11:18:11 a.m.,"Bitcoin above ___ on December 2?","No",0.97,563800.721131,100,3.00,https://polymarket.com/event/bitcoin-above-on-december-2
2025-12-02, 11:18:11 a.m.,"Bitcoin above ___ on December 2?","No",0.97,563800.721131,100,3.00,https://polymarket.com/event/bitcoin-above-on-december-2
2025-12-02, 11:18:11 a.m.,"Bitcoin above ___ on December 2?","No",0.97,563800.721131,100,3.00,https://polymarket.com/event/bitcoin-above-on-december-2
2025-12-02, 11:18:11 a.m.,"Bitcoin above ___ on December 2?","No",0.97,563800.721131,100,3.00,https://polymarket.com/event/bitcoin-above-on-december-2
2025-12-02, 11:18:46 a.m.,"Bitcoin price on December 2?","No",0.971,78873.851699,100,2.90,https://polymarket.com/event/bitcoin-price-on-december-2
2025-12-02, 11:18:46 a.m.,"Bitcoin price on December 2?","No",0.971,78873.851699,100,2.90,https://polymarket.com/event/bitcoin-price-on-december-2
2025-12-02, 11:18:46 a.m.,"Bitcoin price on December 2?","No",0.971,78873.851699,100,2.90,https://polymarket.com/event/bitcoin-price-on-december-2
2025-12-02, 11:18:46 a.m.,"Bitcoin price on December 2?","No",0.971,78873.851699,100,2.90,https://polymarket.com/event/bitcoin-price-on-december-2
2025-12-02, 11:18:46 a.m.,"Bitcoin price on December 2?","No",0.971,78873.851699,100,2.90,https://polymarket.com/event/bitcoin-price-on-december-2
2025-12-02, 11:18:46 a.m.,"Bitcoin price on December 2?","No",0.971,78873.851699,100,2.90,https://polymarket.com/event/bitcoin-price-on-december-2
2025-12-02, 11:18:46 a.m.,"Bitcoin price on December 2?","No",0.971,78873.851699,100,2.90,https://polymarket.com/event/bitcoin-price-on-december-2
2025-12-02, 11:18:46 a.m.,"Bitcoin price on December 2?","No",0.971,78873.851699,100,2.90,https://polymarket.com/event/bitcoin-price-on-december-2
2025-12-02, 11:18:46 a.m.,"Bitcoin price on December 2?","No",0.971,78873.851699,100,2.90,https://polymarket.com/event/bitcoin-price-on-december-2
2025-12-02, 11:18:46 a.m.,"Bitcoin price on December 2?","No",0.971,78873.851699,100,2.90,https://polymarket.com/event/bitcoin-price-on-december-2
2025-12-02, 11:18:46 a.m.,"Bitcoin price on December 2?","No",0.971,78873.851699,100,2.90,https://polymarket.com/event/bitcoin-price-on-december-2
2025-12-02, 11:18:46 a.m.,"Bitcoin price on December 2?","No",0.971,78873.851699,100,2.90,https://polymarket.com/event/bitcoin-price-on-december-2
2025-12-02, 11:18:46 a.m.,"Bitcoin price on December 2?","No",0.971,78873.851699,100,2.90,https://polymarket.com/event/bitcoin-price-on-december-2
2025-12-02, 11:18:46 a.m.,"Bitcoin price on December 2?","No",0.971,78873.851699,100,2.90,https://polymarket.com/event/bitcoin-price-on-december-2
2025-12-02, 11:18:46 a.m.,"Bitcoin price on December 2?","No",0.971,78873.851699,100,2.90,https://polymarket.com/event/bitcoin-price-on-december-2
2025-12-02, 11:18:46 a.m.,"Bitcoin price on December 2?","No",0.971,78873.851699,100,2.90,https://polymarket.com/event/bitcoin-price-on-december-2
2025-12-02, 11:18:46 a.m.,"Bitcoin price on December 2?","No",0.971,78873.851699,100,2.90,https://polymarket.com/event/bitcoin-price-on-december-2
2025-12-02, 11:18:46 a.m.,"Bitcoin price on December 2?","No",0.971,78873.851699,100,2.90,https://polymarket.com/event/bitcoin-price-on-december-2
2025-12-02, 11:19:28 a.m.,"Bitcoin above ___ on December 2?","No",0.97,563800.721131,100,3.00,https://polymarket.com/event/bitcoin-above-on-december-2
2025-12-02, 11:19:28 a.m.,"Bitcoin above ___ on December 2?","No",0.97,563800.721131,100,3.00,https://polymarket.com/event/bitcoin-above-on-december-2
2025-12-02, 11:19:28 a.m.,"Bitcoin above ___ on December 2?","No",0.97,563800.721131,100,3.00,https://polymarket.com/event/bitcoin-above-on-december-2
2025-12-02, 11:19:28 a.m.,"Bitcoin above ___ on December 2?","No",0.97,563800.721131,100,3.00,https://polymarket.com/event/bitcoin-above-on-december-2
2025-12-02, 11:19:28 a.m.,"Bitcoin above ___ on December 2?","No",0.97,563800.721131,100,3.00,https://polymarket.com/event/bitcoin-above-on-december-2
2025-12-02, 11:19:28 a.m.,"Bitcoin above ___ on December 2?","No",0.97,563800.721131,100,3.00,https://polymarket.com/event/bitcoin-above-on-december-2
2025-12-02, 11:19:28 a.m.,"Bitcoin above ___ on December 2?","No",0.97,563800.721131,100,3.00,https://polymarket.com/event/bitcoin-above-on-december-2
2025-12-02, 11:19:28 a.m.,"Bitcoin above ___ on December 2?","No",0.97,563800.721131,100,3.00,https://polymarket.com/event/bitcoin-above-on-december-2
2025-12-02, 11:19:28 a.m.,"Bitcoin above ___ on December 2?","No",0.97,563800.721131,100,3.00,https://polymarket.com/event/bitcoin-above-on-december-2
2025-12-02, 11:19:28 a.m.,"Bitcoin above ___ on December 2?","No",0.97,563800.721131,100,3.00,https://polymarket.com/event/bitcoin-above-on-december-2
2025-12-02, 11:19:28 a.m.,"Bitcoin above ___ on December 2?","No",0.97,563800.721131,100,3.00,https://polymarket.com/event/bitcoin-above-on-december-2
2025-12-02, 11:19:28 a.m.,"Bitcoin above ___ on December 2?","No",0.97,563800.721131,100,3.00,https://polymarket.com/event/bitcoin-above-on-december-2
2025-12-02, 11:19:28 a.m.,"Bitcoin above ___ on December 2?","No",0.97,563800.721131,100,3.00,https://polymarket.com/event/bitcoin-above-on-december-2
2025-12-02, 11:19:28 a.m.,"Bitcoin above ___ on December 2?","No",0.97,563800.721131,100,3.00,https://polymarket.com/event/bitcoin-above-on-december-2
2025-12-02, 11:19:28 a.m.,"Bitcoin above ___ on December 2?","No",0.97,563800.721131,100,3.00,https://polymarket.com/event/bitcoin-above-on-december-2
2025-12-02, 11:19:28 a.m.,"Bitcoin above ___ on December 2?","No",0.97,563800.721131,100,3.00,https://polymarket.com/event/bitcoin-above-on-december-2
2025-12-02, 11:19:28 a.m.,"Bitcoin above ___ on December 2?","No",0.97,563800.721131,100,3.00,https://polymarket.com/event/bitcoin-above-on-december-2
2025-12-02, 11:19:28 a.m.,"Bitcoin above ___ on December 2?","No",0.97,563800.721131,100,3.00,https://polymarket.com/event/bitcoin-above-on-december-2
2025-12-02, 11:32:55 a.m.,"Ethereum above ___ on December 2?","Yes",0.97,275447.371661,100,3.00,https://polymarket.com/event/ethereum-above-on-december-2
2025-12-02, 11:32:55 a.m.,"Ethereum above ___ on December 2?","Yes",0.97,275447.371661,100,3.00,https://polymarket.com/event/ethereum-above-on-december-2
2025-12-02, 11:32:55 a.m.,"Ethereum above ___ on December 2?","Yes",0.97,275447.371661,100,3.00,https://polymarket.com/event/ethereum-above-on-december-2
2025-12-02, 11:32:55 a.m.,"Ethereum above ___ on December 2?","Yes",0.97,275447.371661,100,3.00,https://polymarket.com/event/ethereum-above-on-december-2
2025-12-02, 11:32:55 a.m.,"Ethereum above ___ on December 2?","Yes",0.97,275447.371661,100,3.00,https://polymarket.com/event/ethereum-above-on-december-2
2025-12-02, 11:32:55 a.m.,"Ethereum above ___ on December 2?","Yes",0.97,275447.371661,100,3.00,https://polymarket.com/event/ethereum-above-on-december-2
2025-12-02, 11:32:55 a.m.,"Ethereum above ___ on December 2?","Yes",0.97,275447.371661,100,3.00,https://polymarket.com/event/ethereum-above-on-december-2
2025-12-02, 11:32:55 a.m.,"Ethereum above ___ on December 2?","Yes",0.97,275447.371661,100,3.00,https://polymarket.com/event/ethereum-above-on-december-2
2025-12-02, 11:32:55 a.m.,"Ethereum above ___ on December 2?","Yes",0.97,275447.371661,100,3.00,https://polymarket.com/event/ethereum-above-on-december-2
2025-12-02, 11:32:55 a.m.,"Ethereum above ___ on December 2?","Yes",0.97,275447.371661,100,3.00,https://polymarket.com/event/ethereum-above-on-december-2
2025-12-02, 11:32:55 a.m.,"Ethereum above ___ on December 2?","Yes",0.97,275447.371661,100,3.00,https://polymarket.com/event/ethereum-above-on-december-2
2025-12-02, 11:32:55 a.m.,"Ethereum above ___ on December 2?","Yes",0.97,275447.371661,100,3.00,https://polymarket.com/event/ethereum-above-on-december-2
2025-12-02, 11:32:55 a.m.,"Ethereum above ___ on December 2?","Yes",0.97,275447.371661,100,3.00,https://polymarket.com/event/ethereum-above-on-december-2
2025-12-02, 11:32:55 a.m.,"Ethereum above ___ on December 2?","Yes",0.97,275447.371661,100,3.00,https://polymarket.com/event/ethereum-above-on-december-2
2025-12-02, 11:32:55 a.m.,"Ethereum above ___ on December 2?","Yes",0.97,275447.371661,100,3.00,https://polymarket.com/event/ethereum-above-on-december-2
2025-12-02, 11:32:55 a.m.,"Ethereum above ___ on December 2?","Yes",0.97,275447.371661,100,3.00,https://polymarket.com/event/ethereum-above-on-december-2
2025-12-02, 11:32:55 a.m.,"Ethereum above ___ on December 2?","Yes",0.97,275447.371661,100,3.00,https://polymarket.com/event/ethereum-above-on-december-2
2025-12-02, 11:32:55 a.m.,"Ethereum above ___ on December 2?","Yes",0.97,275447.371661,100,3.00,https://polymarket.com/event/ethereum-above-on-december-2
2025-12-02, 11:36:30 a.m.,"Ethereum above ___ on December 2?","Yes",0.978,275447.371661,100,2.20,https://polymarket.com/event/ethereum-above-on-december-2
2025-12-02, 11:36:30 a.m.,"Ethereum above ___ on December 2?","Yes",0.978,275447.371661,100,2.20,https://polymarket.com/event/ethereum-above-on-december-2
2025-12-02, 11:36:30 a.m.,"Ethereum above ___ on December 2?","Yes",0.978,275447.371661,100,2.20,https://polymarket.com/event/ethereum-above-on-december-2
2025-12-02, 11:36:30 a.m.,"Ethereum above ___ on December 2?","Yes",0.978,275447.371661,100,2.20,https://polymarket.com/event/ethereum-above-on-december-2
2025-12-02, 11:36:30 a.m.,"Ethereum above ___ on December 2?","Yes",0.978,275447.371661,100,2.20,https://polymarket.com/event/ethereum-above-on-december-2
2025-12-02, 11:36:30 a.m.,"Ethereum above ___ on December 2?","Yes",0.978,275447.371661,100,2.20,https://polymarket.com/event/ethereum-above-on-december-2
2025-12-02, 11:36:30 a.m.,"Ethereum above ___ on December 2?","Yes",0.978,275447.371661,100,2.20,https://polymarket.com/event/ethereum-above-on-december-2
2025-12-02, 11:36:30 a.m.,"Ethereum above ___ on December 2?","Yes",0.978,275447.371661,100,2.20,https://polymarket.com/event/ethereum-above-on-december-2
2025-12-02, 11:36:30 a.m.,"Ethereum above ___ on December 2?","Yes",0.978,275447.371661,100,2.20,https://polymarket.com/event/ethereum-above-on-december-2
2025-12-02, 11:36:30 a.m.,"Ethereum above ___ on December 2?","Yes",0.978,275447.371661,100,2.20,https://polymarket.com/event/ethereum-above-on-december-2
2025-12-02, 11:36:30 a.m.,"Ethereum above ___ on December 2?","Yes",0.978,275447.371661,100,2.20,https://polymarket.com/event/ethereum-above-on-december-2
2025-12-02, 11:36:30 a.m.,"Ethereum above ___ on December 2?","Yes",0.978,275447.371661,100,2.20,https://polymarket.com/event/ethereum-above-on-december-2
2025-12-02, 11:36:30 a.m.,"Ethereum above ___ on December 2?","Yes",0.978,275447.371661,100,2.20,https://polymarket.com/event/ethereum-above-on-december-2
2025-12-02, 11:36:30 a.m.,"Ethereum above ___ on December 2?","Yes",0.978,275447.371661,100,2.20,https://polymarket.com/event/ethereum-above-on-december-2
2025-12-02, 11:36:30 a.m.,"Ethereum above ___ on December 2?","Yes",0.978,275447.371661,100,2.20,https://polymarket.com/event/ethereum-above-on-december-2
2025-12-02, 11:36:30 a.m.,"Ethereum above ___ on December 2?","Yes",0.978,275447.371661,100,2.20,https://polymarket.com/event/ethereum-above-on-december-2
2025-12-02, 11:36:30 a.m.,"Ethereum above ___ on December 2?","Yes",0.978,275447.371661,100,2.20,https://polymarket.com/event/ethereum-above-on-december-2
2025-12-02, 11:36:30 a.m.,"Ethereum above ___ on December 2?","Yes",0.978,275447.371661,100,2.20,https://polymarket.com/event/ethereum-above-on-december-2
2025-12-02, 11:38:38 a.m.,"Ethereum above ___ on December 2?","Yes",0.976,165666.811245,100,2.40,https://polymarket.com/event/ethereum-above-on-december-2
2025-12-02, 11:38:38 a.m.,"Ethereum above ___ on December 2?","Yes",0.976,165666.811245,100,2.40,https://polymarket.com/event/ethereum-above-on-december-2
2025-12-02, 11:38:38 a.m.,"Ethereum above ___ on December 2?","Yes",0.976,165666.811245,100,2.40,https://polymarket.com/event/ethereum-above-on-december-2
2025-12-02, 11:38:38 a.m.,"Ethereum above ___ on December 2?","Yes",0.976,165666.811245,100,2.40,https://polymarket.com/event/ethereum-above-on-december-2
2025-12-02, 11:38:38 a.m.,"Ethereum above ___ on December 2?","Yes",0.976,165666.811245,100,2.40,https://polymarket.com/event/ethereum-above-on-december-2
2025-12-02, 11:38:38 a.m.,"Ethereum above ___ on December 2?","Yes",0.976,165666.811245,100,2.40,https://polymarket.com/event/ethereum-above-on-december-2
2025-12-02, 11:38:38 a.m.,"Ethereum above ___ on December 2?","Yes",0.976,165666.811245,100,2.40,https://polymarket.com/event/ethereum-above-on-december-2
2025-12-02, 11:38:38 a.m.,"Ethereum above ___ on December 2?","Yes",0.976,165666.811245,100,2.40,https://polymarket.com/event/ethereum-above-on-december-2
2025-12-02, 11:38:38 a.m.,"Ethereum above ___ on December 2?","Yes",0.976,165666.811245,100,2.40,https://polymarket.com/event/ethereum-above-on-december-2
2025-12-02, 11:38:38 a.m.,"Ethereum above ___ on December 2?","Yes",0.976,165666.811245,100,2.40,https://polymarket.com/event/ethereum-above-on-december-2
2025-12-02, 11:38:38 a.m.,"Ethereum above ___ on December 2?","Yes",0.976,165666.811245,100,2.40,https://polymarket.com/event/ethereum-above-on-december-2
2025-12-02, 11:38:38 a.m.,"Ethereum above ___ on December 2?","Yes",0.976,165666.811245,100,2.40,https://polymarket.com/event/ethereum-above-on-december-2
2025-12-02, 11:38:38 a.m.,"Ethereum above ___ on December 2?","Yes",0.976,165666.811245,100,2.40,https://polymarket.com/event/ethereum-above-on-december-2
2025-12-02, 11:38:38 a.m.,"Ethereum above ___ on December 2?","Yes",0.976,165666.811245,100,2.40,https://polymarket.com/event/ethereum-above-on-december-2
2025-12-02, 11:38:38 a.m.,"Ethereum above ___ on December 2?","Yes",0.976,165666.811245,100,2.40,https://polymarket.com/event/ethereum-above-on-december-2
2025-12-02, 11:38:38 a.m.,"Ethereum above ___ on December 2?","Yes",0.976,165666.811245,100,2.40,https://polymarket.com/event/ethereum-above-on-december-2
2025-12-02, 11:38:38 a.m.,"Ethereum above ___ on December 2?","Yes",0.976,165666.811245,100,2.40,https://polymarket.com/event/ethereum-above-on-december-2
2025-12-02, 11:38:38 a.m.,"Ethereum above ___ on December 2?","Yes",0.976,165666.811245,100,2.40,https://polymarket.com/event/ethereum-above-on-december-2
2025-12-02, 11:41:18 a.m.,"Bitcoin above ___ on December 2?","No",0.98,563800.721131,100,2.00,https://polymarket.com/event/bitcoin-above-on-december-2
2025-12-02, 11:41:18 a.m.,"Bitcoin above ___ on December 2?","No",0.98,563800.721131,100,2.00,https://polymarket.com/event/bitcoin-above-on-december-2
2025-12-02, 11:41:18 a.m.,"Bitcoin above ___ on December 2?","No",0.98,563800.721131,100,2.00,https://polymarket.com/event/bitcoin-above-on-december-2
2025-12-02, 11:41:18 a.m.,"Bitcoin above ___ on December 2?","No",0.98,563800.721131,100,2.00,https://polymarket.com/event/bitcoin-above-on-december-2
2025-12-02, 11:41:18 a.m.,"Bitcoin above ___ on December 2?","No",0.98,563800.721131,100,2.00,https://polymarket.com/event/bitcoin-above-on-december-2
2025-12-02, 11:41:18 a.m.,"Bitcoin above ___ on December 2?","No",0.98,563800.721131,100,2.00,https://polymarket.com/event/bitcoin-above-on-december-2
2025-12-02, 11:41:18 a.m.,"Bitcoin above ___ on December 2?","No",0.98,563800.721131,100,2.00,https://polymarket.com/event/bitcoin-above-on-december-2
2025-12-02, 11:41:18 a.m.,"Bitcoin above ___ on December 2?","No",0.98,563800.721131,100,2.00,https://polymarket.com/event/bitcoin-above-on-december-2
2025-12-02, 11:41:18 a.m.,"Bitcoin above ___ on December 2?","No",0.98,563800.721131,100,2.00,https://polymarket.com/event/bitcoin-above-on-december-2
2025-12-02, 11:41:18 a.m.,"Bitcoin above ___ on December 2?","No",0.98,563800.721131,100,2.00,https://polymarket.com/event/bitcoin-above-on-december-2
2025-12-02, 11:41:18 a.m.,"Bitcoin above ___ on December 2?","No",0.98,563800.721131,100,2.00,https://polymarket.com/event/bitcoin-above-on-december-2
2025-12-02, 11:41:18 a.m.,"Bitcoin above ___ on December 2?","No",0.98,563800.721131,100,2.00,https://polymarket.com/event/bitcoin-above-on-december-2
2025-12-02, 11:41:18 a.m.,"Bitcoin above ___ on December 2?","No",0.98,563800.721131,100,2.00,https://polymarket.com/event/bitcoin-above-on-december-2
2025-12-02, 11:41:18 a.m.,"Bitcoin above ___ on December 2?","No",0.98,563800.721131,100,2.00,https://polymarket.com/event/bitcoin-above-on-december-2
2025-12-02, 11:41:18 a.m.,"Bitcoin above ___ on December 2?","No",0.98,563800.721131,100,2.00,https://polymarket.com/event/bitcoin-above-on-december-2
2025-12-02, 11:41:18 a.m.,"Bitcoin above ___ on December 2?","No",0.98,563800.721131,100,2.00,https://polymarket.com/event/bitcoin-above-on-december-2
2025-12-02, 11:41:18 a.m.,"Bitcoin above ___ on December 2?","No",0.98,563800.721131,100,2.00,https://polymarket.com/event/bitcoin-above-on-december-2
2025-12-02, 11:41:18 a.m.,"Bitcoin above ___ on December 2?","No",0.98,563800.721131,100,2.00,https://polymarket.com/event/bitcoin-above-on-december-2
2025-12-02, 11:42:19 a.m.,"Bitcoin above ___ on December 2?","No",0.98,608289.808834,100,2.00,https://polymarket.com/event/bitcoin-above-on-december-2
2025-12-02, 11:42:19 a.m.,"Bitcoin above ___ on December 2?","No",0.98,608289.808834,100,2.00,https://polymarket.com/event/bitcoin-above-on-december-2
2025-12-02, 11:42:19 a.m.,"Bitcoin above ___ on December 2?","No",0.98,608289.808834,100,2.00,https://polymarket.com/event/bitcoin-above-on-december-2
2025-12-02, 11:42:19 a.m.,"Bitcoin above ___ on December 2?","No",0.98,608289.808834,100,2.00,https://polymarket.com/event/bitcoin-above-on-december-2
2025-12-02, 11:42:19 a.m.,"Bitcoin above ___ on December 2?","No",0.98,608289.808834,100,2.00,https://polymarket.com/event/bitcoin-above-on-december-2
2025-12-02, 11:42:19 a.m.,"Bitcoin above ___ on December 2?","No",0.98,608289.808834,100,2.00,https://polymarket.com/event/bitcoin-above-on-december-2
2025-12-02, 11:42:19 a.m.,"Bitcoin above ___ on December 2?","No",0.98,608289.808834,100,2.00,https://polymarket.com/event/bitcoin-above-on-december-2
2025-12-02, 11:42:19 a.m.,"Bitcoin above ___ on December 2?","No",0.98,608289.808834,100,2.00,https://polymarket.com/event/bitcoin-above-on-december-2
2025-12-02, 11:42:19 a.m.,"Bitcoin above ___ on December 2?","No",0.98,608289.808834,100,2.00,https://polymarket.com/event/bitcoin-above-on-december-2
2025-12-02, 11:42:19 a.m.,"Bitcoin above ___ on December 2?","No",0.98,608289.808834,100,2.00,https://polymarket.com/event/bitcoin-above-on-december-2
2025-12-02, 11:42:19 a.m.,"Bitcoin above ___ on December 2?","No",0.98,608289.808834,100,2.00,https://polymarket.com/event/bitcoin-above-on-december-2
2025-12-02, 11:42:19 a.m.,"Bitcoin above ___ on December 2?","No",0.98,608289.808834,100,2.00,https://polymarket.com/event/bitcoin-above-on-december-2
2025-12-02, 11:42:19 a.m.,"Bitcoin above ___ on December 2?","No",0.98,608289.808834,100,2.00,https://polymarket.com/event/bitcoin-above-on-december-2
2025-12-02, 11:42:20 a.m.,"Bitcoin above ___ on December 2?","No",0.98,608289.808834,100,2.00,https://polymarket.com/event/bitcoin-above-on-december-2
2025-12-02, 11:42:20 a.m.,"Bitcoin above ___ on December 2?","No",0.98,608289.808834,100,2.00,https://polymarket.com/event/bitcoin-above-on-december-2
2025-12-02, 11:42:20 a.m.,"Bitcoin above ___ on December 2?","No",0.98,608289.808834,100,2.00,https://polymarket.com/event/bitcoin-above-on-december-2
2025-12-02, 11:42:20 a.m.,"Bitcoin above ___ on December 2?","No",0.98,608289.808834,100,2.00,https://polymarket.com/event/bitcoin-above-on-december-2
2025-12-02, 11:42:20 a.m.,"Bitcoin above ___ on December 2?","No",0.98,608289.808834,100,2.00,https://polymarket.com/event/bitcoin-above-on-december-2
2025-12-02, 11:42:20 a.m.,"Bitcoin above ___ on December 2?","No",0.98,608289.808834,100,2.00,https://polymarket.com/event/bitcoin-above-on-december-2
2025-12-02, 11:42:26 a.m.,"Counter-Strike: Passion UA vs M80 (BO3)","Passion UA",0.93,1054769.04105,100,7.00,https://polymarket.com/event/cs2-pssnua-m80-2025-12-02
2025-12-02, 11:42:26 a.m.,"Counter-Strike: Passion UA vs M80 (BO3)","Passion UA",0.93,1054769.04105,100,7.00,https://polymarket.com/event/cs2-pssnua-m80-2025-12-02
2025-12-02, 11:42:26 a.m.,"Counter-Strike: Passion UA vs M80 (BO3)","Passion UA",0.93,1054769.04105,100,7.00,https://polymarket.com/event/cs2-pssnua-m80-2025-12-02
2025-12-02, 11:42:26 a.m.,"Counter-Strike: Passion UA vs M80 (BO3)","Passion UA",0.93,1054769.04105,100,7.00,https://polymarket.com/event/cs2-pssnua-m80-2025-12-02
2025-12-02, 11:42:26 a.m.,"Counter-Strike: Passion UA vs M80 (BO3)","Passion UA",0.93,1054769.04105,100,7.00,https://polymarket.com/event/cs2-pssnua-m80-2025-12-02
2025-12-02, 11:42:26 a.m.,"Counter-Strike: Passion UA vs M80 (BO3)","Passion UA",0.93,1054769.04105,100,7.00,https://polymarket.com/event/cs2-pssnua-m80-2025-12-02
2025-12-02, 11:42:26 a.m.,"Counter-Strike: Passion UA vs M80 (BO3)","Passion UA",0.93,1054769.04105,100,7.00,https://polymarket.com/event/cs2-pssnua-m80-2025-12-02
2025-12-02, 11:42:26 a.m.,"Counter-Strike: Passion UA vs M80 (BO3)","Passion UA",0.93,1054769.04105,100,7.00,https://polymarket.com/event/cs2-pssnua-m80-2025-12-02
2025-12-02, 11:42:26 a.m.,"Counter-Strike: Passion UA vs M80 (BO3)","Passion UA",0.93,1054769.04105,100,7.00,https://polymarket.com/event/cs2-pssnua-m80-2025-12-02
2025-12-02, 11:42:26 a.m.,"Counter-Strike: Passion UA vs M80 (BO3)","Passion UA",0.93,1054769.04105,100,7.00,https://polymarket.com/event/cs2-pssnua-m80-2025-12-02
2025-12-02, 11:42:26 a.m.,"Counter-Strike: Passion UA vs M80 (BO3)","Passion UA",0.93,1054769.04105,100,7.00,https://polymarket.com/event/cs2-pssnua-m80-2025-12-02
2025-12-02, 11:42:26 a.m.,"Counter-Strike: Passion UA vs M80 (BO3)","Passion UA",0.93,1054769.04105,100,7.00,https://polymarket.com/event/cs2-pssnua-m80-2025-12-02
2025-12-02, 11:42:26 a.m.,"Counter-Strike: Passion UA vs M80 (BO3)","Passion UA",0.93,1054769.04105,100,7.00,https://polymarket.com/event/cs2-pssnua-m80-2025-12-02
2025-12-02, 11:42:26 a.m.,"Counter-Strike: Passion UA vs M80 (BO3)","Passion UA",0.93,1054769.04105,100,7.00,https://polymarket.com/event/cs2-pssnua-m80-2025-12-02
2025-12-02, 11:42:26 a.m.,"Counter-Strike: Passion UA vs M80 (BO3)","Passion UA",0.93,1054769.04105,100,7.00,https://polymarket.com/event/cs2-pssnua-m80-2025-12-02
2025-12-02, 11:42:26 a.m.,"Counter-Strike: Passion UA vs M80 (BO3)","Passion UA",0.93,1054769.04105,100,7.00,https://polymarket.com/event/cs2-pssnua-m80-2025-12-02
2025-12-02, 11:42:26 a.m.,"Counter-Strike: Passion UA vs M80 (BO3)","Passion UA",0.93,1054769.04105,100,7.00,https://polymarket.com/event/cs2-pssnua-m80-2025-12-02
2025-12-02, 11:42:26 a.m.,"Counter-Strike: Passion UA vs M80 (BO3)","Passion UA",0.93,1054769.04105,100,7.00,https://polymarket.com/event/cs2-pssnua-m80-2025-12-02
2025-12-02, 11:42:26 a.m.,"Counter-Strike: Passion UA vs M80 (BO3)","Passion UA",0.93,1054769.04105,100,7.00,https://polymarket.com/event/cs2-pssnua-m80-2025-12-02
2025-12-02, 11:42:26 a.m.,"Counter-Strike: Passion UA vs M80 (BO3)","Passion UA",0.93,1054769.04105,100,7.00,https://polymarket.com/event/cs2-pssnua-m80-2025-12-02
2025-12-02, 11:42:26 a.m.,"Counter-Strike: Passion UA vs M80 (BO3)","Passion UA",0.93,1054769.04105,100,7.00,https://polymarket.com/event/cs2-pssnua-m80-2025-12-02
2025-12-02, 11:42:46 a.m.,"Ethereum above ___ on December 2?","Yes",0.976,176411.01234,100,2.40,https://polymarket.com/event/ethereum-above-on-december-2
2025-12-02, 11:42:46 a.m.,"Ethereum above ___ on December 2?","Yes",0.976,176411.01234,100,2.40,https://polymarket.com/event/ethereum-above-on-december-2
2025-12-02, 11:42:46 a.m.,"Ethereum above ___ on December 2?","Yes",0.976,176411.01234,100,2.40,https://polymarket.com/event/ethereum-above-on-december-2
2025-12-02, 11:42:46 a.m.,"Ethereum above ___ on December 2?","Yes",0.976,176411.01234,100,2.40,https://polymarket.com/event/ethereum-above-on-december-2
2025-12-02, 11:42:46 a.m.,"Ethereum above ___ on December 2?","Yes",0.976,176411.01234,100,2.40,https://polymarket.com/event/ethereum-above-on-december-2
2025-12-02, 11:42:46 a.m.,"Ethereum above ___ on December 2?","Yes",0.976,176411.01234,100,2.40,https://polymarket.com/event/ethereum-above-on-december-2
2025-12-02, 11:42:46 a.m.,"Ethereum above ___ on December 2?","Yes",0.976,176411.01234,100,2.40,https://polymarket.com/event/ethereum-above-on-december-2
2025-12-02, 11:42:46 a.m.,"Ethereum above ___ on December 2?","Yes",0.976,176411.01234,100,2.40,https://polymarket.com/event/ethereum-above-on-december-2
2025-12-02, 11:42:46 a.m.,"Ethereum above ___ on December 2?","Yes",0.976,176411.01234,100,2.40,https://polymarket.com/event/ethereum-above-on-december-2
2025-12-02, 11:42:46 a.m.,"Ethereum above ___ on December 2?","Yes",0.976,176411.01234,100,2.40,https://polymarket.com/event/ethereum-above-on-december-2
2025-12-02, 11:42:46 a.m.,"Ethereum above ___ on December 2?","Yes",0.976,176411.01234,100,2.40,https://polymarket.com/event/ethereum-above-on-december-2
2025-12-02, 11:42:46 a.m.,"Ethereum above ___ on December 2?","Yes",0.976,176411.01234,100,2.40,https://polymarket.com/event/ethereum-above-on-december-2
2025-12-02, 11:42:46 a.m.,"Ethereum above ___ on December 2?","Yes",0.976,176411.01234,100,2.40,https://polymarket.com/event/ethereum-above-on-december-2
2025-12-02, 11:42:46 a.m.,"Ethereum above ___ on December 2?","Yes",0.976,176411.01234,100,2.40,https://polymarket.com/event/ethereum-above-on-december-2
2025-12-02, 11:42:46 a.m.,"Ethereum above ___ on December 2?","Yes",0.976,176411.01234,100,2.40,https://polymarket.com/event/ethereum-above-on-december-2
2025-12-02, 11:42:46 a.m.,"Ethereum above ___ on December 2?","Yes",0.976,176411.01234,100,2.40,https://polymarket.com/event/ethereum-above-on-december-2
2025-12-02, 11:42:46 a.m.,"Ethereum above ___ on December 2?","Yes",0.976,176411.01234,100,2.40,https://polymarket.com/event/ethereum-above-on-december-2
2025-12-02, 11:42:46 a.m.,"Ethereum above ___ on December 2?","Yes",0.976,176411.01234,100,2.40,https://polymarket.com/event/ethereum-above-on-december-2
2025-12-02, 11:42:46 a.m.,"Ethereum above ___ on December 2?","Yes",0.976,176411.01234,100,2.40,https://polymarket.com/event/ethereum-above-on-december-2
2025-12-02, 11:43:01 a.m.,"Counter-Strike: Passion UA vs M80 (BO3)","Passion UA",0.97,1054769.04105,100,3.00,https://polymarket.com/event/cs2-pssnua-m80-2025-12-02
2025-12-02, 11:43:01 a.m.,"Counter-Strike: Passion UA vs M80 (BO3)","Passion UA",0.97,1054769.04105,100,3.00,https://polymarket.com/event/cs2-pssnua-m80-2025-12-02
2025-12-02, 11:43:01 a.m.,"Counter-Strike: Passion UA vs M80 (BO3)","Passion UA",0.97,1054769.04105,100,3.00,https://polymarket.com/event/cs2-pssnua-m80-2025-12-02
2025-12-02, 11:43:01 a.m.,"Counter-Strike: Passion UA vs M80 (BO3)","Passion UA",0.97,1054769.04105,100,3.00,https://polymarket.com/event/cs2-pssnua-m80-2025-12-02
2025-12-02, 11:43:01 a.m.,"Counter-Strike: Passion UA vs M80 (BO3)","Passion UA",0.97,1054769.04105,100,3.00,https://polymarket.com/event/cs2-pssnua-m80-2025-12-02
2025-12-02, 11:43:01 a.m.,"Counter-Strike: Passion UA vs M80 (BO3)","Passion UA",0.97,1054769.04105,100,3.00,https://polymarket.com/event/cs2-pssnua-m80-2025-12-02
2025-12-02, 11:43:01 a.m.,"Counter-Strike: Passion UA vs M80 (BO3)","Passion UA",0.97,1054769.04105,100,3.00,https://polymarket.com/event/cs2-pssnua-m80-2025-12-02
2025-12-02, 11:43:01 a.m.,"Counter-Strike: Passion UA vs M80 (BO3)","Passion UA",0.97,1054769.04105,100,3.00,https://polymarket.com/event/cs2-pssnua-m80-2025-12-02
2025-12-02, 11:43:01 a.m.,"Counter-Strike: Passion UA vs M80 (BO3)","Passion UA",0.97,1054769.04105,100,3.00,https://polymarket.com/event/cs2-pssnua-m80-2025-12-02
2025-12-02, 11:43:01 a.m.,"Counter-Strike: Passion UA vs M80 (BO3)","Passion UA",0.97,1054769.04105,100,3.00,https://polymarket.com/event/cs2-pssnua-m80-2025-12-02
2025-12-02, 11:43:01 a.m.,"Counter-Strike: Passion UA vs M80 (BO3)","Passion UA",0.97,1054769.04105,100,3.00,https://polymarket.com/event/cs2-pssnua-m80-2025-12-02
2025-12-02, 11:43:01 a.m.,"Counter-Strike: Passion UA vs M80 (BO3)","Passion UA",0.97,1054769.04105,100,3.00,https://polymarket.com/event/cs2-pssnua-m80-2025-12-02
2025-12-02, 11:43:01 a.m.,"Counter-Strike: Passion UA vs M80 (BO3)","Passion UA",0.97,1054769.04105,100,3.00,https://polymarket.com/event/cs2-pssnua-m80-2025-12-02
2025-12-02, 11:43:01 a.m.,"Counter-Strike: Passion UA vs M80 (BO3)","Passion UA",0.97,1054769.04105,100,3.00,https://polymarket.com/event/cs2-pssnua-m80-2025-12-02
2025-12-02, 11:43:01 a.m.,"Counter-Strike: Passion UA vs M80 (BO3)","Passion UA",0.97,1054769.04105,100,3.00,https://polymarket.com/event/cs2-pssnua-m80-2025-12-02
2025-12-02, 11:43:01 a.m.,"Counter-Strike: Passion UA vs M80 (BO3)","Passion UA",0.97,1054769.04105,100,3.00,https://polymarket.com/event/cs2-pssnua-m80-2025-12-02
2025-12-02, 11:43:01 a.m.,"Counter-Strike: Passion UA vs M80 (BO3)","Passion UA",0.97,1054769.04105,100,3.00,https://polymarket.com/event/cs2-pssnua-m80-2025-12-02
2025-12-02, 11:43:01 a.m.,"Counter-Strike: Passion UA vs M80 (BO3)","Passion UA",0.97,1054769.04105,100,3.00,https://polymarket.com/event/cs2-pssnua-m80-2025-12-02
2025-12-02, 11:43:01 a.m.,"Counter-Strike: Passion UA vs M80 (BO3)","Passion UA",0.97,1054769.04105,100,3.00,https://polymarket.com/event/cs2-pssnua-m80-2025-12-02
2025-12-02, 11:43:01 a.m.,"Counter-Strike: Passion UA vs M80 (BO3)","Passion UA",0.97,1054769.04105,100,3.00,https://polymarket.com/event/cs2-pssnua-m80-2025-12-02
2025-12-02, 11:43:01 a.m.,"Counter-Strike: Passion UA vs M80 (BO3)","Passion UA",0.97,1054769.04105,100,3.00,https://polymarket.com/event/cs2-pssnua-m80-2025-12-02
2025-12-02, 11:44:00 a.m.,"Counter-Strike: Passion UA vs M80 (BO3)","Passion UA",0.96,1054769.04105,100,4.00,https://polymarket.com/event/cs2-pssnua-m80-2025-12-02
2025-12-02, 11:44:00 a.m.,"Counter-Strike: Passion UA vs M80 (BO3)","Passion UA",0.96,1054769.04105,100,4.00,https://polymarket.com/event/cs2-pssnua-m80-2025-12-02
2025-12-02, 11:44:00 a.m.,"Counter-Strike: Passion UA vs M80 (BO3)","Passion UA",0.96,1054769.04105,100,4.00,https://polymarket.com/event/cs2-pssnua-m80-2025-12-02
2025-12-02, 11:44:00 a.m.,"Counter-Strike: Passion UA vs M80 (BO3)","Passion UA",0.96,1054769.04105,100,4.00,https://polymarket.com/event/cs2-pssnua-m80-2025-12-02
2025-12-02, 11:44:00 a.m.,"Counter-Strike: Passion UA vs M80 (BO3)","Passion UA",0.96,1054769.04105,100,4.00,https://polymarket.com/event/cs2-pssnua-m80-2025-12-02
2025-12-02, 11:44:00 a.m.,"Counter-Strike: Passion UA vs M80 (BO3)","Passion UA",0.96,1054769.04105,100,4.00,https://polymarket.com/event/cs2-pssnua-m80-2025-12-02
2025-12-02, 11:44:00 a.m.,"Counter-Strike: Passion UA vs M80 (BO3)","Passion UA",0.96,1054769.04105,100,4.00,https://polymarket.com/event/cs2-pssnua-m80-2025-12-02
2025-12-02, 11:44:00 a.m.,"Counter-Strike: Passion UA vs M80 (BO3)","Passion UA",0.96,1054769.04105,100,4.00,https://polymarket.com/event/cs2-pssnua-m80-2025-12-02
2025-12-02, 11:44:00 a.m.,"Counter-Strike: Passion UA vs M80 (BO3)","Passion UA",0.96,1054769.04105,100,4.00,https://polymarket.com/event/cs2-pssnua-m80-2025-12-02
2025-12-02, 11:44:00 a.m.,"Counter-Strike: Passion UA vs M80 (BO3)","Passion UA",0.96,1054769.04105,100,4.00,https://polymarket.com/event/cs2-pssnua-m80-2025-12-02
2025-12-02, 11:44:00 a.m.,"Counter-Strike: Passion UA vs M80 (BO3)","Passion UA",0.96,1054769.04105,100,4.00,https://polymarket.com/event/cs2-pssnua-m80-2025-12-02
2025-12-02, 11:44:00 a.m.,"Counter-Strike: Passion UA vs M80 (BO3)","Passion UA",0.96,1054769.04105,100,4.00,https://polymarket.com/event/cs2-pssnua-m80-2025-12-02
2025-12-02, 11:44:00 a.m.,"Counter-Strike: Passion UA vs M80 (BO3)","Passion UA",0.96,1054769.04105,100,4.00,https://polymarket.com/event/cs2-pssnua-m80-2025-12-02
2025-12-02, 11:44:00 a.m.,"Counter-Strike: Passion UA vs M80 (BO3)","Passion UA",0.96,1054769.04105,100,4.00,https://polymarket.com/event/cs2-pssnua-m80-2025-12-02
2025-12-02, 11:44:00 a.m.,"Counter-Strike: Passion UA vs M80 (BO3)","Passion UA",0.96,1054769.04105,100,4.00,https://polymarket.com/event/cs2-pssnua-m80-2025-12-02
2025-12-02, 11:44:00 a.m.,"Counter-Strike: Passion UA vs M80 (BO3)","Passion UA",0.96,1054769.04105,100,4.00,https://polymarket.com/event/cs2-pssnua-m80-2025-12-02
2025-12-02, 11:44:00 a.m.,"Counter-Strike: Passion UA vs M80 (BO3)","Passion UA",0.96,1054769.04105,100,4.00,https://polymarket.com/event/cs2-pssnua-m80-2025-12-02
2025-12-02, 11:44:00 a.m.,"Counter-Strike: Passion UA vs M80 (BO3)","Passion UA",0.96,1054769.04105,100,4.00,https://polymarket.com/event/cs2-pssnua-m80-2025-12-02
2025-12-02, 11:44:00 a.m.,"Counter-Strike: Passion UA vs M80 (BO3)","Passion UA",0.96,1054769.04105,100,4.00,https://polymarket.com/event/cs2-pssnua-m80-2025-12-02
2025-12-02, 11:44:00 a.m.,"Counter-Strike: Passion UA vs M80 (BO3)","Passion UA",0.96,1054769.04105,100,4.00,https://polymarket.com/event/cs2-pssnua-m80-2025-12-02
2025-12-02, 11:44:00 a.m.,"Counter-Strike: Passion UA vs M80 (BO3)","Passion UA",0.96,1054769.04105,100,4.00,https://polymarket.com/event/cs2-pssnua-m80-2025-12-02
2025-12-02, 11:50:33 a.m.,"Ethereum above ___ on December 2?","Yes",0.975,276949.323348,100,2.50,https://polymarket.com/event/ethereum-above-on-december-2
2025-12-02, 11:50:33 a.m.,"Ethereum above ___ on December 2?","Yes",0.975,276949.323348,100,2.50,https://polymarket.com/event/ethereum-above-on-december-2
2025-12-02, 11:50:33 a.m.,"Ethereum above ___ on December 2?","Yes",0.975,276949.323348,100,2.50,https://polymarket.com/event/ethereum-above-on-december-2
2025-12-02, 11:50:33 a.m.,"Ethereum above ___ on December 2?","Yes",0.975,276949.323348,100,2.50,https://polymarket.com/event/ethereum-above-on-december-2
2025-12-02, 11:50:33 a.m.,"Ethereum above ___ on December 2?","Yes",0.975,276949.323348,100,2.50,https://polymarket.com/event/ethereum-above-on-december-2
2025-12-02, 11:50:33 a.m.,"Ethereum above ___ on December 2?","Yes",0.975,276949.323348,100,2.50,https://polymarket.com/event/ethereum-above-on-december-2
2025-12-02, 11:50:33 a.m.,"Ethereum above ___ on December 2?","Yes",0.975,276949.323348,100,2.50,https://polymarket.com/event/ethereum-above-on-december-2
2025-12-02, 11:50:33 a.m.,"Ethereum above ___ on December 2?","Yes",0.975,276949.323348,100,2.50,https://polymarket.com/event/ethereum-above-on-december-2
2025-12-02, 11:50:33 a.m.,"Ethereum above ___ on December 2?","Yes",0.975,276949.323348,100,2.50,https://polymarket.com/event/ethereum-above-on-december-2
2025-12-02, 11:50:33 a.m.,"Ethereum above ___ on December 2?","Yes",0.975,276949.323348,100,2.50,https://polymarket.com/event/ethereum-above-on-december-2
2025-12-02, 11:50:33 a.m.,"Ethereum above ___ on December 2?","Yes",0.975,276949.323348,100,2.50,https://polymarket.com/event/ethereum-above-on-december-2
2025-12-02, 11:50:33 a.m.,"Ethereum above ___ on December 2?","Yes",0.975,276949.323348,100,2.50,https://polymarket.com/event/ethereum-above-on-december-2
2025-12-02, 11:50:33 a.m.,"Ethereum above ___ on December 2?","Yes",0.975,276949.323348,100,2.50,https://polymarket.com/event/ethereum-above-on-december-2
2025-12-02, 11:50:33 a.m.,"Ethereum above ___ on December 2?","Yes",0.975,276949.323348,100,2.50,https://polymarket.com/event/ethereum-above-on-december-2
2025-12-02, 11:50:33 a.m.,"Ethereum above ___ on December 2?","Yes",0.975,276949.323348,100,2.50,https://polymarket.com/event/ethereum-above-on-december-2
2025-12-02, 11:50:33 a.m.,"Ethereum above ___ on December 2?","Yes",0.975,276949.323348,100,2.50,https://polymarket.com/event/ethereum-above-on-december-2
2025-12-02, 11:50:33 a.m.,"Ethereum above ___ on December 2?","Yes",0.975,276949.323348,100,2.50,https://polymarket.com/event/ethereum-above-on-december-2
2025-12-02, 11:50:33 a.m.,"Ethereum above ___ on December 2?","Yes",0.975,276949.323348,100,2.50,https://polymarket.com/event/ethereum-above-on-december-2
2025-12-02, 11:50:33 a.m.,"Ethereum above ___ on December 2?","Yes",0.975,276949.323348,100,2.50,https://polymarket.com/event/ethereum-above-on-december-2
2025-12-02, 11:55:18 a.m.,"When will Bitcoin hit $150k?","Yes",0.1,51327.976365,100,90.00,https://polymarket.com/event/when-will-bitcoin-hit-150k
2025-12-02, 11:55:18 a.m.,"When will Bitcoin hit $150k?","Yes",0.1,51327.976365,100,90.00,https://polymarket.com/event/when-will-bitcoin-hit-150k
2025-12-02, 11:55:18 a.m.,"When will Bitcoin hit $150k?","Yes",0.1,51327.976365,100,90.00,https://polymarket.com/event/when-will-bitcoin-hit-150k
2025-12-02, 11:55:18 a.m.,"When will Bitcoin hit $150k?","Yes",0.1,51327.976365,100,90.00,https://polymarket.com/event/when-will-bitcoin-hit-150k
2025-12-02, 11:55:18 a.m.,"When will Bitcoin hit $150k?","Yes",0.1,51327.976365,100,90.00,https://polymarket.com/event/when-will-bitcoin-hit-150k
2025-12-02, 11:55:18 a.m.,"When will Bitcoin hit $150k?","Yes",0.1,51327.976365,100,90.00,https://polymarket.com/event/when-will-bitcoin-hit-150k
2025-12-02, 11:55:18 a.m.,"When will Bitcoin hit $150k?","Yes",0.1,51327.976365,100,90.00,https://polymarket.com/event/when-will-bitcoin-hit-150k
2025-12-02, 11:55:18 a.m.,"When will Bitcoin hit $150k?","Yes",0.1,51327.976365,100,90.00,https://polymarket.com/event/when-will-bitcoin-hit-150k
2025-12-02, 11:55:18 a.m.,"When will Bitcoin hit $150k?","Yes",0.1,51327.976365,100,90.00,https://polymarket.com/event/when-will-bitcoin-hit-150k
2025-12-02, 11:55:18 a.m.,"When will Bitcoin hit $150k?","Yes",0.1,51327.976365,100,90.00,https://polymarket.com/event/when-will-bitcoin-hit-150k
2025-12-02, 11:55:18 a.m.,"When will Bitcoin hit $150k?","Yes",0.1,51327.976365,100,90.00,https://polymarket.com/event/when-will-bitcoin-hit-150k
2025-12-02, 11:55:18 a.m.,"When will Bitcoin hit $150k?","Yes",0.1,51327.976365,100,90.00,https://polymarket.com/event/when-will-bitcoin-hit-150k
2025-12-02, 11:55:18 a.m.,"When will Bitcoin hit $150k?","Yes",0.1,51327.976365,100,90.00,https://polymarket.com/event/when-will-bitcoin-hit-150k
2025-12-02, 11:55:18 a.m.,"When will Bitcoin hit $150k?","Yes",0.1,51327.976365,100,90.00,https://polymarket.com/event/when-will-bitcoin-hit-150k
2025-12-02, 11:55:18 a.m.,"When will Bitcoin hit $150k?","Yes",0.1,51327.976365,100,90.00,https://polymarket.com/event/when-will-bitcoin-hit-150k
2025-12-02, 11:55:18 a.m.,"When will Bitcoin hit $150k?","Yes",0.1,51327.976365,100,90.00,https://polymarket.com/event/when-will-bitcoin-hit-150k
2025-12-02, 11:55:18 a.m.,"When will Bitcoin hit $150k?","Yes",0.1,51327.976365,100,90.00,https://polymarket.com/event/when-will-bitcoin-hit-150k
2025-12-02, 11:55:18 a.m.,"When will Bitcoin hit $150k?","Yes",0.1,51327.976365,100,90.00,https://polymarket.com/event/when-will-bitcoin-hit-150k
2025-12-02, 11:55:18 a.m.,"When will Bitcoin hit $150k?","Yes",0.1,51327.976365,100,90.00,https://polymarket.com/event/when-will-bitcoin-hit-150k
2025-12-02, 11:58:02 a.m.,"When will Bitcoin hit $150k?","Yes",0.22,90847.603691,100,78.00,https://polymarket.com/event/when-will-bitcoin-hit-150k
2025-12-02, 11:58:02 a.m.,"When will Bitcoin hit $150k?","Yes",0.22,90847.603691,100,78.00,https://polymarket.com/event/when-will-bitcoin-hit-150k
2025-12-02, 11:58:02 a.m.,"When will Bitcoin hit $150k?","Yes",0.22,90847.603691,100,78.00,https://polymarket.com/event/when-will-bitcoin-hit-150k
2025-12-02, 11:58:02 a.m.,"When will Bitcoin hit $150k?","Yes",0.22,90847.603691,100,78.00,https://polymarket.com/event/when-will-bitcoin-hit-150k
2025-12-02, 11:58:02 a.m.,"When will Bitcoin hit $150k?","Yes",0.22,90847.603691,100,78.00,https://polymarket.com/event/when-will-bitcoin-hit-150k
2025-12-02, 11:58:02 a.m.,"When will Bitcoin hit $150k?","Yes",0.22,90847.603691,100,78.00,https://polymarket.com/event/when-will-bitcoin-hit-150k
2025-12-02, 11:58:02 a.m.,"When will Bitcoin hit $150k?","Yes",0.22,90847.603691,100,78.00,https://polymarket.com/event/when-will-bitcoin-hit-150k
2025-12-02, 11:58:02 a.m.,"When will Bitcoin hit $150k?","Yes",0.22,90847.603691,100,78.00,https://polymarket.com/event/when-will-bitcoin-hit-150k
2025-12-02, 11:58:02 a.m.,"When will Bitcoin hit $150k?","Yes",0.22,90847.603691,100,78.00,https://polymarket.com/event/when-will-bitcoin-hit-150k
2025-12-02, 11:58:02 a.m.,"When will Bitcoin hit $150k?","Yes",0.22,90847.603691,100,78.00,https://polymarket.com/event/when-will-bitcoin-hit-150k
2025-12-02, 11:58:02 a.m.,"When will Bitcoin hit $150k?","Yes",0.22,90847.603691,100,78.00,https://polymarket.com/event/when-will-bitcoin-hit-150k
2025-12-02, 11:58:02 a.m.,"When will Bitcoin hit $150k?","Yes",0.22,90847.603691,100,78.00,https://polymarket.com/event/when-will-bitcoin-hit-150k
2025-12-02, 11:58:02 a.m.,"When will Bitcoin hit $150k?","Yes",0.22,90847.603691,100,78.00,https://polymarket.com/event/when-will-bitcoin-hit-150k
2025-12-02, 11:58:02 a.m.,"When will Bitcoin hit $150k?","Yes",0.22,90847.603691,100,78.00,https://polymarket.com/event/when-will-bitcoin-hit-150k
2025-12-02, 11:58:02 a.m.,"When will Bitcoin hit $150k?","Yes",0.22,90847.603691,100,78.00,https://polymarket.com/event/when-will-bitcoin-hit-150k
2025-12-02, 11:58:02 a.m.,"When will Bitcoin hit $150k?","Yes",0.22,90847.603691,100,78.00,https://polymarket.com/event/when-will-bitcoin-hit-150k
2025-12-02, 11:58:02 a.m.,"When will Bitcoin hit $150k?","Yes",0.22,90847.603691,100,78.00,https://polymarket.com/event/when-will-bitcoin-hit-150k
2025-12-02, 11:58:02 a.m.,"When will Bitcoin hit $150k?","Yes",0.22,90847.603691,100,78.00,https://polymarket.com/event/when-will-bitcoin-hit-150k
2025-12-02, 11:58:02 a.m.,"When will Bitcoin hit $150k?","Yes",0.22,90847.603691,100,78.00,https://polymarket.com/event/when-will-bitcoin-hit-150k
2025-12-02, 12:32:23 p.m.,"Counter-Strike: Liquid vs Astralis (BO3)","Liquid",0.94,38466.607709,100,6.00,https://polymarket.com/event/cs2-tl1-ast10-2025-12-02
2025-12-02, 12:32:23 p.m.,"Counter-Strike: Liquid vs Astralis (BO3)","Liquid",0.94,38466.607709,100,6.00,https://polymarket.com/event/cs2-tl1-ast10-2025-12-02
2025-12-02, 12:32:23 p.m.,"Counter-Strike: Liquid vs Astralis (BO3)","Liquid",0.94,38466.607709,100,6.00,https://polymarket.com/event/cs2-tl1-ast10-2025-12-02
2025-12-02, 12:32:23 p.m.,"Counter-Strike: Liquid vs Astralis (BO3)","Liquid",0.94,38466.607709,100,6.00,https://polymarket.com/event/cs2-tl1-ast10-2025-12-02
2025-12-02, 12:32:23 p.m.,"Counter-Strike: Liquid vs Astralis (BO3)","Liquid",0.94,38466.607709,100,6.00,https://polymarket.com/event/cs2-tl1-ast10-2025-12-02
2025-12-02, 12:32:23 p.m.,"Counter-Strike: Liquid vs Astralis (BO3)","Liquid",0.94,38466.607709,100,6.00,https://polymarket.com/event/cs2-tl1-ast10-2025-12-02
2025-12-02, 12:33:05 p.m.,"Counter-Strike: Liquid vs Astralis (BO3)","Liquid",0.95,38466.607709,100,5.00,https://polymarket.com/event/cs2-tl1-ast10-2025-12-02
2025-12-02, 12:33:05 p.m.,"Counter-Strike: Liquid vs Astralis (BO3)","Liquid",0.95,38466.607709,100,5.00,https://polymarket.com/event/cs2-tl1-ast10-2025-12-02
2025-12-02, 12:33:05 p.m.,"Counter-Strike: Liquid vs Astralis (BO3)","Liquid",0.95,38466.607709,100,5.00,https://polymarket.com/event/cs2-tl1-ast10-2025-12-02
2025-12-02, 12:33:05 p.m.,"Counter-Strike: Liquid vs Astralis (BO3)","Liquid",0.95,38466.607709,100,5.00,https://polymarket.com/event/cs2-tl1-ast10-2025-12-02
2025-12-02, 12:33:05 p.m.,"Counter-Strike: Liquid vs Astralis (BO3)","Liquid",0.95,38466.607709,100,5.00,https://polymarket.com/event/cs2-tl1-ast10-2025-12-02
2025-12-02, 12:33:05 p.m.,"Counter-Strike: Liquid vs Astralis (BO3)","Liquid",0.95,38466.607709,100,5.00,https://polymarket.com/event/cs2-tl1-ast10-2025-12-02
2025-12-02, 12:34:02 p.m.,"Counter-Strike: Liquid vs Astralis (BO3)","Liquid",0.97,38466.607709,100,3.00,https://polymarket.com/event/cs2-tl1-ast10-2025-12-02
2025-12-02, 12:34:02 p.m.,"Counter-Strike: Liquid vs Astralis (BO3)","Liquid",0.97,38466.607709,100,3.00,https://polymarket.com/event/cs2-tl1-ast10-2025-12-02
2025-12-02, 12:34:02 p.m.,"Counter-Strike: Liquid vs Astralis (BO3)","Liquid",0.97,38466.607709,100,3.00,https://polymarket.com/event/cs2-tl1-ast10-2025-12-02
2025-12-02, 12:34:02 p.m.,"Counter-Strike: Liquid vs Astralis (BO3)","Liquid",0.97,38466.607709,100,3.00,https://polymarket.com/event/cs2-tl1-ast10-2025-12-02
2025-12-02, 12:34:02 p.m.,"Counter-Strike: Liquid vs Astralis (BO3)","Liquid",0.97,38466.607709,100,3.00,https://polymarket.com/event/cs2-tl1-ast10-2025-12-02
2025-12-02, 12:34:02 p.m.,"Counter-Strike: Liquid vs Astralis (BO3)","Liquid",0.97,38466.607709,100,3.00,https://polymarket.com/event/cs2-tl1-ast10-2025-12-02
2025-12-02, 12:35:00 p.m.,"Counter-Strike: Liquid vs Astralis (BO3)","Liquid",0.95,38466.607709,100,5.00,https://polymarket.com/event/cs2-tl1-ast10-2025-12-02
2025-12-02, 12:35:00 p.m.,"Counter-Strike: Liquid vs Astralis (BO3)","Liquid",0.95,38466.607709,100,5.00,https://polymarket.com/event/cs2-tl1-ast10-2025-12-02
2025-12-02, 12:35:00 p.m.,"Counter-Strike: Liquid vs Astralis (BO3)","Liquid",0.95,38466.607709,100,5.00,https://polymarket.com/event/cs2-tl1-ast10-2025-12-02
2025-12-02, 12:35:00 p.m.,"Counter-Strike: Liquid vs Astralis (BO3)","Liquid",0.95,38466.607709,100,5.00,https://polymarket.com/event/cs2-tl1-ast10-2025-12-02
2025-12-02, 12:35:00 p.m.,"Counter-Strike: Liquid vs Astralis (BO3)","Liquid",0.95,38466.607709,100,5.00,https://polymarket.com/event/cs2-tl1-ast10-2025-12-02
2025-12-02, 12:35:00 p.m.,"Counter-Strike: Liquid vs Astralis (BO3)","Liquid",0.95,38466.607709,100,5.00,https://polymarket.com/event/cs2-tl1-ast10-2025-12-02
2025-12-02, 12:36:34 p.m.,"Counter-Strike: Liquid vs Astralis (BO3)","Liquid",0.96,38466.607709,100,4.00,https://polymarket.com/event/cs2-tl1-ast10-2025-12-02
2025-12-02, 12:36:34 p.m.,"Counter-Strike: Liquid vs Astralis (BO3)","Liquid",0.96,38466.607709,100,4.00,https://polymarket.com/event/cs2-tl1-ast10-2025-12-02
2025-12-02, 12:36:34 p.m.,"Counter-Strike: Liquid vs Astralis (BO3)","Liquid",0.96,38466.607709,100,4.00,https://polymarket.com/event/cs2-tl1-ast10-2025-12-02
2025-12-02, 12:36:34 p.m.,"Counter-Strike: Liquid vs Astralis (BO3)","Liquid",0.96,38466.607709,100,4.00,https://polymarket.com/event/cs2-tl1-ast10-2025-12-02
2025-12-02, 12:36:34 p.m.,"Counter-Strike: Liquid vs Astralis (BO3)","Liquid",0.96,38466.607709,100,4.00,https://polymarket.com/event/cs2-tl1-ast10-2025-12-02
2025-12-02, 12:36:34 p.m.,"Counter-Strike: Liquid vs Astralis (BO3)","Liquid",0.96,38466.607709,100,4.00,https://polymarket.com/event/cs2-tl1-ast10-2025-12-02
2025-12-02, 12:37:07 p.m.,"Counter-Strike: Liquid vs Astralis (BO3)","Liquid",0.95,38466.607709,100,5.00,https://polymarket.com/event/cs2-tl1-ast10-2025-12-02
2025-12-02, 12:37:07 p.m.,"Counter-Strike: Liquid vs Astralis (BO3)","Liquid",0.95,38466.607709,100,5.00,https://polymarket.com/event/cs2-tl1-ast10-2025-12-02
2025-12-02, 12:37:07 p.m.,"Counter-Strike: Liquid vs Astralis (BO3)","Liquid",0.95,38466.607709,100,5.00,https://polymarket.com/event/cs2-tl1-ast10-2025-12-02
2025-12-02, 12:37:07 p.m.,"Counter-Strike: Liquid vs Astralis (BO3)","Liquid",0.95,38466.607709,100,5.00,https://polymarket.com/event/cs2-tl1-ast10-2025-12-02
2025-12-02, 12:37:07 p.m.,"Counter-Strike: Liquid vs Astralis (BO3)","Liquid",0.95,38466.607709,100,5.00,https://polymarket.com/event/cs2-tl1-ast10-2025-12-02
2025-12-02, 12:37:07 p.m.,"Counter-Strike: Liquid vs Astralis (BO3)","Liquid",0.95,38466.607709,100,5.00,https://polymarket.com/event/cs2-tl1-ast10-2025-12-02
2025-12-02, 12:38:08 p.m.,"Counter-Strike: Liquid vs Astralis (BO3)","Liquid",0.97,38466.607709,100,3.00,https://polymarket.com/event/cs2-tl1-ast10-2025-12-02
2025-12-02, 12:38:08 p.m.,"Counter-Strike: Liquid vs Astralis (BO3)","Liquid",0.97,38466.607709,100,3.00,https://polymarket.com/event/cs2-tl1-ast10-2025-12-02
2025-12-02, 12:38:08 p.m.,"Counter-Strike: Liquid vs Astralis (BO3)","Liquid",0.97,38466.607709,100,3.00,https://polymarket.com/event/cs2-tl1-ast10-2025-12-02
2025-12-02, 12:38:08 p.m.,"Counter-Strike: Liquid vs Astralis (BO3)","Liquid",0.97,38466.607709,100,3.00,https://polymarket.com/event/cs2-tl1-ast10-2025-12-02
2025-12-02, 12:38:08 p.m.,"Counter-Strike: Liquid vs Astralis (BO3)","Liquid",0.97,38466.607709,100,3.00,https://polymarket.com/event/cs2-tl1-ast10-2025-12-02
2025-12-02, 12:38:08 p.m.,"Counter-Strike: Liquid vs Astralis (BO3)","Liquid",0.97,38466.607709,100,3.00,https://polymarket.com/event/cs2-tl1-ast10-2025-12-02
2025-12-02, 12:41:11 p.m.,"Counter-Strike: Liquid vs Astralis (BO3)","Liquid",0.97,38466.607709,100,3.00,https://polymarket.com/event/cs2-tl1-ast10-2025-12-02
2025-12-02, 12:41:11 p.m.,"Counter-Strike: Liquid vs Astralis (BO3)","Liquid",0.97,38466.607709,100,3.00,https://polymarket.com/event/cs2-tl1-ast10-2025-12-02
2025-12-02, 12:41:11 p.m.,"Counter-Strike: Liquid vs Astralis (BO3)","Liquid",0.97,38466.607709,100,3.00,https://polymarket.com/event/cs2-tl1-ast10-2025-12-02
2025-12-02, 12:41:11 p.m.,"Counter-Strike: Liquid vs Astralis (BO3)","Liquid",0.97,38466.607709,100,3.00,https://polymarket.com/event/cs2-tl1-ast10-2025-12-02
2025-12-02, 12:41:11 p.m.,"Counter-Strike: Liquid vs Astralis (BO3)","Liquid",0.97,38466.607709,100,3.00,https://polymarket.com/event/cs2-tl1-ast10-2025-12-02
2025-12-02, 12:41:11 p.m.,"Counter-Strike: Liquid vs Astralis (BO3)","Liquid",0.97,38466.607709,100,3.00,https://polymarket.com/event/cs2-tl1-ast10-2025-12-02
2025-12-02, 12:42:36 p.m.,"Counter-Strike: Liquid vs Astralis (BO3)","Liquid",0.98,38466.607709,100,2.00,https://polymarket.com/event/cs2-tl1-ast10-2025-12-02
2025-12-02, 12:42:36 p.m.,"Counter-Strike: Liquid vs Astralis (BO3)","Liquid",0.98,38466.607709,100,2.00,https://polymarket.com/event/cs2-tl1-ast10-2025-12-02
2025-12-02, 12:42:36 p.m.,"Counter-Strike: Liquid vs Astralis (BO3)","Liquid",0.98,38466.607709,100,2.00,https://polymarket.com/event/cs2-tl1-ast10-2025-12-02
2025-12-02, 12:42:36 p.m.,"Counter-Strike: Liquid vs Astralis (BO3)","Liquid",0.98,38466.607709,100,2.00,https://polymarket.com/event/cs2-tl1-ast10-2025-12-02
2025-12-02, 12:42:36 p.m.,"Counter-Strike: Liquid vs Astralis (BO3)","Liquid",0.98,38466.607709,100,2.00,https://polymarket.com/event/cs2-tl1-ast10-2025-12-02
2025-12-02, 12:42:36 p.m.,"Counter-Strike: Liquid vs Astralis (BO3)","Liquid",0.98,38466.607709,100,2.00,https://polymarket.com/event/cs2-tl1-ast10-2025-12-02
2025-12-02, 12:43:21 p.m.,"Counter-Strike: Liquid vs Astralis (BO3)","Liquid",0.98,38466.607709,100,2.00,https://polymarket.com/event/cs2-tl1-ast10-2025-12-02
2025-12-02, 12:43:21 p.m.,"Counter-Strike: Liquid vs Astralis (BO3)","Liquid",0.98,38466.607709,100,2.00,https://polymarket.com/event/cs2-tl1-ast10-2025-12-02
2025-12-02, 12:43:21 p.m.,"Counter-Strike: Liquid vs Astralis (BO3)","Liquid",0.98,38466.607709,100,2.00,https://polymarket.com/event/cs2-tl1-ast10-2025-12-02
2025-12-02, 12:43:21 p.m.,"Counter-Strike: Liquid vs Astralis (BO3)","Liquid",0.98,38466.607709,100,2.00,https://polymarket.com/event/cs2-tl1-ast10-2025-12-02
2025-12-02, 12:43:21 p.m.,"Counter-Strike: Liquid vs Astralis (BO3)","Liquid",0.98,38466.607709,100,2.00,https://polymarket.com/event/cs2-tl1-ast10-2025-12-02
2025-12-02, 12:43:21 p.m.,"Counter-Strike: Liquid vs Astralis (BO3)","Liquid",0.98,38466.607709,100,2.00,https://polymarket.com/event/cs2-tl1-ast10-2025-12-02
2025-12-02, 12:44:19 p.m.,"Counter-Strike: Liquid vs Astralis (BO3)","Liquid",0.97,38466.607709,100,3.00,https://polymarket.com/event/cs2-tl1-ast10-2025-12-02
2025-12-02, 12:44:19 p.m.,"Counter-Strike: Liquid vs Astralis (BO3)","Liquid",0.97,38466.607709,100,3.00,https://polymarket.com/event/cs2-tl1-ast10-2025-12-02
2025-12-02, 12:44:19 p.m.,"Counter-Strike: Liquid vs Astralis (BO3)","Liquid",0.97,38466.607709,100,3.00,https://polymarket.com/event/cs2-tl1-ast10-2025-12-02
2025-12-02, 12:44:19 p.m.,"Counter-Strike: Liquid vs Astralis (BO3)","Liquid",0.97,38466.607709,100,3.00,https://polymarket.com/event/cs2-tl1-ast10-2025-12-02
2025-12-02, 12:44:19 p.m.,"Counter-Strike: Liquid vs Astralis (BO3)","Liquid",0.97,38466.607709,100,3.00,https://polymarket.com/event/cs2-tl1-ast10-2025-12-02
2025-12-02, 12:44:19 p.m.,"Counter-Strike: Liquid vs Astralis (BO3)","Liquid",0.97,38466.607709,100,3.00,https://polymarket.com/event/cs2-tl1-ast10-2025-12-02
2025-12-02, 12:45:36 p.m.,"Counter-Strike: Liquid vs Astralis (BO3)","Liquid",0.97,38466.607709,100,3.00,https://polymarket.com/event/cs2-tl1-ast10-2025-12-02
2025-12-02, 12:45:36 p.m.,"Counter-Strike: Liquid vs Astralis (BO3)","Liquid",0.97,38466.607709,100,3.00,https://polymarket.com/event/cs2-tl1-ast10-2025-12-02
2025-12-02, 12:45:36 p.m.,"Counter-Strike: Liquid vs Astralis (BO3)","Liquid",0.97,38466.607709,100,3.00,https://polymarket.com/event/cs2-tl1-ast10-2025-12-02
2025-12-02, 12:45:36 p.m.,"Counter-Strike: Liquid vs Astralis (BO3)","Liquid",0.97,38466.607709,100,3.00,https://polymarket.com/event/cs2-tl1-ast10-2025-12-02
2025-12-02, 12:45:36 p.m.,"Counter-Strike: Liquid vs Astralis (BO3)","Liquid",0.97,38466.607709,100,3.00,https://polymarket.com/event/cs2-tl1-ast10-2025-12-02
2025-12-02, 12:45:36 p.m.,"Counter-Strike: Liquid vs Astralis (BO3)","Liquid",0.97,38466.607709,100,3.00,https://polymarket.com/event/cs2-tl1-ast10-2025-12-02
2025-12-02, 12:46:21 p.m.,"Counter-Strike: Liquid vs Astralis (BO3)","Liquid",0.93,38466.607709,100,7.00,https://polymarket.com/event/cs2-tl1-ast10-2025-12-02
2025-12-02, 12:46:21 p.m.,"Counter-Strike: Liquid vs Astralis (BO3)","Liquid",0.93,38466.607709,100,7.00,https://polymarket.com/event/cs2-tl1-ast10-2025-12-02
2025-12-02, 12:46:21 p.m.,"Counter-Strike: Liquid vs Astralis (BO3)","Liquid",0.93,38466.607709,100,7.00,https://polymarket.com/event/cs2-tl1-ast10-2025-12-02
2025-12-02, 12:46:21 p.m.,"Counter-Strike: Liquid vs Astralis (BO3)","Liquid",0.93,38466.607709,100,7.00,https://polymarket.com/event/cs2-tl1-ast10-2025-12-02
2025-12-02, 12:46:21 p.m.,"Counter-Strike: Liquid vs Astralis (BO3)","Liquid",0.93,38466.607709,100,7.00,https://polymarket.com/event/cs2-tl1-ast10-2025-12-02
2025-12-02, 12:46:21 p.m.,"Counter-Strike: Liquid vs Astralis (BO3)","Liquid",0.93,38466.607709,100,7.00,https://polymarket.com/event/cs2-tl1-ast10-2025-12-02
2025-12-02, 12:47:13 p.m.,"Counter-Strike: Liquid vs Astralis (BO3)","Liquid",0.93,38466.607709,100,7.00,https://polymarket.com/event/cs2-tl1-ast10-2025-12-02
2025-12-02, 12:47:13 p.m.,"Counter-Strike: Liquid vs Astralis (BO3)","Liquid",0.93,38466.607709,100,7.00,https://polymarket.com/event/cs2-tl1-ast10-2025-12-02
2025-12-02, 12:47:13 p.m.,"Counter-Strike: Liquid vs Astralis (BO3)","Liquid",0.93,38466.607709,100,7.00,https://polymarket.com/event/cs2-tl1-ast10-2025-12-02
2025-12-02, 12:47:13 p.m.,"Counter-Strike: Liquid vs Astralis (BO3)","Liquid",0.93,38466.607709,100,7.00,https://polymarket.com/event/cs2-tl1-ast10-2025-12-02
2025-12-02, 12:47:13 p.m.,"Counter-Strike: Liquid vs Astralis (BO3)","Liquid",0.93,38466.607709,100,7.00,https://polymarket.com/event/cs2-tl1-ast10-2025-12-02
2025-12-02, 12:47:13 p.m.,"Counter-Strike: Liquid vs Astralis (BO3)","Liquid",0.93,38466.607709,100,7.00,https://polymarket.com/event/cs2-tl1-ast10-2025-12-02
2025-12-02, 12:48:50 p.m.,"Counter-Strike: Liquid vs Astralis (BO3)","Liquid",0.93,38466.607709,100,7.00,https://polymarket.com/event/cs2-tl1-ast10-2025-12-02
2025-12-02, 12:48:50 p.m.,"Counter-Strike: Liquid vs Astralis (BO3)","Liquid",0.93,38466.607709,100,7.00,https://polymarket.com/event/cs2-tl1-ast10-2025-12-02
2025-12-02, 12:48:50 p.m.,"Counter-Strike: Liquid vs Astralis (BO3)","Liquid",0.93,38466.607709,100,7.00,https://polymarket.com/event/cs2-tl1-ast10-2025-12-02
2025-12-02, 12:48:50 p.m.,"Counter-Strike: Liquid vs Astralis (BO3)","Liquid",0.93,38466.607709,100,7.00,https://polymarket.com/event/cs2-tl1-ast10-2025-12-02
2025-12-02, 12:48:50 p.m.,"Counter-Strike: Liquid vs Astralis (BO3)","Liquid",0.93,38466.607709,100,7.00,https://polymarket.com/event/cs2-tl1-ast10-2025-12-02
2025-12-02, 12:48:50 p.m.,"Counter-Strike: Liquid vs Astralis (BO3)","Liquid",0.93,38466.607709,100,7.00,https://polymarket.com/event/cs2-tl1-ast10-2025-12-02
2025-12-02, 12:49:03 p.m.,"Counter-Strike: Liquid vs Astralis (BO3)","Liquid",0.93,38466.607709,100,7.00,https://polymarket.com/event/cs2-tl1-ast10-2025-12-02
2025-12-02, 12:49:03 p.m.,"Counter-Strike: Liquid vs Astralis (BO3)","Liquid",0.93,38466.607709,100,7.00,https://polymarket.com/event/cs2-tl1-ast10-2025-12-02
2025-12-02, 12:49:03 p.m.,"Counter-Strike: Liquid vs Astralis (BO3)","Liquid",0.93,38466.607709,100,7.00,https://polymarket.com/event/cs2-tl1-ast10-2025-12-02
2025-12-02, 12:49:03 p.m.,"Counter-Strike: Liquid vs Astralis (BO3)","Liquid",0.93,38466.607709,100,7.00,https://polymarket.com/event/cs2-tl1-ast10-2025-12-02
2025-12-02, 12:49:03 p.m.,"Counter-Strike: Liquid vs Astralis (BO3)","Liquid",0.93,38466.607709,100,7.00,https://polymarket.com/event/cs2-tl1-ast10-2025-12-02
2025-12-02, 12:49:03 p.m.,"Counter-Strike: Liquid vs Astralis (BO3)","Liquid",0.93,38466.607709,100,7.00,https://polymarket.com/event/cs2-tl1-ast10-2025-12-02
2025-12-02, 1:37:34 p.m.,"Bitcoin price on December 3?","No",0.979,19204.523852,100,2.10,https://polymarket.com/event/bitcoin-price-on-december-3
2025-12-02, 1:37:34 p.m.,"Bitcoin price on December 3?","No",0.979,19204.523852,100,2.10,https://polymarket.com/event/bitcoin-price-on-december-3
2025-12-02, 1:37:34 p.m.,"Bitcoin price on December 3?","No",0.979,19204.523852,100,2.10,https://polymarket.com/event/bitcoin-price-on-december-3
2025-12-02, 1:48:15 p.m.,"Counter-Strike: Liquid vs Astralis (BO3)","Liquid",0.93,597051.736836,100,7.00,https://polymarket.com/event/cs2-tl1-ast10-2025-12-02
2025-12-02, 1:48:15 p.m.,"Counter-Strike: Liquid vs Astralis (BO3)","Liquid",0.93,597051.736836,100,7.00,https://polymarket.com/event/cs2-tl1-ast10-2025-12-02
2025-12-02, 1:48:15 p.m.,"Counter-Strike: Liquid vs Astralis (BO3)","Liquid",0.93,597051.736836,100,7.00,https://polymarket.com/event/cs2-tl1-ast10-2025-12-02
2025-12-02, 1:48:15 p.m.,"Counter-Strike: Liquid vs Astralis (BO3)","Liquid",0.93,597051.736836,100,7.00,https://polymarket.com/event/cs2-tl1-ast10-2025-12-02
2025-12-02, 1:48:15 p.m.,"Counter-Strike: Liquid vs Astralis (BO3)","Liquid",0.93,597051.736836,100,7.00,https://polymarket.com/event/cs2-tl1-ast10-2025-12-02
2025-12-02, 1:48:15 p.m.,"Counter-Strike: Liquid vs Astralis (BO3)","Liquid",0.93,597051.736836,100,7.00,https://polymarket.com/event/cs2-tl1-ast10-2025-12-02
2025-12-02, 1:48:15 p.m.,"Counter-Strike: Liquid vs Astralis (BO3)","Liquid",0.93,597051.736836,100,7.00,https://polymarket.com/event/cs2-tl1-ast10-2025-12-02
2025-12-02, 1:48:15 p.m.,"Counter-Strike: Liquid vs Astralis (BO3)","Liquid",0.93,597051.736836,100,7.00,https://polymarket.com/event/cs2-tl1-ast10-2025-12-02
2025-12-02, 1:48:15 p.m.,"Counter-Strike: Liquid vs Astralis (BO3)","Liquid",0.93,597051.736836,100,7.00,https://polymarket.com/event/cs2-tl1-ast10-2025-12-02
2025-12-02, 1:48:16 p.m.,"Counter-Strike: Liquid vs Astralis (BO3)","Liquid",0.93,597051.736836,100,7.00,https://polymarket.com/event/cs2-tl1-ast10-2025-12-02
2025-12-02, 1:48:16 p.m.,"Counter-Strike: Liquid vs Astralis (BO3)","Liquid",0.93,597051.736836,100,7.00,https://polymarket.com/event/cs2-tl1-ast10-2025-12-02
2025-12-02, 1:48:16 p.m.,"Counter-Strike: Liquid vs Astralis (BO3)","Liquid",0.93,597051.736836,100,7.00,https://polymarket.com/event/cs2-tl1-ast10-2025-12-02
2025-12-02, 1:48:16 p.m.,"Counter-Strike: Liquid vs Astralis (BO3)","Liquid",0.93,597051.736836,100,7.00,https://polymarket.com/event/cs2-tl1-ast10-2025-12-02
2025-12-02, 1:48:16 p.m.,"Counter-Strike: Liquid vs Astralis (BO3)","Liquid",0.93,597051.736836,100,7.00,https://polymarket.com/event/cs2-tl1-ast10-2025-12-02
2025-12-02, 1:48:16 p.m.,"Counter-Strike: Liquid vs Astralis (BO3)","Liquid",0.93,597051.736836,100,7.00,https://polymarket.com/event/cs2-tl1-ast10-2025-12-02
2025-12-02, 1:48:16 p.m.,"Counter-Strike: Liquid vs Astralis (BO3)","Liquid",0.93,597051.736836,100,7.00,https://polymarket.com/event/cs2-tl1-ast10-2025-12-02
2025-12-02, 1:48:16 p.m.,"Counter-Strike: Liquid vs Astralis (BO3)","Liquid",0.93,597051.736836,100,7.00,https://polymarket.com/event/cs2-tl1-ast10-2025-12-02
2025-12-02, 1:48:16 p.m.,"Counter-Strike: Liquid vs Astralis (BO3)","Liquid",0.93,597051.736836,100,7.00,https://polymarket.com/event/cs2-tl1-ast10-2025-12-02
2025-12-02, 1:48:16 p.m.,"Counter-Strike: Liquid vs Astralis (BO3)","Liquid",0.93,597051.736836,100,7.00,https://polymarket.com/event/cs2-tl1-ast10-2025-12-02
2025-12-02, 1:48:16 p.m.,"Counter-Strike: Liquid vs Astralis (BO3)","Liquid",0.93,597051.736836,100,7.00,https://polymarket.com/event/cs2-tl1-ast10-2025-12-02
2025-12-02, 1:48:16 p.m.,"Counter-Strike: Liquid vs Astralis (BO3)","Liquid",0.93,597051.736836,100,7.00,https://polymarket.com/event/cs2-tl1-ast10-2025-12-02
2025-12-02, 1:48:16 p.m.,"Counter-Strike: Liquid vs Astralis (BO3)","Liquid",0.93,597051.736836,100,7.00,https://polymarket.com/event/cs2-tl1-ast10-2025-12-02
2025-12-02, 1:48:16 p.m.,"Counter-Strike: Liquid vs Astralis (BO3)","Liquid",0.93,597051.736836,100,7.00,https://polymarket.com/event/cs2-tl1-ast10-2025-12-02
2025-12-02, 1:48:16 p.m.,"Counter-Strike: Liquid vs Astralis (BO3)","Liquid",0.93,597051.736836,100,7.00,https://polymarket.com/event/cs2-tl1-ast10-2025-12-02
2025-12-02, 1:48:16 p.m.,"Counter-Strike: Liquid vs Astralis (BO3)","Liquid",0.93,597051.736836,100,7.00,https://polymarket.com/event/cs2-tl1-ast10-2025-12-02
2025-12-02, 1:49:00 p.m.,"Counter-Strike: Liquid vs Astralis (BO3)","Liquid",0.94,597051.736836,100,6.00,https://polymarket.com/event/cs2-tl1-ast10-2025-12-02
2025-12-02, 1:49:00 p.m.,"Counter-Strike: Liquid vs Astralis (BO3)","Liquid",0.94,597051.736836,100,6.00,https://polymarket.com/event/cs2-tl1-ast10-2025-12-02
2025-12-02, 1:49:00 p.m.,"Counter-Strike: Liquid vs Astralis (BO3)","Liquid",0.94,597051.736836,100,6.00,https://polymarket.com/event/cs2-tl1-ast10-2025-12-02
2025-12-02, 1:49:00 p.m.,"Counter-Strike: Liquid vs Astralis (BO3)","Liquid",0.94,597051.736836,100,6.00,https://polymarket.com/event/cs2-tl1-ast10-2025-12-02
2025-12-02, 1:49:00 p.m.,"Counter-Strike: Liquid vs Astralis (BO3)","Liquid",0.94,597051.736836,100,6.00,https://polymarket.com/event/cs2-tl1-ast10-2025-12-02
2025-12-02, 1:49:00 p.m.,"Counter-Strike: Liquid vs Astralis (BO3)","Liquid",0.94,597051.736836,100,6.00,https://polymarket.com/event/cs2-tl1-ast10-2025-12-02
2025-12-02, 1:49:00 p.m.,"Counter-Strike: Liquid vs Astralis (BO3)","Liquid",0.94,597051.736836,100,6.00,https://polymarket.com/event/cs2-tl1-ast10-2025-12-02
2025-12-02, 1:49:00 p.m.,"Counter-Strike: Liquid vs Astralis (BO3)","Liquid",0.94,597051.736836,100,6.00,https://polymarket.com/event/cs2-tl1-ast10-2025-12-02
2025-12-02, 1:49:00 p.m.,"Counter-Strike: Liquid vs Astralis (BO3)","Liquid",0.94,597051.736836,100,6.00,https://polymarket.com/event/cs2-tl1-ast10-2025-12-02
2025-12-02, 1:49:00 p.m.,"Counter-Strike: Liquid vs Astralis (BO3)","Liquid",0.94,597051.736836,100,6.00,https://polymarket.com/event/cs2-tl1-ast10-2025-12-02
2025-12-02, 1:49:00 p.m.,"Counter-Strike: Liquid vs Astralis (BO3)","Liquid",0.94,597051.736836,100,6.00,https://polymarket.com/event/cs2-tl1-ast10-2025-12-02
2025-12-02, 1:49:00 p.m.,"Counter-Strike: Liquid vs Astralis (BO3)","Liquid",0.94,597051.736836,100,6.00,https://polymarket.com/event/cs2-tl1-ast10-2025-12-02
2025-12-02, 1:49:00 p.m.,"Counter-Strike: Liquid vs Astralis (BO3)","Liquid",0.94,597051.736836,100,6.00,https://polymarket.com/event/cs2-tl1-ast10-2025-12-02
2025-12-02, 1:49:00 p.m.,"Counter-Strike: Liquid vs Astralis (BO3)","Liquid",0.94,597051.736836,100,6.00,https://polymarket.com/event/cs2-tl1-ast10-2025-12-02
2025-12-02, 1:49:00 p.m.,"Counter-Strike: Liquid vs Astralis (BO3)","Liquid",0.94,597051.736836,100,6.00,https://polymarket.com/event/cs2-tl1-ast10-2025-12-02
2025-12-02, 1:49:00 p.m.,"Counter-Strike: Liquid vs Astralis (BO3)","Liquid",0.94,597051.736836,100,6.00,https://polymarket.com/event/cs2-tl1-ast10-2025-12-02
2025-12-02, 1:49:00 p.m.,"Counter-Strike: Liquid vs Astralis (BO3)","Liquid",0.94,597051.736836,100,6.00,https://polymarket.com/event/cs2-tl1-ast10-2025-12-02
2025-12-02, 1:49:00 p.m.,"Counter-Strike: Liquid vs Astralis (BO3)","Liquid",0.94,597051.736836,100,6.00,https://polymarket.com/event/cs2-tl1-ast10-2025-12-02
2025-12-02, 1:49:00 p.m.,"Counter-Strike: Liquid vs Astralis (BO3)","Liquid",0.94,597051.736836,100,6.00,https://polymarket.com/event/cs2-tl1-ast10-2025-12-02
2025-12-02, 1:49:00 p.m.,"Counter-Strike: Liquid vs Astralis (BO3)","Liquid",0.94,597051.736836,100,6.00,https://polymarket.com/event/cs2-tl1-ast10-2025-12-02
2025-12-02, 1:49:00 p.m.,"Counter-Strike: Liquid vs Astralis (BO3)","Liquid",0.94,597051.736836,100,6.00,https://polymarket.com/event/cs2-tl1-ast10-2025-12-02
2025-12-02, 1:49:00 p.m.,"Counter-Strike: Liquid vs Astralis (BO3)","Liquid",0.94,597051.736836,100,6.00,https://polymarket.com/event/cs2-tl1-ast10-2025-12-02
2025-12-02, 1:49:00 p.m.,"Counter-Strike: Liquid vs Astralis (BO3)","Liquid",0.94,597051.736836,100,6.00,https://polymarket.com/event/cs2-tl1-ast10-2025-12-02
2025-12-02, 1:50:05 p.m.,"Counter-Strike: Liquid vs Astralis (BO3)","Liquid",0.98,597051.736836,100,2.00,https://polymarket.com/event/cs2-tl1-ast10-2025-12-02
2025-12-02, 1:50:05 p.m.,"Counter-Strike: Liquid vs Astralis (BO3)","Liquid",0.98,597051.736836,100,2.00,https://polymarket.com/event/cs2-tl1-ast10-2025-12-02
2025-12-02, 1:50:05 p.m.,"Counter-Strike: Liquid vs Astralis (BO3)","Liquid",0.98,597051.736836,100,2.00,https://polymarket.com/event/cs2-tl1-ast10-2025-12-02
2025-12-02, 1:50:05 p.m.,"Counter-Strike: Liquid vs Astralis (BO3)","Liquid",0.98,597051.736836,100,2.00,https://polymarket.com/event/cs2-tl1-ast10-2025-12-02
2025-12-02, 1:50:06 p.m.,"Counter-Strike: Liquid vs Astralis (BO3)","Liquid",0.98,597051.736836,100,2.00,https://polymarket.com/event/cs2-tl1-ast10-2025-12-02
2025-12-02, 1:50:06 p.m.,"Counter-Strike: Liquid vs Astralis (BO3)","Liquid",0.98,597051.736836,100,2.00,https://polymarket.com/event/cs2-tl1-ast10-2025-12-02
2025-12-02, 1:50:06 p.m.,"Counter-Strike: Liquid vs Astralis (BO3)","Liquid",0.98,597051.736836,100,2.00,https://polymarket.com/event/cs2-tl1-ast10-2025-12-02
2025-12-02, 1:50:06 p.m.,"Counter-Strike: Liquid vs Astralis (BO3)","Liquid",0.98,597051.736836,100,2.00,https://polymarket.com/event/cs2-tl1-ast10-2025-12-02
2025-12-02, 1:50:06 p.m.,"Counter-Strike: Liquid vs Astralis (BO3)","Liquid",0.98,597051.736836,100,2.00,https://polymarket.com/event/cs2-tl1-ast10-2025-12-02
2025-12-02, 1:50:06 p.m.,"Counter-Strike: Liquid vs Astralis (BO3)","Liquid",0.98,597051.736836,100,2.00,https://polymarket.com/event/cs2-tl1-ast10-2025-12-02
2025-12-02, 1:50:06 p.m.,"Counter-Strike: Liquid vs Astralis (BO3)","Liquid",0.98,597051.736836,100,2.00,https://polymarket.com/event/cs2-tl1-ast10-2025-12-02
2025-12-02, 1:50:06 p.m.,"Counter-Strike: Liquid vs Astralis (BO3)","Liquid",0.98,597051.736836,100,2.00,https://polymarket.com/event/cs2-tl1-ast10-2025-12-02
2025-12-02, 1:50:06 p.m.,"Counter-Strike: Liquid vs Astralis (BO3)","Liquid",0.98,597051.736836,100,2.00,https://polymarket.com/event/cs2-tl1-ast10-2025-12-02
2025-12-02, 1:50:06 p.m.,"Counter-Strike: Liquid vs Astralis (BO3)","Liquid",0.98,597051.736836,100,2.00,https://polymarket.com/event/cs2-tl1-ast10-2025-12-02
2025-12-02, 1:50:06 p.m.,"Counter-Strike: Liquid vs Astralis (BO3)","Liquid",0.98,597051.736836,100,2.00,https://polymarket.com/event/cs2-tl1-ast10-2025-12-02
2025-12-02, 1:50:06 p.m.,"Counter-Strike: Liquid vs Astralis (BO3)","Liquid",0.98,597051.736836,100,2.00,https://polymarket.com/event/cs2-tl1-ast10-2025-12-02
2025-12-02, 1:50:06 p.m.,"Counter-Strike: Liquid vs Astralis (BO3)","Liquid",0.98,597051.736836,100,2.00,https://polymarket.com/event/cs2-tl1-ast10-2025-12-02
2025-12-02, 1:50:06 p.m.,"Counter-Strike: Liquid vs Astralis (BO3)","Liquid",0.98,597051.736836,100,2.00,https://polymarket.com/event/cs2-tl1-ast10-2025-12-02
2025-12-02, 1:50:06 p.m.,"Counter-Strike: Liquid vs Astralis (BO3)","Liquid",0.98,597051.736836,100,2.00,https://polymarket.com/event/cs2-tl1-ast10-2025-12-02
2025-12-02, 1:50:06 p.m.,"Counter-Strike: Liquid vs Astralis (BO3)","Liquid",0.98,597051.736836,100,2.00,https://polymarket.com/event/cs2-tl1-ast10-2025-12-02
2025-12-02, 1:50:06 p.m.,"Counter-Strike: Liquid vs Astralis (BO3)","Liquid",0.98,597051.736836,100,2.00,https://polymarket.com/event/cs2-tl1-ast10-2025-12-02
2025-12-02, 1:50:06 p.m.,"Counter-Strike: Liquid vs Astralis (BO3)","Liquid",0.98,597051.736836,100,2.00,https://polymarket.com/event/cs2-tl1-ast10-2025-12-02
2025-12-02, 1:50:06 p.m.,"Counter-Strike: Liquid vs Astralis (BO3)","Liquid",0.98,597051.736836,100,2.00,https://polymarket.com/event/cs2-tl1-ast10-2025-12-02
2025-12-02, 1:50:06 p.m.,"Counter-Strike: Liquid vs Astralis (BO3)","Liquid",0.98,597051.736836,100,2.00,https://polymarket.com/event/cs2-tl1-ast10-2025-12-02
2025-12-02, 1:50:06 p.m.,"Counter-Strike: Liquid vs Astralis (BO3)","Liquid",0.98,597051.736836,100,2.00,https://polymarket.com/event/cs2-tl1-ast10-2025-12-02
2025-12-02, 1:50:17 p.m.,"Counter-Strike: Liquid vs Astralis (BO3)","Liquid",0.95,73018.855898,100,5.00,https://polymarket.com/event/cs2-tl1-ast10-2025-12-02
2025-12-02, 1:50:17 p.m.,"Counter-Strike: Liquid vs Astralis (BO3)","Liquid",0.95,73018.855898,100,5.00,https://polymarket.com/event/cs2-tl1-ast10-2025-12-02
2025-12-02, 1:50:17 p.m.,"Counter-Strike: Liquid vs Astralis (BO3)","Liquid",0.95,73018.855898,100,5.00,https://polymarket.com/event/cs2-tl1-ast10-2025-12-02
2025-12-02, 1:50:17 p.m.,"Counter-Strike: Liquid vs Astralis (BO3)","Liquid",0.95,73018.855898,100,5.00,https://polymarket.com/event/cs2-tl1-ast10-2025-12-02
2025-12-02, 1:50:17 p.m.,"Counter-Strike: Liquid vs Astralis (BO3)","Liquid",0.95,73018.855898,100,5.00,https://polymarket.com/event/cs2-tl1-ast10-2025-12-02
2025-12-02, 1:50:17 p.m.,"Counter-Strike: Liquid vs Astralis (BO3)","Liquid",0.95,73018.855898,100,5.00,https://polymarket.com/event/cs2-tl1-ast10-2025-12-02
2025-12-02, 1:50:17 p.m.,"Counter-Strike: Liquid vs Astralis (BO3)","Liquid",0.95,73018.855898,100,5.00,https://polymarket.com/event/cs2-tl1-ast10-2025-12-02
2025-12-02, 1:50:17 p.m.,"Counter-Strike: Liquid vs Astralis (BO3)","Liquid",0.95,73018.855898,100,5.00,https://polymarket.com/event/cs2-tl1-ast10-2025-12-02
2025-12-02, 1:50:59 p.m.,"Counter-Strike: Liquid vs Astralis (BO3)","Under",0.97,22996.232575,100,3.00,https://polymarket.com/event/cs2-tl1-ast10-2025-12-02
2025-12-02, 1:50:59 p.m.,"Counter-Strike: Liquid vs Astralis (BO3)","Under",0.97,22996.232575,100,3.00,https://polymarket.com/event/cs2-tl1-ast10-2025-12-02
2025-12-02, 1:50:59 p.m.,"Counter-Strike: Liquid vs Astralis (BO3)","Under",0.97,22996.232575,100,3.00,https://polymarket.com/event/cs2-tl1-ast10-2025-12-02
